transaction_id,event_minute,customer_id,amount,hour,merchant_risk,country_risk,device_age_days,distance_km,previous_declines,account_age_days,velocity_1h,is_foreign,card_present,amount_to_avg,log_amount_to_avg,log_distance_km,is_night,new_device,is_fraud
1.0,0.0,269.0,423.82,7.0,0.08043,0.12911,0.26,3.89,0.0,659.0,2.0,0.0,1.0,4.45599,1.69671,1.58665,0.0,1.0,0
2.0,1.0,49.0,11.28,18.0,0.1532,0.06847,135.94,13.43,0.0,980.0,3.0,0.0,1.0,0.6553,0.50398,2.66964,0.0,0.0,0
3.0,2.0,405.0,185.88,21.0,0.40619,0.12624,1.25,32.36,1.0,1562.0,1.0,0.0,1.0,2.60924,1.2835,3.50726,0.0,1.0,1
4.0,3.0,3.0,96.43,19.0,0.37992,0.12819,676.01,52.52,0.0,817.0,0.0,1.0,1.0,1.74261,1.00891,3.9801,0.0,0.0,0
5.0,4.0,87.0,132.21,6.0,0.33093,0.2234,145.71,5.68,1.0,1015.0,2.0,0.0,0.0,1.15492,0.76775,1.89882,0.0,0.0,0
6.0,5.0,356.0,47.31,14.0,0.12612,0.36811,410.23,17.94,0.0,413.0,1.0,0.0,1.0,1.28172,0.82493,2.94132,0.0,0.0,0
7.0,6.0,355.0,107.67,12.0,0.0334,0.30967,159.76,31.28,1.0,210.0,2.0,0.0,1.0,1.37526,0.86511,3.47447,0.0,0.0,0
8.0,7.0,238.0,23.95,16.0,0.3476,0.04062,408.73,17.26,1.0,1643.0,1.0,0.0,1.0,0.94894,0.66729,2.90487,0.0,0.0,0
9.0,8.0,125.0,158.17,13.0,0.30262,0.45267,358.07,39.9,0.0,520.0,0.0,0.0,0.0,2.36243,1.21266,3.71114,0.0,0.0,0
10.0,9.0,101.0,147.7,12.0,0.14954,0.18687,79.24,2.04,0.0,167.0,1.0,0.0,1.0,3.73614,1.55522,1.1107,0.0,0.0,0
11.0,10.0,215.0,39.9,14.0,0.29807,0.06482,204.57,23.01,1.0,1529.0,3.0,0.0,0.0,0.97666,0.68141,3.17864,0.0,0.0,0
12.0,11.0,400.0,73.26,12.0,0.38482,0.02344,444.8,2.91,2.0,783.0,0.0,0.0,1.0,1.81527,1.03506,1.36305,0.0,0.0,0
13.0,12.0,61.0,21.92,16.0,0.12987,0.37168,828.33,185.45,0.0,1496.0,3.0,1.0,1.0,0.4324,0.35935,5.22815,0.0,0.0,0
14.0,13.0,142.0,121.62,18.0,0.13032,0.34463,318.98,69.72,0.0,1675.0,1.0,0.0,1.0,0.82421,0.60115,4.2587,0.0,0.0,0
15.0,14.0,235.0,798.59,14.0,0.27154,0.19104,441.14,44.35,3.0,1659.0,3.0,1.0,0.0,20.92123,3.08746,3.8143,0.0,0.0,1
16.0,15.0,27.0,236.85,11.0,0.2344,0.19532,158.91,35.79,1.0,1949.0,2.0,1.0,0.0,4.13043,1.63519,3.60534,0.0,0.0,1
17.0,16.0,333.0,117.18,7.0,0.14223,0.27805,77.09,27.01,0.0,489.0,2.0,0.0,1.0,1.54978,0.93601,3.33271,0.0,0.0,0
18.0,17.0,331.0,56.12,4.0,0.57303,0.15235,0.61,32.81,0.0,212.0,3.0,0.0,0.0,1.14236,0.76191,3.5208,1.0,1.0,1
19.0,18.0,257.0,204.86,16.0,0.19149,0.03154,4.73,16.67,1.0,2159.0,2.0,0.0,0.0,1.29217,0.8295,2.87207,0.0,1.0,1
20.0,19.0,255.0,1214.83,20.0,0.21198,0.05067,393.58,14.39,0.0,1608.0,1.0,0.0,1.0,11.26059,2.50639,2.73357,0.0,0.0,0
21.0,20.0,53.0,27.48,18.0,0.59363,0.32065,2.93,23.7,0.0,2169.0,2.0,0.0,0.0,0.27854,0.24572,3.20698,0.0,1.0,0
22.0,21.0,150.0,20.87,13.0,0.17833,0.21214,107.79,12.83,1.0,467.0,4.0,0.0,1.0,0.35577,0.30437,2.62708,0.0,0.0,0
23.0,22.0,31.0,7.9,20.0,0.23692,0.30367,13.92,10.58,0.0,940.0,3.0,0.0,1.0,0.5252,0.42213,2.44911,0.0,0.0,0
24.0,23.0,232.0,33.77,10.0,0.24107,0.60563,453.94,5.4,0.0,532.0,3.0,0.0,1.0,0.6171,0.48064,1.85697,0.0,0.0,0
25.0,24.0,72.0,28.81,6.0,0.08781,0.10923,6.48,87.07,1.0,513.0,1.0,1.0,0.0,0.34834,0.29887,4.47809,0.0,1.0,0
26.0,25.0,182.0,98.46,8.0,0.1062,0.08104,323.31,9.5,0.0,1976.0,4.0,0.0,1.0,1.09019,0.73725,2.35151,0.0,0.0,0
27.0,26.0,113.0,333.99,3.0,0.50607,0.08959,343.94,6.63,0.0,1906.0,5.0,0.0,0.0,3.45904,1.49493,2.03223,1.0,0.0,0
28.0,27.0,73.0,36.86,13.0,0.06772,0.15726,324.62,42.36,0.0,1339.0,3.0,0.0,1.0,0.65437,0.50342,3.76956,0.0,0.0,0
29.0,28.0,203.0,36.34,14.0,0.19798,0.12254,74.83,27.72,0.0,1953.0,2.0,0.0,1.0,0.58935,0.46332,3.35757,0.0,0.0,0
30.0,29.0,163.0,139.23,19.0,0.42385,0.10344,144.24,2.98,0.0,2188.0,1.0,0.0,0.0,4.55331,1.71439,1.38105,0.0,0.0,0
31.0,30.0,86.0,216.07,18.0,0.24264,0.12771,682.28,200.4,0.0,1829.0,2.0,1.0,1.0,1.83255,1.04118,5.3053,0.0,0.0,0
32.0,31.0,85.0,60.03,14.0,0.26979,0.10355,215.31,125.4,0.0,1815.0,2.0,1.0,1.0,2.50886,1.25529,4.83948,0.0,0.0,0
33.0,32.0,242.0,91.33,12.0,0.33085,0.13981,774.17,18.97,1.0,311.0,3.0,0.0,1.0,2.55211,1.26754,2.99402,0.0,0.0,0
34.0,33.0,41.0,16.71,11.0,0.27351,0.04679,289.78,18.04,0.0,1555.0,2.0,0.0,1.0,0.34163,0.29388,2.94659,0.0,0.0,0
35.0,34.0,359.0,46.47,14.0,0.29067,0.10303,363.78,22.05,1.0,1172.0,2.0,0.0,1.0,0.5661,0.44859,3.13774,0.0,0.0,0
36.0,35.0,122.0,55.91,4.0,0.27844,0.36101,831.79,11.36,0.0,1135.0,2.0,0.0,1.0,3.78948,1.56642,2.51416,1.0,0.0,0
37.0,36.0,29.0,9.8,13.0,0.10882,0.32088,36.55,15.09,0.0,498.0,1.0,0.0,1.0,0.2056,0.18698,2.77828,0.0,0.0,0
38.0,37.0,353.0,62.06,5.0,0.61239,0.05549,192.26,10.97,2.0,1053.0,2.0,0.0,0.0,1.53408,0.92983,2.48219,1.0,0.0,1
39.0,38.0,267.0,477.65,17.0,0.20838,0.27561,136.64,312.76,2.0,820.0,3.0,1.0,0.0,3.50358,1.50487,5.74864,0.0,0.0,0
40.0,39.0,133.0,39.46,18.0,0.19627,0.24596,526.38,16.87,1.0,1183.0,2.0,0.0,1.0,0.74279,0.55549,2.88314,0.0,0.0,0
41.0,40.0,158.0,55.15,12.0,0.45271,0.2003,777.71,4.09,3.0,1685.0,3.0,0.0,1.0,1.60756,0.95842,1.62632,0.0,0.0,1
42.0,41.0,232.0,22.57,9.0,0.38161,0.13458,619.23,4.27,0.0,532.0,2.0,0.0,1.0,0.41249,0.34536,1.66255,0.0,0.0,0
43.0,42.0,86.0,170.68,4.0,0.05277,0.13884,865.35,2.29,0.0,1829.0,1.0,0.0,1.0,1.44764,0.89512,1.19135,1.0,0.0,0
44.0,43.0,193.0,8.94,18.0,0.32017,0.48272,172.9,22.62,1.0,137.0,3.0,0.0,1.0,1.11752,0.75025,3.16191,0.0,0.0,0
45.0,44.0,61.0,135.63,9.0,0.40056,0.43549,724.12,208.22,2.0,1496.0,2.0,1.0,1.0,2.67591,1.3018,5.34339,0.0,0.0,1
46.0,45.0,90.0,74.61,18.0,0.51502,0.05063,415.46,11.25,0.0,879.0,1.0,0.0,1.0,1.58227,0.94867,2.50552,0.0,0.0,0
47.0,46.0,86.0,105.11,6.0,0.15085,0.06213,561.41,18.64,1.0,1829.0,2.0,0.0,0.0,0.89149,0.63737,2.97751,0.0,0.0,0
48.0,47.0,339.0,32.53,15.0,0.21495,0.35956,556.17,3.84,0.0,1709.0,2.0,0.0,1.0,0.92752,0.65623,1.57777,0.0,0.0,0
49.0,48.0,228.0,13.74,16.0,0.24587,0.25152,55.6,10.05,2.0,1813.0,2.0,0.0,1.0,0.27895,0.24604,2.40217,0.0,0.0,0
50.0,49.0,367.0,118.46,12.0,0.06785,0.28053,89.85,23.87,0.0,1754.0,0.0,0.0,0.0,1.66034,0.97846,3.21382,0.0,0.0,0
51.0,50.0,388.0,83.16,11.0,0.31574,0.29689,13.1,12.14,0.0,1720.0,2.0,0.0,1.0,1.13946,0.76055,2.57553,0.0,0.0,0
52.0,51.0,141.0,32.34,11.0,0.16798,0.15475,360.54,54.24,2.0,1788.0,2.0,0.0,1.0,0.64289,0.49646,4.01166,0.0,0.0,0
53.0,52.0,299.0,65.46,14.0,0.27205,0.05699,586.48,31.71,0.0,1821.0,1.0,1.0,1.0,1.30061,0.83318,3.48758,0.0,0.0,0
54.0,53.0,346.0,318.54,16.0,0.50247,0.39857,133.79,6.26,3.0,2186.0,8.0,0.0,1.0,2.25683,1.18075,1.98304,0.0,0.0,0
55.0,54.0,194.0,226.42,3.0,0.24773,0.01,373.95,18.24,1.0,1488.0,4.0,0.0,1.0,14.75991,2.75747,2.95716,1.0,0.0,0
56.0,55.0,244.0,93.35,22.0,0.80781,0.12085,327.6,19.01,0.0,1923.0,5.0,0.0,0.0,2.44733,1.2376,2.99644,0.0,0.0,1
57.0,56.0,396.0,14.23,13.0,0.22681,0.02595,220.49,14.17,0.0,1942.0,0.0,0.0,0.0,0.45346,0.37394,2.71958,0.0,0.0,0
58.0,57.0,222.0,39.74,10.0,0.58241,0.04877,319.33,4.59,0.0,741.0,4.0,0.0,1.0,0.43762,0.36299,1.72092,0.0,0.0,0
59.0,58.0,408.0,90.4,18.0,0.68575,0.18171,62.09,13.56,1.0,1713.0,2.0,0.0,0.0,1.42481,0.88575,2.67815,0.0,0.0,0
60.0,59.0,331.0,101.37,13.0,0.29091,0.23282,1.87,21.05,0.0,212.0,4.0,1.0,0.0,2.06356,1.11958,3.0931,0.0,1.0,1
61.0,60.0,185.0,22.51,6.0,0.40466,0.12962,119.73,8.07,0.0,1619.0,1.0,0.0,0.0,0.38145,0.32314,2.20478,0.0,0.0,0
62.0,61.0,277.0,147.09,12.0,0.52832,0.30048,242.47,26.27,0.0,198.0,2.0,0.0,1.0,3.75016,1.55818,3.30586,0.0,0.0,0
63.0,62.0,113.0,118.48,16.0,0.19507,0.18232,508.03,7.24,0.0,1906.0,2.0,0.0,1.0,1.227,0.80066,2.10886,0.0,0.0,0
64.0,63.0,115.0,28.53,13.0,0.1947,0.30085,472.7,73.05,1.0,1148.0,2.0,1.0,0.0,0.64517,0.49785,4.30469,0.0,0.0,0
65.0,64.0,12.0,23.76,9.0,0.1618,0.04851,220.14,40.56,0.0,1896.0,1.0,0.0,1.0,0.4108,0.34415,3.72715,0.0,0.0,0
66.0,65.0,233.0,75.27,14.0,0.06263,0.23316,933.23,20.57,0.0,1453.0,0.0,0.0,1.0,2.70683,1.31018,3.07121,0.0,0.0,0
67.0,66.0,23.0,26.61,15.0,0.22882,0.05702,372.6,12.67,0.0,2053.0,0.0,0.0,1.0,0.2739,0.24208,2.61513,0.0,0.0,0
68.0,67.0,55.0,73.19,7.0,0.22247,0.08875,639.61,71.69,0.0,1157.0,1.0,0.0,0.0,0.9662,0.6761,4.2862,0.0,0.0,0
69.0,68.0,229.0,38.01,16.0,0.18331,0.08074,5.46,3.99,1.0,1763.0,3.0,0.0,1.0,0.5014,0.4064,1.60693,0.0,1.0,0
70.0,69.0,266.0,451.36,9.0,0.04052,0.03357,574.29,15.05,0.0,1157.0,2.0,0.0,1.0,3.00851,1.38842,2.77577,0.0,0.0,0
71.0,70.0,295.0,39.65,1.0,0.10917,0.09772,611.74,11.51,0.0,237.0,1.0,0.0,0.0,0.57474,0.45409,2.52654,1.0,0.0,0
72.0,71.0,360.0,18.74,8.0,0.17335,0.03501,686.06,29.4,0.0,2194.0,2.0,0.0,0.0,0.99846,0.69238,3.41447,0.0,0.0,0
73.0,72.0,392.0,95.84,17.0,0.10932,0.2629,913.61,11.04,0.0,1316.0,2.0,0.0,1.0,1.42541,0.886,2.48814,0.0,0.0,1
74.0,73.0,346.0,42.74,8.0,0.2674,0.18277,271.2,4.69,0.0,2186.0,2.0,0.0,1.0,0.30281,0.26452,1.73807,0.0,0.0,0
75.0,74.0,222.0,58.29,17.0,0.09324,0.01,277.39,0.88,0.0,741.0,1.0,0.0,1.0,0.64188,0.49584,0.62896,0.0,0.0,0
76.0,75.0,185.0,48.02,13.0,0.636,0.17527,439.84,5.66,1.0,1619.0,1.0,0.0,1.0,0.81392,0.59549,1.89626,0.0,0.0,0
77.0,76.0,150.0,17.71,15.0,0.18698,0.23645,131.88,2.03,0.0,467.0,1.0,0.0,1.0,0.30189,0.26382,1.107,0.0,0.0,0
78.0,77.0,118.0,90.41,9.0,0.26552,0.01,182.52,13.42,1.0,73.0,2.0,0.0,0.0,1.07133,0.72819,2.66844,0.0,0.0,0
79.0,78.0,178.0,179.86,12.0,0.17421,0.25018,667.47,2.66,0.0,563.0,4.0,0.0,0.0,0.96006,0.67298,1.29851,0.0,0.0,0
80.0,79.0,41.0,28.16,12.0,0.07367,0.20342,0.54,12.92,0.0,1555.0,1.0,0.0,0.0,0.57568,0.45469,2.63317,0.0,1.0,0
81.0,80.0,138.0,66.49,6.0,0.31083,0.37511,6.83,240.2,1.0,1772.0,2.0,1.0,1.0,1.43684,0.8907,5.48561,0.0,1.0,0
82.0,81.0,102.0,43.7,12.0,0.36447,0.19745,80.41,30.32,1.0,471.0,2.0,0.0,1.0,1.23804,0.8056,3.44414,0.0,0.0,0
83.0,82.0,191.0,15.66,16.0,0.11907,0.03275,661.69,164.72,0.0,1719.0,3.0,1.0,1.0,0.59898,0.46936,5.1103,0.0,0.0,0
84.0,83.0,166.0,46.13,15.0,0.30753,0.07399,514.69,5.14,0.0,414.0,2.0,0.0,1.0,0.3146,0.27353,1.81512,0.0,0.0,0
85.0,84.0,268.0,277.26,15.0,0.07757,0.08217,572.37,10.31,1.0,423.0,1.0,0.0,1.0,5.21771,1.8274,2.42572,0.0,0.0,0
86.0,85.0,189.0,59.45,16.0,0.05603,0.10934,32.79,10.44,0.0,575.0,3.0,0.0,1.0,1.56935,0.94365,2.43677,0.0,0.0,0
87.0,86.0,282.0,36.9,11.0,0.21746,0.11702,356.0,16.87,0.0,2082.0,2.0,0.0,1.0,0.22132,0.19993,2.88306,0.0,0.0,0
88.0,87.0,114.0,90.92,8.0,0.07869,0.30341,88.63,6.71,0.0,1334.0,1.0,0.0,1.0,1.89943,1.06451,2.04262,0.0,0.0,0
89.0,88.0,354.0,31.82,15.0,0.48726,0.20729,530.01,13.83,1.0,1115.0,2.0,0.0,0.0,1.18842,0.78318,2.69661,0.0,0.0,0
90.0,89.0,173.0,40.29,5.0,0.32102,0.24022,421.47,20.01,1.0,1982.0,2.0,0.0,1.0,1.26355,0.81694,3.0448,1.0,0.0,0
91.0,90.0,165.0,85.61,10.0,0.46425,0.35074,604.31,26.72,1.0,1180.0,0.0,0.0,1.0,1.31163,0.83795,3.3223,0.0,0.0,0
92.0,91.0,242.0,158.85,2.0,0.19127,0.05777,2.84,0.85,0.0,311.0,2.0,0.0,1.0,4.43896,1.69359,0.61294,1.0,1.0,0
93.0,92.0,56.0,16.18,2.0,0.17459,0.17018,137.85,12.14,0.0,1084.0,1.0,0.0,1.0,0.51528,0.4156,2.57549,1.0,0.0,0
94.0,93.0,16.0,45.28,19.0,0.29573,0.10415,469.12,1.64,1.0,1013.0,1.0,0.0,1.0,0.87626,0.62928,0.96889,0.0,0.0,0
95.0,94.0,70.0,73.51,12.0,0.47146,0.23752,6.9,19.96,0.0,2097.0,3.0,0.0,1.0,2.26531,1.18335,3.04249,0.0,1.0,0
96.0,95.0,14.0,63.97,11.0,0.36053,0.18944,295.53,5.78,3.0,274.0,1.0,0.0,1.0,0.65909,0.50627,1.91447,0.0,0.0,1
97.0,96.0,377.0,53.42,17.0,0.37244,0.02006,313.39,43.64,2.0,616.0,1.0,0.0,1.0,0.55308,0.44024,3.79856,0.0,0.0,0
98.0,97.0,93.0,87.92,16.0,0.10462,0.26627,225.95,17.87,0.0,1443.0,1.0,0.0,0.0,1.36037,0.85882,2.93767,0.0,0.0,0
99.0,98.0,195.0,12.14,3.0,0.06512,0.05966,178.59,29.76,0.0,1472.0,2.0,0.0,1.0,0.99417,0.69023,3.42616,1.0,0.0,0
100.0,99.0,95.0,78.65,7.0,0.37699,0.10455,450.02,3.29,0.0,1379.0,2.0,0.0,1.0,1.53944,0.93194,1.45545,0.0,0.0,0
101.0,100.0,150.0,108.05,12.0,0.11379,0.12352,95.84,17.71,0.0,467.0,2.0,0.0,1.0,1.84228,1.04461,2.92916,0.0,0.0,0
102.0,101.0,313.0,9.1,8.0,0.27703,0.44234,257.68,20.12,0.0,229.0,2.0,0.0,1.0,0.38386,0.32488,3.05036,0.0,0.0,0
103.0,102.0,203.0,112.2,15.0,0.14179,0.2053,147.6,47.19,0.0,1953.0,3.0,0.0,1.0,1.81948,1.03655,3.87507,0.0,0.0,0
104.0,103.0,385.0,49.78,10.0,0.59284,0.18824,383.5,20.04,1.0,915.0,1.0,0.0,1.0,1.03753,0.71174,3.04628,0.0,0.0,0
105.0,104.0,265.0,17.36,15.0,0.1023,0.08783,208.46,5.79,0.0,1924.0,2.0,0.0,1.0,0.95801,0.67193,1.91511,0.0,0.0,0
106.0,105.0,77.0,45.53,7.0,0.08257,0.21851,2.81,3.73,0.0,698.0,1.0,0.0,1.0,0.55453,0.44117,1.5546,0.0,1.0,0
107.0,106.0,304.0,177.56,14.0,0.40844,0.02998,764.02,9.01,1.0,1312.0,3.0,0.0,1.0,3.45241,1.49345,2.30333,0.0,0.0,0
108.0,107.0,167.0,76.98,12.0,0.04692,0.04521,118.47,44.89,0.0,1471.0,2.0,0.0,0.0,1.72243,1.00153,3.82631,0.0,0.0,0
109.0,108.0,356.0,45.63,14.0,0.33467,0.12718,715.42,7.96,0.0,413.0,3.0,0.0,1.0,1.23609,0.80473,2.1925,0.0,0.0,0
110.0,109.0,298.0,163.44,18.0,0.10033,0.16164,319.99,28.32,0.0,1486.0,1.0,0.0,0.0,6.81231,2.0557,3.37837,0.0,0.0,0
111.0,110.0,16.0,151.41,9.0,0.43041,0.09515,349.54,16.39,1.0,1013.0,4.0,0.0,1.0,2.93029,1.36871,2.85607,0.0,0.0,0
112.0,111.0,231.0,64.5,11.0,0.44306,0.35054,8.13,5.48,1.0,1188.0,2.0,0.0,1.0,0.33132,0.28617,1.86908,0.0,0.0,0
113.0,112.0,313.0,2.0,5.0,0.21281,0.10332,3.42,16.18,2.0,229.0,1.0,0.0,0.0,0.08417,0.08081,2.8439,1.0,1.0,0
114.0,113.0,143.0,51.36,9.0,0.39605,0.1626,294.74,9.42,3.0,1689.0,1.0,0.0,1.0,1.57915,0.94746,2.34369,0.0,0.0,0
115.0,114.0,372.0,26.87,14.0,0.15838,0.06195,707.96,16.64,1.0,1276.0,0.0,0.0,1.0,0.60392,0.47245,2.8704,0.0,0.0,0
116.0,115.0,222.0,182.15,14.0,0.414,0.07681,206.62,13.77,0.0,741.0,2.0,0.0,0.0,2.00571,1.10051,2.69281,0.0,0.0,0
117.0,116.0,372.0,25.12,9.0,0.06341,0.22347,693.14,8.36,0.0,1276.0,2.0,0.0,0.0,0.56464,0.44765,2.23639,0.0,0.0,0
118.0,117.0,171.0,11.63,22.0,0.22863,0.19091,273.59,2.32,0.0,1418.0,0.0,0.0,1.0,0.41856,0.34964,1.19979,0.0,0.0,0
119.0,118.0,1.0,67.8,19.0,0.28635,0.20191,114.49,2.65,1.0,1129.0,4.0,0.0,0.0,1.05099,0.71832,1.29575,0.0,0.0,0
120.0,119.0,393.0,8.79,10.0,0.16377,0.03396,146.87,9.77,0.0,908.0,4.0,0.0,1.0,0.51536,0.41565,2.37673,0.0,0.0,0
121.0,120.0,268.0,126.64,12.0,0.49239,0.0441,355.64,11.37,1.0,423.0,3.0,1.0,0.0,2.38326,1.21884,2.51565,0.0,0.0,0
122.0,121.0,348.0,52.31,11.0,0.08692,0.01582,315.87,28.73,0.0,1225.0,2.0,0.0,1.0,0.46884,0.38447,3.39212,0.0,0.0,0
123.0,122.0,356.0,25.5,17.0,0.53426,0.16654,300.11,17.51,1.0,413.0,1.0,0.0,0.0,0.69073,0.52516,2.9182,0.0,0.0,0
124.0,123.0,243.0,21.73,13.0,0.23928,0.05391,154.78,9.58,0.0,1841.0,0.0,0.0,1.0,0.30274,0.26447,2.35894,0.0,0.0,0
125.0,124.0,383.0,62.27,15.0,0.21832,0.32633,441.7,1.5,1.0,1724.0,2.0,0.0,1.0,1.75783,1.01445,0.91727,0.0,0.0,0
126.0,125.0,235.0,175.87,12.0,0.11487,0.19512,462.71,10.35,0.0,1659.0,2.0,0.0,1.0,4.60752,1.72411,2.42952,0.0,0.0,0
127.0,126.0,376.0,34.4,16.0,0.04243,0.20117,569.43,2.69,0.0,462.0,1.0,0.0,1.0,0.48878,0.39796,1.30473,0.0,0.0,0
128.0,127.0,405.0,22.62,18.0,0.35748,0.13072,374.93,3.46,0.0,1562.0,4.0,0.0,1.0,0.31755,0.27577,1.4955,0.0,0.0,0
129.0,128.0,361.0,133.06,4.0,0.54058,0.08526,6.26,11.09,3.0,2032.0,3.0,0.0,1.0,0.9647,0.67534,2.49265,1.0,1.0,0
130.0,129.0,56.0,74.29,7.0,0.14427,0.13463,190.63,27.32,1.0,1084.0,5.0,1.0,1.0,2.36609,1.21375,3.34347,0.0,0.0,0
131.0,130.0,191.0,11.41,20.0,0.28687,0.23248,173.55,7.83,0.0,1719.0,1.0,0.0,1.0,0.43633,0.36209,2.17794,0.0,0.0,0
132.0,131.0,13.0,26.41,11.0,0.26748,0.01,462.33,10.83,1.0,1331.0,4.0,0.0,0.0,0.36691,0.31255,2.47106,0.0,0.0,0
133.0,132.0,329.0,19.79,8.0,0.20036,0.02227,5.2,9.8,0.0,1930.0,0.0,0.0,1.0,0.97076,0.67842,2.37983,0.0,1.0,0
134.0,133.0,229.0,39.76,18.0,0.0801,0.38365,409.35,8.63,2.0,1763.0,2.0,0.0,1.0,0.52447,0.42165,2.26443,0.0,0.0,0
135.0,134.0,387.0,15.83,19.0,0.16375,0.15429,424.55,85.59,0.0,638.0,0.0,0.0,1.0,0.50324,0.40762,4.46115,0.0,0.0,0
136.0,135.0,35.0,23.05,14.0,0.20931,0.18492,359.54,4.46,0.0,224.0,2.0,0.0,1.0,0.49166,0.39989,1.69733,0.0,0.0,0
137.0,136.0,100.0,33.56,16.0,0.08702,0.21661,226.76,69.89,0.0,1929.0,2.0,0.0,1.0,1.03645,0.71121,4.26117,0.0,0.0,0
138.0,137.0,283.0,97.04,15.0,0.50335,0.05234,15.25,10.36,0.0,69.0,3.0,0.0,1.0,2.15785,1.14989,2.43027,0.0,0.0,1
139.0,138.0,338.0,66.0,13.0,0.08149,0.18435,16.06,13.72,0.0,1230.0,4.0,0.0,0.0,0.54858,0.43734,2.68902,0.0,0.0,0
140.0,139.0,99.0,28.13,20.0,0.43468,0.22766,403.73,2.91,1.0,1555.0,3.0,0.0,0.0,0.82446,0.60129,1.36445,0.0,0.0,0
141.0,140.0,234.0,116.24,14.0,0.18575,0.12081,729.02,4.32,0.0,1886.0,1.0,0.0,1.0,1.30944,0.837,1.67221,0.0,0.0,0
142.0,141.0,87.0,153.94,4.0,0.45487,0.23696,124.44,15.48,1.0,1015.0,3.0,0.0,0.0,1.34476,0.85218,2.80199,1.0,0.0,1
143.0,142.0,28.0,48.45,17.0,0.36149,0.08364,378.64,6.71,1.0,826.0,3.0,0.0,1.0,0.98209,0.68415,2.04221,0.0,0.0,0
144.0,143.0,338.0,142.64,17.0,0.17275,0.40807,9.63,8.74,1.0,1230.0,2.0,0.0,0.0,1.18553,0.78186,2.27634,0.0,0.0,1
145.0,144.0,188.0,432.0,10.0,0.0953,0.21013,739.85,7.73,1.0,909.0,4.0,0.0,1.0,2.9571,1.37551,2.16636,0.0,0.0,0
146.0,145.0,173.0,17.73,13.0,0.59129,0.36615,236.85,12.14,1.0,1982.0,5.0,0.0,1.0,0.55599,0.44211,2.57545,0.0,0.0,0
147.0,146.0,161.0,23.48,8.0,0.22353,0.25217,255.56,1.79,1.0,1806.0,3.0,0.0,0.0,0.52578,0.42251,1.02429,0.0,0.0,0
148.0,147.0,33.0,487.55,14.0,0.13224,0.16595,460.84,15.32,0.0,1939.0,1.0,0.0,1.0,2.85743,1.35,2.79267,0.0,0.0,0
149.0,148.0,370.0,29.05,12.0,0.0631,0.47604,116.66,5.93,0.0,49.0,2.0,0.0,1.0,1.17186,0.77558,1.93614,0.0,0.0,0
150.0,149.0,217.0,36.13,8.0,0.11294,0.26777,500.07,6.03,0.0,213.0,1.0,0.0,1.0,0.2801,0.24694,1.94972,0.0,0.0,0
151.0,150.0,359.0,330.69,11.0,0.56205,0.15049,466.74,23.92,3.0,1172.0,2.0,0.0,1.0,4.02882,1.61518,3.21561,0.0,0.0,0
152.0,151.0,378.0,175.58,10.0,0.3232,0.16307,515.95,33.33,1.0,844.0,2.0,1.0,1.0,3.1115,1.41379,3.53599,0.0,0.0,0
153.0,152.0,145.0,20.33,8.0,0.12854,0.1376,929.4,23.31,0.0,1658.0,1.0,0.0,0.0,0.50505,0.40883,3.19079,0.0,0.0,0
154.0,153.0,61.0,71.6,8.0,0.08404,0.32011,512.8,17.96,1.0,1496.0,1.0,0.0,0.0,1.41261,0.88071,2.94226,0.0,0.0,0
155.0,154.0,241.0,29.89,6.0,0.14488,0.33491,90.8,52.34,0.0,424.0,3.0,1.0,1.0,0.44932,0.3711,3.97677,0.0,0.0,0
156.0,155.0,23.0,88.35,21.0,0.31943,0.16512,130.96,11.29,0.0,2053.0,5.0,0.0,1.0,0.90937,0.64677,2.50876,0.0,0.0,0
157.0,156.0,60.0,64.36,22.0,0.19659,0.55117,41.5,177.58,1.0,1515.0,4.0,0.0,1.0,0.43431,0.36068,5.18506,0.0,0.0,0
158.0,157.0,202.0,141.33,11.0,0.24353,0.09318,116.44,10.05,0.0,1329.0,3.0,0.0,1.0,1.68112,0.98624,2.4027,0.0,0.0,0
159.0,158.0,199.0,215.04,16.0,0.13714,0.10831,139.64,16.95,0.0,957.0,3.0,0.0,1.0,3.37816,1.47663,2.88743,0.0,0.0,0
160.0,159.0,238.0,18.18,15.0,0.29289,0.10235,260.42,27.59,0.0,1643.0,4.0,0.0,0.0,0.72028,0.54249,3.35313,0.0,0.0,0
161.0,160.0,394.0,123.58,13.0,0.13736,0.10668,72.56,4.09,0.0,2033.0,3.0,0.0,1.0,1.75824,1.01459,1.62676,0.0,0.0,0
162.0,161.0,309.0,23.94,15.0,0.15017,0.02754,473.42,10.0,1.0,1963.0,3.0,0.0,1.0,0.97308,0.6796,2.39788,0.0,0.0,0
163.0,162.0,231.0,117.58,14.0,0.41629,0.19126,4.81,9.16,1.0,1188.0,4.0,0.0,1.0,0.60396,0.47247,2.31859,0.0,1.0,0
164.0,163.0,358.0,164.42,12.0,0.11477,0.13298,111.16,2.37,1.0,1951.0,1.0,0.0,0.0,0.71649,0.54028,1.21355,0.0,0.0,0
165.0,164.0,248.0,48.51,6.0,0.22984,0.01,6.17,7.5,0.0,1951.0,1.0,0.0,0.0,0.79925,0.58737,2.14014,0.0,1.0,0
166.0,165.0,362.0,176.34,4.0,0.4814,0.24923,257.41,35.74,1.0,1375.0,2.0,0.0,0.0,2.94519,1.3725,3.60379,1.0,0.0,1
167.0,166.0,88.0,83.06,5.0,0.23188,0.04939,16.76,44.41,0.0,982.0,2.0,0.0,1.0,0.81305,0.59501,3.81565,1.0,0.0,1
168.0,167.0,324.0,27.01,21.0,0.29467,0.06086,135.81,2.57,1.0,1098.0,3.0,0.0,1.0,0.71664,0.54037,1.272,0.0,0.0,0
169.0,168.0,369.0,26.2,16.0,0.12344,0.13771,187.36,101.56,0.0,1832.0,2.0,1.0,0.0,1.16254,0.77128,4.63043,0.0,0.0,0
170.0,169.0,378.0,172.08,1.0,0.13871,0.24075,451.22,12.43,0.0,844.0,0.0,0.0,1.0,3.04944,1.39858,2.59726,1.0,0.0,0
171.0,170.0,233.0,15.53,5.0,0.57137,0.13198,773.15,156.19,0.0,1453.0,5.0,0.0,1.0,0.55856,0.44376,5.05746,1.0,0.0,0
172.0,171.0,383.0,88.17,7.0,0.43535,0.04374,146.58,11.45,0.0,1724.0,3.0,0.0,1.0,2.48878,1.24955,2.52185,0.0,0.0,0
173.0,172.0,173.0,96.16,16.0,0.22056,0.16621,434.08,37.63,0.0,1982.0,1.0,0.0,1.0,3.01559,1.39019,3.65412,0.0,0.0,0
174.0,173.0,408.0,96.33,16.0,0.14759,0.30859,56.36,5.67,2.0,1713.0,1.0,0.0,1.0,1.51824,0.92356,1.89795,0.0,0.0,0
175.0,174.0,12.0,73.12,10.0,0.44003,0.24314,219.98,3.96,0.0,1896.0,2.0,0.0,0.0,1.26418,0.81721,1.60161,0.0,0.0,0
176.0,175.0,59.0,20.84,9.0,0.15295,0.01,254.72,13.25,0.0,42.0,3.0,0.0,0.0,0.3426,0.29461,2.65643,0.0,0.0,0
177.0,176.0,318.0,55.21,9.0,0.34176,0.21981,260.63,37.94,0.0,866.0,1.0,0.0,1.0,0.66549,0.51012,3.66204,0.0,0.0,0
178.0,177.0,386.0,97.82,15.0,0.1939,0.04118,650.93,9.11,1.0,1740.0,3.0,0.0,1.0,3.79736,1.56807,2.31371,0.0,0.0,1
179.0,178.0,381.0,114.75,2.0,0.18964,0.17116,429.45,17.11,0.0,15.0,3.0,0.0,1.0,1.38158,0.86776,2.8966,1.0,0.0,0
180.0,179.0,34.0,154.75,6.0,0.39101,0.21319,5.1,143.18,1.0,400.0,3.0,1.0,1.0,1.84216,1.04456,4.97108,0.0,1.0,1
181.0,180.0,172.0,27.62,5.0,0.22823,0.16498,93.76,8.99,0.0,1027.0,2.0,0.0,1.0,0.38372,0.32477,2.30155,1.0,0.0,0
182.0,181.0,398.0,107.18,14.0,0.24158,0.09066,157.05,8.67,2.0,2173.0,3.0,0.0,0.0,2.3026,1.19471,2.26929,0.0,0.0,1
183.0,182.0,334.0,38.81,19.0,0.49209,0.06482,186.03,0.71,1.0,1391.0,2.0,0.0,0.0,1.25626,0.81371,0.53871,0.0,0.0,0
184.0,183.0,176.0,27.43,10.0,0.43161,0.21159,120.88,11.0,0.0,1175.0,5.0,0.0,1.0,0.51808,0.41745,2.48472,0.0,0.0,0
185.0,184.0,355.0,40.06,8.0,0.2537,0.1344,211.04,6.48,0.0,210.0,2.0,0.0,1.0,0.51171,0.41324,2.01167,0.0,0.0,0
186.0,185.0,52.0,58.3,2.0,0.444,0.10002,394.74,8.78,1.0,649.0,3.0,0.0,0.0,0.54202,0.43309,2.2805,1.0,0.0,0
187.0,186.0,65.0,86.19,17.0,0.13621,0.01631,904.18,9.28,0.0,1888.0,3.0,0.0,1.0,0.93699,0.66114,2.32994,0.0,0.0,0
188.0,187.0,192.0,203.38,9.0,0.09514,0.16933,173.05,7.06,0.0,408.0,1.0,0.0,1.0,7.14321,2.09718,2.0874,0.0,0.0,0
189.0,188.0,280.0,22.44,8.0,0.15955,0.21128,246.65,27.06,1.0,1448.0,2.0,0.0,0.0,0.81878,0.59817,3.33442,0.0,0.0,0
190.0,189.0,370.0,13.74,17.0,0.11655,0.1029,1.15,21.48,0.0,49.0,2.0,0.0,1.0,0.55409,0.44089,3.11283,0.0,1.0,0
191.0,190.0,294.0,597.97,18.0,0.29731,0.2961,11.2,110.1,0.0,1821.0,2.0,1.0,0.0,8.12514,2.21103,4.71044,0.0,0.0,1
192.0,191.0,36.0,17.74,11.0,0.60218,0.07093,4.59,36.05,1.0,1392.0,2.0,0.0,0.0,0.68241,0.52023,3.6124,0.0,1.0,0
193.0,192.0,406.0,20.98,10.0,0.43288,0.19733,143.38,6.97,3.0,2103.0,4.0,0.0,0.0,0.47175,0.38645,2.0754,0.0,0.0,0
194.0,193.0,38.0,63.27,14.0,0.40256,0.11528,325.27,19.75,1.0,311.0,1.0,0.0,1.0,1.59869,0.95501,3.03242,0.0,0.0,0
195.0,194.0,6.0,26.35,15.0,0.15439,0.20812,60.06,8.49,0.0,421.0,4.0,0.0,1.0,1.83381,1.04162,2.25035,0.0,0.0,0
196.0,195.0,409.0,14.74,17.0,0.59047,0.23271,623.47,154.7,1.0,1009.0,1.0,1.0,1.0,0.36393,0.31037,5.04795,0.0,0.0,1
197.0,196.0,167.0,18.9,21.0,0.4211,0.08944,72.27,73.12,0.0,1471.0,4.0,0.0,1.0,0.42279,0.35262,4.30572,0.0,0.0,0
198.0,197.0,143.0,44.42,10.0,0.32933,0.07852,6.95,38.17,0.0,1689.0,3.0,1.0,0.0,1.36588,0.86115,3.6678,0.0,1.0,0
199.0,198.0,105.0,46.82,9.0,0.08847,0.09386,498.46,142.67,0.0,1540.0,2.0,0.0,1.0,0.2757,0.2435,4.96752,0.0,0.0,0
200.0,199.0,43.0,216.98,16.0,0.14463,0.12454,180.41,10.2,0.0,637.0,5.0,0.0,1.0,3.1634,1.42633,2.41566,0.0,0.0,0
201.0,200.0,198.0,21.79,19.0,0.08021,0.3038,266.94,4.29,0.0,843.0,2.0,0.0,1.0,0.54945,0.4379,1.66661,0.0,0.0,0
202.0,201.0,48.0,56.11,14.0,0.29543,0.16401,141.28,9.32,1.0,2144.0,2.0,0.0,0.0,0.81123,0.594,2.33387,0.0,0.0,0
203.0,202.0,252.0,170.18,0.0,0.06302,0.15438,527.41,25.6,1.0,217.0,1.0,0.0,1.0,5.39859,1.85608,3.28105,1.0,0.0,0
204.0,203.0,176.0,101.77,3.0,0.18806,0.4324,117.87,8.08,1.0,1175.0,3.0,0.0,1.0,1.92226,1.07236,2.2058,1.0,0.0,0
205.0,204.0,183.0,45.76,18.0,0.47667,0.08604,85.19,10.64,2.0,474.0,4.0,0.0,1.0,0.54896,0.43758,2.4548,0.0,0.0,0
206.0,205.0,311.0,39.44,8.0,0.09406,0.11427,385.97,43.02,0.0,2122.0,0.0,0.0,1.0,1.74445,1.00958,3.78475,0.0,0.0,0
207.0,206.0,223.0,165.6,21.0,0.04755,0.06785,2.53,36.61,0.0,28.0,2.0,0.0,1.0,4.15742,1.64044,3.62732,0.0,1.0,0
208.0,207.0,120.0,18.7,8.0,0.17305,0.02239,178.99,5.46,1.0,1861.0,2.0,0.0,1.0,0.31184,0.27143,1.86492,0.0,0.0,0
209.0,208.0,236.0,101.58,10.0,0.218,0.35013,613.82,138.73,1.0,1333.0,1.0,0.0,1.0,2.7401,1.31911,4.93972,0.0,0.0,0
210.0,209.0,398.0,48.83,7.0,0.16059,0.14959,80.76,24.35,0.0,2173.0,1.0,0.0,1.0,1.04914,0.71742,3.2326,0.0,0.0,0
211.0,210.0,364.0,84.74,10.0,0.35707,0.17511,245.13,1.37,0.0,1357.0,2.0,0.0,0.0,5.796,1.91633,0.86123,0.0,0.0,0
212.0,211.0,155.0,55.43,15.0,0.13951,0.29621,638.35,92.91,0.0,1161.0,0.0,0.0,1.0,0.96059,0.67325,4.54233,0.0,0.0,0
213.0,212.0,248.0,63.15,22.0,0.52665,0.26838,65.21,2.58,1.0,1951.0,4.0,0.0,1.0,1.0405,0.7132,1.27672,0.0,0.0,0
214.0,213.0,335.0,87.61,7.0,0.54407,0.15271,12.35,6.89,1.0,2088.0,5.0,0.0,1.0,1.11691,0.74996,2.06503,0.0,0.0,0
215.0,214.0,111.0,12.96,20.0,0.35095,0.27064,211.41,53.97,2.0,1109.0,2.0,0.0,1.0,0.50148,0.40645,4.00686,0.0,0.0,0
216.0,215.0,404.0,22.52,12.0,0.07569,0.06905,120.84,11.55,0.0,840.0,0.0,0.0,1.0,0.84578,0.6129,2.5301,0.0,0.0,0
217.0,216.0,145.0,91.89,13.0,0.43178,0.08862,293.82,5.47,0.0,1658.0,0.0,0.0,0.0,2.28305,1.18877,1.86698,0.0,0.0,0
218.0,217.0,363.0,119.28,16.0,0.36743,0.12938,447.38,15.41,0.0,552.0,0.0,0.0,0.0,1.97143,1.08904,2.79801,0.0,0.0,0
219.0,218.0,48.0,51.02,7.0,0.05379,0.48379,277.73,19.34,2.0,2144.0,4.0,0.0,1.0,0.73765,0.55253,3.01244,0.0,0.0,0
220.0,219.0,269.0,177.25,18.0,0.1958,0.02772,301.89,15.41,0.0,659.0,1.0,0.0,0.0,1.86363,1.05209,2.79774,0.0,0.0,0
221.0,220.0,317.0,27.69,17.0,0.3851,0.36853,658.86,10.63,0.0,1385.0,3.0,0.0,1.0,1.55867,0.93949,2.45384,0.0,0.0,0
222.0,221.0,364.0,5.84,8.0,0.29479,0.25877,103.44,12.0,0.0,1357.0,4.0,0.0,0.0,0.3993,0.33597,2.56496,0.0,0.0,0
223.0,222.0,348.0,82.2,17.0,0.58285,0.08769,308.7,6.05,2.0,1225.0,5.0,0.0,1.0,0.73678,0.55203,1.95276,0.0,0.0,0
224.0,223.0,75.0,85.37,12.0,0.54669,0.11958,0.55,20.45,0.0,4.0,2.0,0.0,1.0,1.29102,0.829,3.06549,0.0,1.0,0
225.0,224.0,311.0,23.93,5.0,0.14203,0.21009,814.91,65.09,1.0,2122.0,1.0,0.0,0.0,1.05837,0.72191,4.19103,1.0,0.0,0
226.0,225.0,51.0,144.0,5.0,0.22067,0.12847,147.53,17.68,0.0,876.0,1.0,0.0,1.0,2.42165,1.23012,2.92734,1.0,0.0,1
227.0,226.0,290.0,444.39,4.0,0.45373,0.0246,186.59,4.35,1.0,1510.0,3.0,0.0,0.0,10.00855,2.39867,1.67657,1.0,0.0,0
228.0,227.0,143.0,40.48,19.0,0.13384,0.01,330.62,758.76,2.0,1689.0,2.0,1.0,0.0,1.24483,0.80863,6.633,0.0,0.0,0
229.0,228.0,399.0,13.62,19.0,0.24778,0.06668,295.92,11.85,0.0,326.0,2.0,0.0,1.0,0.37236,0.31653,2.55312,0.0,0.0,0
230.0,229.0,374.0,33.98,7.0,0.09057,0.36233,317.98,22.59,0.0,1533.0,1.0,0.0,1.0,0.6461,0.49841,3.16097,0.0,0.0,0
231.0,230.0,308.0,120.96,2.0,0.10318,0.0553,61.05,2.88,0.0,534.0,1.0,0.0,1.0,1.89036,1.06138,1.35707,1.0,0.0,0
232.0,231.0,351.0,32.39,11.0,0.70557,0.11909,236.59,76.04,1.0,1619.0,3.0,0.0,0.0,0.42873,0.35679,4.34439,0.0,0.0,1
233.0,232.0,2.0,207.14,17.0,0.1107,0.02706,36.2,7.69,0.0,359.0,3.0,0.0,1.0,1.66602,0.98059,2.16245,0.0,0.0,0
234.0,233.0,118.0,24.66,11.0,0.27674,0.29167,1.14,9.67,3.0,73.0,2.0,0.0,1.0,0.2922,0.25635,2.36741,0.0,1.0,0
235.0,234.0,191.0,16.84,4.0,0.08683,0.07553,660.39,244.74,1.0,1719.0,1.0,1.0,0.0,0.64424,0.49728,5.50428,1.0,0.0,0
236.0,235.0,217.0,257.04,15.0,0.4795,0.17329,592.35,6.67,1.0,213.0,3.0,0.0,1.0,1.99264,1.09616,2.03724,0.0,0.0,1
237.0,236.0,309.0,219.62,16.0,0.27877,0.07931,450.03,1.7,0.0,1963.0,4.0,0.0,1.0,8.92773,2.29533,0.9936,0.0,0.0,0
238.0,237.0,258.0,71.47,17.0,0.12143,0.03539,119.31,4.06,1.0,1488.0,4.0,0.0,0.0,1.48556,0.9105,1.62087,0.0,0.0,0
239.0,238.0,199.0,18.06,9.0,0.03239,0.35452,96.93,3.23,0.0,957.0,0.0,0.0,1.0,0.28379,0.24981,1.44331,0.0,0.0,0
240.0,239.0,187.0,139.68,17.0,0.24384,0.3114,222.44,3.62,1.0,960.0,1.0,0.0,1.0,1.98619,1.094,1.53117,0.0,0.0,0
241.0,240.0,48.0,96.84,10.0,0.34408,0.23968,198.27,19.82,0.0,2144.0,2.0,0.0,1.0,1.40004,0.87549,3.03585,0.0,0.0,0
242.0,241.0,110.0,128.53,4.0,0.46404,0.37219,408.32,7.69,1.0,1886.0,2.0,0.0,0.0,2.6249,1.28783,2.16205,1.0,0.0,0
243.0,242.0,353.0,117.99,16.0,0.39647,0.02886,5.27,2.05,4.0,1053.0,3.0,0.0,0.0,2.91685,1.36529,1.1164,0.0,1.0,1
244.0,243.0,108.0,59.81,20.0,0.08759,0.12886,43.09,17.13,0.0,1757.0,1.0,0.0,1.0,0.67101,0.51343,2.89767,0.0,0.0,0
245.0,244.0,338.0,49.44,15.0,0.2015,0.39193,10.79,10.58,0.0,1230.0,0.0,0.0,1.0,0.41088,0.34422,2.44945,0.0,0.0,0
246.0,245.0,407.0,38.71,19.0,0.17344,0.01,235.61,47.34,0.0,835.0,1.0,0.0,1.0,0.87032,0.62611,3.8782,0.0,0.0,0
247.0,246.0,293.0,29.54,21.0,0.2138,0.37164,448.21,6.85,0.0,1213.0,5.0,0.0,0.0,1.03866,0.71229,2.06067,0.0,0.0,0
248.0,247.0,15.0,66.25,14.0,0.25988,0.26243,183.74,5.22,0.0,2047.0,3.0,0.0,0.0,0.65291,0.50254,1.82763,0.0,0.0,0
249.0,248.0,40.0,904.24,13.0,0.2194,0.30079,3.68,5.16,2.0,1992.0,4.0,0.0,1.0,10.31264,2.42592,1.8181,0.0,1.0,0
250.0,249.0,65.0,25.3,9.0,0.28851,0.08547,780.55,10.04,0.0,1888.0,1.0,0.0,1.0,0.27504,0.24298,2.40164,0.0,0.0,0
251.0,250.0,383.0,21.13,9.0,0.20158,0.0703,147.63,5.51,1.0,1724.0,4.0,0.0,0.0,0.59643,0.46777,1.87395,0.0,0.0,1
252.0,251.0,353.0,126.82,1.0,0.12501,0.16768,202.05,89.88,1.0,1053.0,0.0,1.0,1.0,3.13514,1.41952,4.50952,1.0,0.0,0
253.0,252.0,256.0,32.75,4.0,0.16769,0.14825,333.08,80.06,0.0,1545.0,1.0,1.0,1.0,0.29352,0.25737,4.39523,1.0,0.0,0
254.0,253.0,253.0,7.88,14.0,0.21922,0.13174,380.54,25.01,1.0,1586.0,4.0,0.0,1.0,0.1887,0.17286,3.25838,0.0,0.0,0
255.0,254.0,71.0,44.94,14.0,0.15107,0.3853,38.55,3.43,1.0,810.0,2.0,0.0,1.0,0.94793,0.66677,1.48829,0.0,0.0,0
256.0,255.0,254.0,26.56,4.0,0.04568,0.13079,163.32,13.33,0.0,336.0,0.0,0.0,1.0,0.42209,0.35213,2.66225,1.0,0.0,0
257.0,256.0,143.0,26.43,12.0,0.33692,0.14632,180.35,10.23,0.0,1689.0,1.0,0.0,1.0,0.81269,0.59481,2.4185,0.0,0.0,0
258.0,257.0,100.0,42.04,10.0,0.20685,0.11283,163.82,29.22,1.0,1929.0,1.0,0.0,1.0,1.29827,0.83216,3.40835,0.0,0.0,0
259.0,258.0,403.0,56.95,8.0,0.44302,0.14478,2.59,11.47,2.0,65.0,3.0,0.0,0.0,0.53981,0.43166,2.52354,0.0,1.0,1
260.0,259.0,9.0,620.45,13.0,0.39567,0.09251,815.65,16.5,2.0,1484.0,6.0,0.0,1.0,4.30702,1.66903,2.86225,0.0,0.0,0
261.0,260.0,126.0,89.16,14.0,0.47295,0.02939,172.23,96.83,1.0,1167.0,2.0,0.0,0.0,1.75602,1.01379,4.58321,0.0,0.0,0
262.0,261.0,406.0,94.98,16.0,0.16526,0.12137,254.63,75.58,0.0,2103.0,2.0,0.0,0.0,2.13582,1.14289,4.33833,0.0,0.0,0
263.0,262.0,80.0,115.96,20.0,0.30462,0.01681,384.1,7.45,1.0,301.0,3.0,0.0,1.0,3.62554,1.53159,2.13469,0.0,0.0,0
264.0,263.0,401.0,237.67,18.0,0.24193,0.15515,250.31,154.78,0.0,301.0,2.0,1.0,1.0,2.65337,1.29565,5.04844,0.0,0.0,0
265.0,264.0,202.0,476.59,6.0,0.26839,0.13229,285.68,2.44,2.0,1329.0,4.0,0.0,1.0,5.66899,1.89747,1.23535,0.0,0.0,0
266.0,265.0,320.0,126.61,15.0,0.48215,0.15394,67.84,11.33,2.0,1666.0,5.0,0.0,1.0,2.53751,1.26342,2.51189,0.0,0.0,0
267.0,266.0,302.0,36.99,13.0,0.28888,0.27594,446.12,43.45,2.0,1172.0,1.0,0.0,1.0,0.50335,0.40769,3.79448,0.0,0.0,0
268.0,267.0,362.0,134.84,13.0,0.38549,0.13683,542.66,27.39,0.0,1375.0,2.0,0.0,1.0,2.2521,1.1793,3.34596,0.0,0.0,0
269.0,268.0,300.0,303.34,14.0,0.3605,0.23645,236.85,4.33,0.0,1290.0,1.0,0.0,0.0,10.44081,2.43719,1.67414,0.0,0.0,0
270.0,269.0,103.0,114.43,8.0,0.33615,0.29558,247.0,12.03,0.0,1513.0,4.0,0.0,1.0,2.19255,1.16082,2.56704,0.0,0.0,0
271.0,270.0,71.0,10.47,16.0,0.13647,0.06916,50.95,142.76,0.0,810.0,2.0,1.0,1.0,0.22088,0.19958,4.96815,0.0,0.0,0
272.0,271.0,57.0,23.99,14.0,0.60013,0.17408,370.35,11.51,1.0,1136.0,4.0,0.0,0.0,0.95986,0.67288,2.5264,0.0,0.0,0
273.0,272.0,54.0,316.4,3.0,0.27846,0.34207,83.94,3.97,1.0,427.0,0.0,0.0,0.0,2.35726,1.21112,1.60383,1.0,0.0,1
274.0,273.0,100.0,15.15,10.0,0.14844,0.01771,481.11,10.44,1.0,1929.0,1.0,0.0,1.0,0.46789,0.38383,2.43744,0.0,0.0,0
275.0,274.0,283.0,29.42,10.0,0.41617,0.09251,68.29,19.22,0.0,69.0,2.0,0.0,1.0,0.65419,0.50331,3.00644,0.0,0.0,1
276.0,275.0,143.0,39.9,14.0,0.33491,0.15213,66.89,56.7,1.0,1689.0,5.0,0.0,1.0,1.22695,0.80063,4.05529,0.0,0.0,0
277.0,276.0,377.0,41.14,16.0,0.24052,0.08017,402.99,3.5,0.0,616.0,3.0,0.0,0.0,0.42596,0.35484,1.50299,0.0,0.0,0
278.0,277.0,339.0,74.18,10.0,0.1616,0.14581,756.99,24.79,0.0,1709.0,1.0,0.0,1.0,2.11517,1.13628,3.24987,0.0,0.0,0
279.0,278.0,76.0,429.6,18.0,0.29544,0.19003,1.59,24.32,0.0,1322.0,0.0,0.0,0.0,9.40884,2.34266,3.2317,0.0,1.0,1
280.0,279.0,145.0,87.6,7.0,0.21651,0.32563,5.14,31.45,0.0,1658.0,2.0,0.0,0.0,2.17657,1.1558,3.47974,0.0,1.0,0
281.0,280.0,295.0,196.19,14.0,0.55342,0.31445,724.65,2.33,2.0,237.0,3.0,0.0,1.0,2.84363,1.34642,1.20198,0.0,0.0,0
282.0,281.0,118.0,34.56,12.0,0.21196,0.18675,102.2,8.21,0.0,73.0,5.0,0.0,1.0,0.4095,0.34324,2.22027,0.0,0.0,0
283.0,282.0,68.0,124.28,13.0,0.29194,0.31401,242.18,52.4,3.0,475.0,0.0,0.0,1.0,1.16249,0.77126,3.97778,0.0,0.0,0
284.0,283.0,261.0,47.58,5.0,0.22605,0.19503,53.09,4.27,0.0,539.0,1.0,0.0,0.0,1.88199,1.05848,1.66294,1.0,0.0,0
285.0,284.0,316.0,20.77,10.0,0.23929,0.05802,622.44,4.32,0.0,693.0,1.0,0.0,1.0,0.32813,0.28377,1.671,0.0,0.0,0
286.0,285.0,293.0,15.28,12.0,0.2427,0.40161,215.61,8.87,0.0,1213.0,3.0,0.0,1.0,0.53702,0.42985,2.28984,0.0,0.0,0
287.0,286.0,38.0,28.31,15.0,0.18912,0.05433,644.46,4.65,0.0,311.0,3.0,0.0,0.0,0.71529,0.53958,1.73081,0.0,0.0,0
288.0,287.0,327.0,96.07,10.0,0.16402,0.1389,565.33,7.77,0.0,2045.0,1.0,0.0,1.0,1.75364,1.01292,2.17153,0.0,0.0,0
289.0,288.0,248.0,44.39,17.0,0.09513,0.15599,40.02,48.12,0.0,1951.0,1.0,0.0,1.0,0.7315,0.54899,3.89429,0.0,0.0,0
290.0,289.0,313.0,32.46,10.0,0.57086,0.17707,116.3,3.87,2.0,229.0,3.0,0.0,1.0,1.36935,0.86262,1.58235,0.0,0.0,0
291.0,290.0,81.0,75.62,9.0,0.02388,0.0762,178.65,2.23,0.0,1575.0,0.0,0.0,1.0,1.01896,0.70258,1.17113,0.0,0.0,0
292.0,291.0,402.0,85.66,10.0,0.32905,0.07862,511.4,144.38,0.0,891.0,2.0,1.0,0.0,1.157,0.76872,4.97932,0.0,0.0,0
293.0,292.0,13.0,22.67,11.0,0.13174,0.14265,394.23,4.96,1.0,1331.0,2.0,0.0,1.0,0.315,0.27384,1.78522,0.0,0.0,1
294.0,293.0,354.0,198.85,8.0,0.28802,0.06949,199.02,44.48,0.0,1115.0,0.0,0.0,0.0,7.42763,2.13152,3.81721,0.0,0.0,0
295.0,294.0,269.0,60.45,12.0,0.43787,0.07086,230.74,154.99,1.0,659.0,2.0,0.0,0.0,0.63552,0.49196,5.04981,0.0,0.0,0
296.0,295.0,6.0,60.87,10.0,0.09253,0.05468,47.0,7.52,0.0,421.0,0.0,0.0,1.0,4.23603,1.65556,2.14187,0.0,0.0,0
297.0,296.0,393.0,27.05,11.0,0.12543,0.05853,183.23,5.81,2.0,908.0,2.0,0.0,0.0,1.58568,0.94999,1.9177,0.0,0.0,0
298.0,297.0,27.0,15.31,6.0,0.46612,0.09366,104.61,18.76,0.0,1949.0,2.0,0.0,1.0,0.26707,0.2367,2.98344,0.0,0.0,0
299.0,298.0,223.0,3.89,14.0,0.06983,0.08955,56.62,50.38,0.0,28.0,0.0,0.0,1.0,0.09771,0.09323,3.93923,0.0,0.0,0
300.0,299.0,329.0,4.02,12.0,0.06797,0.44607,4.53,3.08,0.0,1930.0,0.0,0.0,0.0,0.19714,0.17994,1.4067,0.0,1.0,1
301.0,300.0,345.0,23.99,17.0,0.0931,0.02202,171.67,194.01,0.0,1962.0,3.0,1.0,1.0,0.7075,0.53503,5.27303,0.0,0.0,0
302.0,301.0,47.0,28.14,7.0,0.06343,0.14418,30.21,26.47,0.0,1011.0,1.0,0.0,0.0,3.21196,1.43793,3.31294,0.0,0.0,0
303.0,302.0,152.0,51.93,9.0,0.26563,0.23931,632.84,21.23,0.0,1937.0,4.0,0.0,0.0,1.13278,0.75743,3.10148,0.0,0.0,0
304.0,303.0,134.0,606.06,3.0,0.13657,0.21961,359.07,110.67,1.0,813.0,2.0,1.0,0.0,16.50775,2.86264,4.71559,1.0,0.0,1
305.0,304.0,205.0,65.9,12.0,0.13043,0.06073,24.54,309.4,0.0,1879.0,1.0,1.0,1.0,0.50954,0.4118,5.73786,0.0,0.0,0
306.0,305.0,404.0,52.67,20.0,0.4324,0.03799,227.53,23.85,3.0,840.0,3.0,0.0,0.0,1.97848,1.09141,3.21282,0.0,0.0,0
307.0,306.0,37.0,33.95,10.0,0.63377,0.06092,54.18,69.14,0.0,1840.0,1.0,1.0,0.0,0.87258,0.62732,4.2505,0.0,0.0,0
308.0,307.0,134.0,15.16,20.0,0.18153,0.118,520.5,3.87,1.0,813.0,2.0,0.0,0.0,0.41282,0.34559,1.58311,0.0,0.0,0
309.0,308.0,411.0,48.73,18.0,0.2057,0.03888,182.71,8.12,1.0,1445.0,3.0,0.0,1.0,0.53978,0.43164,2.2106,0.0,0.0,0
310.0,309.0,137.0,147.91,7.0,0.16223,0.01867,137.99,979.48,0.0,1118.0,6.0,1.0,0.0,1.33455,0.84782,6.88805,0.0,0.0,0
311.0,310.0,372.0,9.22,5.0,0.18836,0.04756,303.27,87.67,1.0,1276.0,2.0,0.0,0.0,0.20715,0.18826,4.4849,1.0,0.0,0
312.0,311.0,10.0,88.6,16.0,0.35249,0.28844,183.33,11.95,1.0,1497.0,3.0,0.0,0.0,2.05723,1.11751,2.56148,0.0,0.0,0
313.0,312.0,200.0,64.66,9.0,0.03731,0.06952,99.27,40.75,1.0,1138.0,1.0,0.0,0.0,0.53,0.42527,3.73158,0.0,0.0,0
314.0,313.0,293.0,53.36,9.0,0.50624,0.08084,567.93,34.9,0.0,1213.0,2.0,0.0,0.0,1.87584,1.05634,3.58072,0.0,0.0,1
315.0,314.0,172.0,72.31,16.0,0.51569,0.17643,246.21,27.45,1.0,1027.0,1.0,0.0,0.0,1.00453,0.69541,3.3481,0.0,0.0,0
316.0,315.0,83.0,38.13,12.0,0.39428,0.05379,113.9,8.59,1.0,1023.0,5.0,0.0,1.0,0.67887,0.51812,2.2605,0.0,0.0,0
317.0,316.0,198.0,25.92,4.0,0.17221,0.32377,249.2,1.17,1.0,843.0,3.0,0.0,0.0,0.65372,0.50303,0.77291,1.0,0.0,0
318.0,317.0,212.0,16.85,15.0,0.10396,0.10003,22.93,12.47,0.0,1636.0,1.0,0.0,0.0,0.53465,0.4283,2.60041,0.0,0.0,0
319.0,318.0,289.0,35.16,11.0,0.25588,0.17947,430.74,2.73,0.0,785.0,0.0,0.0,1.0,0.65931,0.5064,1.31684,0.0,0.0,0
320.0,319.0,317.0,5.89,18.0,0.29464,0.12686,389.49,123.67,0.0,1385.0,0.0,0.0,1.0,0.33142,0.28625,4.82566,0.0,0.0,0
321.0,320.0,117.0,35.13,16.0,0.17126,0.1542,583.56,2.72,0.0,987.0,2.0,0.0,1.0,1.03824,0.71209,1.31244,0.0,0.0,0
322.0,321.0,68.0,47.24,13.0,0.05362,0.10433,279.31,17.22,1.0,475.0,2.0,0.0,1.0,0.44187,0.36594,2.90234,0.0,0.0,1
323.0,322.0,387.0,31.77,11.0,0.19118,0.10608,940.68,11.89,0.0,638.0,1.0,0.0,0.0,1.01016,0.69822,2.55683,0.0,0.0,0
324.0,323.0,227.0,269.3,10.0,0.47301,0.08296,229.9,18.15,0.0,640.0,1.0,0.0,0.0,1.95176,1.0824,2.95219,0.0,0.0,0
325.0,324.0,243.0,124.45,15.0,0.52038,0.17624,558.79,18.69,1.0,1841.0,3.0,0.0,1.0,1.73395,1.00575,2.97999,0.0,0.0,0
326.0,325.0,165.0,249.18,12.0,0.15477,0.26223,193.78,148.19,2.0,1180.0,5.0,1.0,0.0,3.81777,1.57231,5.00523,0.0,0.0,1
327.0,326.0,242.0,52.26,6.0,0.31347,0.05692,749.71,1.36,1.0,311.0,2.0,0.0,1.0,1.46042,0.90033,0.85859,0.0,0.0,0
328.0,327.0,95.0,134.15,10.0,0.20357,0.06436,0.71,2.46,0.0,1379.0,4.0,0.0,0.0,2.62563,1.28803,1.24176,0.0,1.0,1
329.0,328.0,82.0,13.84,16.0,0.49789,0.22576,120.81,25.24,1.0,439.0,3.0,0.0,1.0,0.88567,0.63428,3.26724,0.0,0.0,0
330.0,329.0,14.0,88.29,13.0,0.19667,0.03083,435.39,63.5,0.0,274.0,2.0,1.0,0.0,0.90963,0.64691,4.16669,0.0,0.0,0
331.0,330.0,380.0,87.82,14.0,0.52255,0.07712,204.7,4.01,1.0,1896.0,5.0,0.0,1.0,1.98231,1.0927,1.61156,0.0,0.0,0
332.0,331.0,290.0,39.35,1.0,0.27384,0.15904,442.27,9.22,1.0,1510.0,1.0,0.0,0.0,0.88616,0.63454,2.32421,1.0,0.0,0
333.0,332.0,319.0,10.36,10.0,0.29112,0.01503,249.55,7.0,0.0,1189.0,1.0,0.0,1.0,0.16439,0.1522,2.07944,0.0,0.0,0
334.0,333.0,315.0,31.02,15.0,0.04887,0.03233,198.74,125.43,0.0,1127.0,1.0,0.0,1.0,1.20848,0.7923,4.83967,0.0,0.0,0
335.0,334.0,68.0,293.57,10.0,0.15273,0.27417,271.97,10.76,0.0,475.0,1.0,0.0,1.0,2.74603,1.3207,2.46484,0.0,0.0,0
336.0,335.0,264.0,9.05,19.0,0.24404,0.12881,155.47,13.57,0.0,1841.0,1.0,0.0,1.0,0.42726,0.35575,2.67894,0.0,0.0,0
337.0,336.0,158.0,52.49,12.0,0.11684,0.03119,539.06,6.08,0.0,1685.0,3.0,0.0,0.0,1.53004,0.92824,1.95755,0.0,0.0,0
338.0,337.0,116.0,56.72,17.0,0.17438,0.08894,50.29,35.99,1.0,2119.0,4.0,0.0,0.0,0.39718,0.33446,3.61058,0.0,0.0,0
339.0,338.0,64.0,103.37,15.0,0.40007,0.0689,41.26,3.9,2.0,445.0,3.0,0.0,0.0,1.1716,0.77546,1.58883,0.0,0.0,0
340.0,339.0,407.0,216.03,12.0,0.29891,0.07023,90.01,11.3,0.0,835.0,3.0,0.0,1.0,4.85663,1.76757,2.50983,0.0,0.0,0
341.0,340.0,223.0,149.35,15.0,0.06378,0.1838,84.39,3.49,1.0,28.0,2.0,0.0,0.0,3.74947,1.55803,1.50075,0.0,0.0,0
342.0,341.0,205.0,375.7,17.0,0.30499,0.35401,16.19,2.94,1.0,1879.0,3.0,0.0,0.0,2.90471,1.36218,1.36999,0.0,0.0,0
343.0,342.0,46.0,11.96,10.0,0.2539,0.13053,208.52,31.15,1.0,281.0,3.0,0.0,0.0,0.38645,0.32675,3.47048,0.0,0.0,0
344.0,343.0,47.0,6.62,15.0,0.29725,0.2919,16.94,6.97,1.0,1011.0,1.0,0.0,0.0,0.75525,0.56261,2.07604,0.0,0.0,1
345.0,344.0,152.0,129.63,9.0,0.01823,0.19424,596.1,7.43,0.0,1937.0,1.0,0.0,1.0,2.82776,1.34228,2.13135,0.0,0.0,0
346.0,345.0,360.0,103.51,9.0,0.27379,0.08163,221.82,25.15,1.0,2194.0,3.0,0.0,0.0,5.5142,1.87398,3.26392,0.0,0.0,0
347.0,346.0,34.0,177.68,20.0,0.14334,0.14254,0.63,10.06,1.0,400.0,5.0,0.0,1.0,2.11513,1.13627,2.40321,0.0,1.0,0
348.0,347.0,92.0,26.18,17.0,0.02793,0.0239,344.5,7.18,0.0,83.0,1.0,0.0,1.0,0.81305,0.59501,2.10138,0.0,0.0,0
349.0,348.0,332.0,45.97,14.0,0.18181,0.36002,795.83,2.93,1.0,1585.0,0.0,0.0,0.0,1.0368,0.71138,1.36887,0.0,0.0,0
350.0,349.0,350.0,110.89,18.0,0.18289,0.04295,454.72,61.04,1.0,1123.0,1.0,0.0,0.0,0.72014,0.54241,4.12783,0.0,0.0,0
351.0,350.0,230.0,18.75,19.0,0.29959,0.12686,133.12,4.64,0.0,1266.0,4.0,0.0,0.0,0.23139,0.20814,1.72959,0.0,0.0,0
352.0,351.0,252.0,17.69,5.0,0.34504,0.27717,251.16,138.78,0.0,217.0,4.0,1.0,0.0,0.56129,0.44551,4.94006,1.0,0.0,1
353.0,352.0,358.0,52.84,3.0,0.2004,0.09338,75.48,9.83,0.0,1951.0,3.0,0.0,1.0,0.23026,0.20723,2.38251,1.0,0.0,0
354.0,353.0,217.0,217.44,15.0,0.43938,0.25338,571.19,17.02,1.0,213.0,1.0,0.0,1.0,1.68567,0.98793,2.89174,0.0,0.0,0
355.0,354.0,82.0,17.89,18.0,0.2985,0.07141,223.07,122.91,0.0,439.0,2.0,0.0,1.0,1.1442,0.76277,4.81955,0.0,0.0,0
356.0,355.0,74.0,169.16,12.0,0.42085,0.43548,3.2,52.66,0.0,1555.0,3.0,0.0,1.0,2.85315,1.34889,3.98273,0.0,1.0,1
357.0,356.0,83.0,40.16,7.0,0.34875,0.05785,33.78,186.6,1.0,1023.0,2.0,1.0,1.0,0.71496,0.53939,5.23432,0.0,0.0,0
358.0,357.0,350.0,118.95,13.0,0.1273,0.10819,344.28,10.61,1.0,1123.0,3.0,0.0,1.0,0.77244,0.57236,2.45154,0.0,0.0,0
359.0,358.0,238.0,75.42,11.0,0.13887,0.09077,123.11,1.55,0.0,1643.0,2.0,0.0,1.0,2.98782,1.38325,0.93415,0.0,0.0,0
360.0,359.0,112.0,72.18,10.0,0.20035,0.22332,0.35,8.73,1.0,1102.0,4.0,0.0,1.0,0.74045,0.55414,2.27568,0.0,1.0,0
361.0,360.0,183.0,66.63,8.0,0.06439,0.40245,50.39,4.03,0.0,474.0,0.0,0.0,1.0,0.79932,0.58741,1.6147,0.0,0.0,0
362.0,361.0,195.0,5.41,12.0,0.43928,0.13686,227.11,126.26,2.0,1472.0,3.0,0.0,1.0,0.44326,0.36691,4.84623,0.0,0.0,0
363.0,362.0,410.0,204.81,13.0,0.40162,0.01498,490.19,4.54,2.0,2004.0,0.0,0.0,1.0,1.7652,1.01711,1.71162,0.0,0.0,0
364.0,363.0,193.0,5.07,10.0,0.35216,0.07863,123.7,124.42,0.0,137.0,2.0,0.0,1.0,0.63375,0.49087,4.83169,0.0,0.0,0
365.0,364.0,5.0,148.07,15.0,0.36996,0.0857,136.21,22.02,0.0,1734.0,0.0,0.0,0.0,1.90968,1.06804,3.13645,0.0,0.0,0
366.0,365.0,363.0,79.35,21.0,0.3775,0.0824,370.31,6.32,1.0,552.0,2.0,0.0,0.0,1.31144,0.83787,1.98995,0.0,0.0,0
367.0,366.0,377.0,234.89,9.0,0.01229,0.28058,935.16,18.54,0.0,616.0,1.0,0.0,1.0,2.43193,1.23312,2.97253,0.0,0.0,0
368.0,367.0,190.0,22.92,13.0,0.38952,0.10714,183.19,10.07,0.0,401.0,2.0,0.0,0.0,0.64066,0.4951,2.40456,0.0,0.0,0
369.0,368.0,339.0,64.22,18.0,0.15277,0.20055,679.32,29.55,1.0,1709.0,2.0,0.0,0.0,1.83129,1.04073,3.4194,0.0,0.0,0
370.0,369.0,111.0,9.74,11.0,0.03904,0.37167,232.82,15.0,0.0,1109.0,0.0,0.0,0.0,0.37684,0.31979,2.7726,0.0,0.0,0
371.0,370.0,100.0,20.28,18.0,0.23697,0.22014,212.09,21.25,0.0,1929.0,3.0,0.0,1.0,0.62629,0.4863,3.10229,0.0,0.0,0
372.0,371.0,2.0,178.44,10.0,0.61677,0.08338,4.63,19.56,0.0,359.0,4.0,0.0,0.0,1.43521,0.89003,3.02333,0.0,1.0,1
373.0,372.0,76.0,20.09,12.0,0.21653,0.07343,101.56,8.31,1.0,1322.0,0.0,0.0,1.0,0.44004,0.36467,2.23099,0.0,0.0,0
374.0,373.0,166.0,95.08,13.0,0.5081,0.21685,697.99,10.86,0.0,414.0,3.0,0.0,1.0,0.6485,0.49987,2.47313,0.0,0.0,0
375.0,374.0,134.0,19.02,8.0,0.1678,0.46064,124.06,10.26,0.0,813.0,2.0,0.0,0.0,0.51808,0.41745,2.42134,0.0,0.0,0
376.0,375.0,252.0,36.33,1.0,0.41247,0.04696,296.58,19.96,0.0,217.0,2.0,0.0,1.0,1.15267,0.76671,3.0425,1.0,0.0,0
377.0,376.0,208.0,73.84,8.0,0.16143,0.04582,5.84,26.15,2.0,1129.0,1.0,0.0,1.0,1.17981,0.77924,3.30138,0.0,1.0,0
378.0,377.0,201.0,53.99,14.0,0.10479,0.04218,148.47,4.13,0.0,108.0,0.0,0.0,0.0,0.67538,0.51604,1.63495,0.0,0.0,0
379.0,378.0,214.0,51.97,15.0,0.09624,0.01651,4.9,5.34,0.0,376.0,3.0,0.0,0.0,0.63575,0.4921,1.84645,0.0,1.0,0
380.0,379.0,239.0,2.54,11.0,0.49809,0.1058,89.87,124.75,0.0,315.0,2.0,1.0,0.0,0.18846,0.17266,4.83431,0.0,0.0,0
381.0,380.0,191.0,13.19,15.0,0.24118,0.28062,798.93,4.76,1.0,1719.0,4.0,0.0,0.0,0.50459,0.40852,1.75072,0.0,0.0,0
382.0,381.0,294.0,165.8,6.0,0.22004,0.0386,50.1,16.08,1.0,1821.0,2.0,0.0,0.0,2.25282,1.17952,2.83765,0.0,0.0,0
383.0,382.0,386.0,17.28,8.0,0.01,0.11602,728.31,9.41,0.0,1740.0,2.0,0.0,1.0,0.67069,0.51324,2.34263,0.0,0.0,0
384.0,383.0,315.0,63.24,14.0,0.35528,0.05173,89.4,55.88,0.0,1127.0,5.0,0.0,1.0,2.46346,1.24227,4.04103,0.0,0.0,0
385.0,384.0,195.0,32.16,16.0,0.33563,0.41597,188.63,86.44,1.0,1472.0,5.0,1.0,1.0,2.63351,1.2902,4.47096,0.0,0.0,1
386.0,385.0,80.0,94.59,20.0,0.09597,0.39868,209.88,14.44,0.0,301.0,3.0,0.0,1.0,2.9574,1.37559,2.73674,0.0,0.0,0
387.0,386.0,407.0,33.16,15.0,0.02356,0.04298,314.57,8.94,0.0,835.0,2.0,0.0,1.0,0.74549,0.55704,2.2961,0.0,0.0,0
388.0,387.0,212.0,33.27,6.0,0.05953,0.11444,39.48,11.44,0.0,1636.0,1.0,0.0,1.0,1.0556,0.72057,2.52125,0.0,0.0,0
389.0,388.0,284.0,8.1,14.0,0.40562,0.28368,193.29,40.36,0.0,427.0,1.0,0.0,1.0,0.28168,0.24818,3.72242,0.0,0.0,0
390.0,389.0,66.0,261.52,12.0,0.18594,0.28502,190.92,42.64,0.0,99.0,0.0,0.0,1.0,3.10437,1.41205,3.77595,0.0,0.0,0
391.0,390.0,310.0,16.12,10.0,0.17116,0.24049,301.16,12.41,0.0,516.0,2.0,0.0,1.0,0.37159,0.31597,2.59615,0.0,0.0,0
392.0,391.0,179.0,92.82,20.0,0.1004,0.27583,259.6,20.58,0.0,1808.0,2.0,0.0,0.0,1.33266,0.84701,3.07167,0.0,0.0,0
393.0,392.0,307.0,222.11,16.0,0.4212,0.07527,141.12,11.23,0.0,2026.0,2.0,0.0,1.0,2.63569,1.2908,2.50407,0.0,0.0,0
394.0,393.0,411.0,63.55,21.0,0.14852,0.50943,557.13,85.27,0.0,1445.0,4.0,1.0,1.0,0.70394,0.53294,4.45751,0.0,0.0,1
395.0,394.0,83.0,38.15,5.0,0.47855,0.0427,34.74,90.45,0.0,1023.0,4.0,1.0,1.0,0.6791,0.51826,4.5158,1.0,0.0,0
396.0,395.0,278.0,374.29,16.0,0.13969,0.16865,450.14,24.32,0.0,457.0,2.0,1.0,1.0,3.72114,1.55205,3.23161,0.0,0.0,0
397.0,396.0,352.0,44.95,19.0,0.15453,0.1294,81.89,29.38,0.0,1181.0,2.0,0.0,0.0,0.50632,0.40967,3.41387,0.0,0.0,0
398.0,397.0,390.0,122.56,8.0,0.33902,0.09507,178.55,21.46,1.0,184.0,1.0,0.0,1.0,1.75591,1.01375,3.11156,0.0,0.0,0
399.0,398.0,217.0,131.17,18.0,0.20967,0.02794,151.25,507.01,0.0,213.0,0.0,1.0,0.0,1.01685,0.70154,6.23051,0.0,0.0,0
400.0,399.0,57.0,22.24,15.0,0.25694,0.04,347.14,9.0,1.0,1136.0,4.0,0.0,1.0,0.88966,0.6364,2.30267,0.0,0.0,1
401.0,400.0,250.0,47.79,8.0,0.0219,0.35758,495.15,369.49,0.0,1017.0,3.0,1.0,1.0,0.86351,0.62246,5.91482,0.0,0.0,0
402.0,401.0,335.0,85.05,18.0,0.04358,0.01815,32.86,7.49,0.0,2088.0,2.0,0.0,1.0,1.08429,0.73443,2.13935,0.0,0.0,0
403.0,402.0,300.0,22.23,6.0,0.16438,0.08172,144.56,3.89,1.0,1290.0,0.0,0.0,0.0,0.76512,0.56822,1.58648,0.0,0.0,0
404.0,403.0,214.0,19.34,16.0,0.38705,0.36453,101.4,184.53,2.0,376.0,3.0,1.0,0.0,0.23661,0.21237,5.22324,0.0,0.0,1
405.0,404.0,350.0,39.62,17.0,0.21406,0.07598,651.72,13.44,1.0,1123.0,2.0,0.0,1.0,0.25733,0.22899,2.67032,0.0,0.0,0
406.0,405.0,42.0,10.31,9.0,0.27493,0.13141,302.28,26.36,0.0,1866.0,2.0,0.0,1.0,0.63012,0.48866,3.30906,0.0,0.0,0
407.0,406.0,304.0,193.25,11.0,0.44646,0.46959,172.3,23.75,1.0,1312.0,1.0,0.0,1.0,3.75739,1.5597,3.20881,0.0,0.0,0
408.0,407.0,56.0,20.21,9.0,0.31507,0.0301,284.86,49.67,0.0,1084.0,1.0,0.0,1.0,0.64375,0.49698,3.92539,0.0,0.0,0
409.0,408.0,121.0,12.51,16.0,0.60637,0.0326,490.21,18.29,2.0,1295.0,2.0,0.0,0.0,0.66854,0.51195,2.95956,0.0,0.0,1
410.0,409.0,412.0,549.93,9.0,0.10083,0.38727,894.41,6.49,1.0,243.0,2.0,0.0,1.0,9.38253,2.34012,2.01336,0.0,0.0,0
411.0,410.0,365.0,107.94,10.0,0.48241,0.02747,929.03,9.21,2.0,60.0,3.0,0.0,1.0,1.09054,0.73742,2.32335,0.0,0.0,0
412.0,411.0,303.0,157.43,8.0,0.09399,0.26682,770.85,66.48,1.0,306.0,0.0,0.0,1.0,4.21429,1.6514,4.2119,0.0,0.0,0
413.0,412.0,394.0,75.35,14.0,0.07973,0.11173,1.08,21.36,0.0,2033.0,0.0,0.0,1.0,1.07208,0.72855,3.10745,0.0,1.0,0
414.0,413.0,219.0,257.66,8.0,0.10652,0.01364,349.74,123.35,0.0,1437.0,2.0,1.0,1.0,5.33531,1.84614,4.82306,0.0,0.0,0
415.0,414.0,143.0,19.32,16.0,0.2839,0.39311,286.21,9.81,2.0,1689.0,4.0,0.0,0.0,0.59391,0.46619,2.38092,0.0,0.0,0
416.0,415.0,358.0,120.74,4.0,0.3429,0.15973,150.34,3.49,1.0,1951.0,1.0,0.0,1.0,0.52618,0.42277,1.5013,1.0,0.0,0
417.0,416.0,372.0,165.38,16.0,0.06165,0.07686,590.61,42.34,0.0,1276.0,4.0,1.0,0.0,3.71702,1.55118,3.76897,0.0,0.0,1
418.0,417.0,269.0,108.88,14.0,0.09689,0.0372,381.22,8.04,0.0,659.0,3.0,0.0,0.0,1.14477,0.76303,2.2018,0.0,0.0,0
419.0,418.0,27.0,109.68,6.0,0.33964,0.01729,151.69,1309.67,1.0,1949.0,3.0,1.0,0.0,1.91262,1.06905,7.17829,0.0,0.0,0
420.0,419.0,349.0,110.94,13.0,0.11174,0.23742,214.52,10.03,1.0,2005.0,2.0,0.0,1.0,0.72395,0.54462,2.40035,0.0,0.0,0
421.0,420.0,98.0,57.22,16.0,0.26051,0.3392,102.56,105.33,0.0,208.0,0.0,1.0,1.0,2.21287,1.16716,4.66657,0.0,0.0,0
422.0,421.0,64.0,326.95,18.0,0.15065,0.11744,14.03,116.69,0.0,445.0,2.0,0.0,0.0,3.70565,1.54876,4.76801,0.0,0.0,0
423.0,422.0,105.0,99.98,11.0,0.43649,0.19536,309.84,15.44,1.0,1540.0,1.0,0.0,0.0,0.58874,0.46294,2.79965,0.0,0.0,0
424.0,423.0,354.0,75.2,5.0,0.3372,0.04486,539.6,6.65,1.0,1115.0,3.0,0.0,0.0,2.80888,1.33733,2.03501,1.0,0.0,1
425.0,424.0,392.0,45.85,12.0,0.47656,0.1902,244.66,4.17,1.0,1316.0,1.0,0.0,1.0,0.68191,0.51993,1.64301,0.0,0.0,0
426.0,425.0,379.0,25.23,5.0,0.37433,0.0175,243.66,61.06,0.0,230.0,3.0,0.0,0.0,1.16451,0.7722,4.12811,1.0,0.0,0
427.0,426.0,251.0,136.63,17.0,0.16395,0.23979,105.4,55.01,0.0,1493.0,1.0,0.0,1.0,2.31909,1.19969,4.02555,0.0,0.0,0
428.0,427.0,236.0,149.59,4.0,0.48271,0.22523,231.89,10.34,0.0,1333.0,1.0,0.0,1.0,4.03524,1.61646,2.42796,1.0,0.0,0
429.0,428.0,38.0,69.73,7.0,0.05489,0.13885,843.25,7.11,0.0,311.0,3.0,0.0,0.0,1.76193,1.01593,2.09308,0.0,0.0,1
430.0,429.0,208.0,119.04,10.0,0.61018,0.01821,619.21,46.15,0.0,1129.0,0.0,0.0,1.0,1.90189,1.06536,3.85335,0.0,0.0,0
431.0,430.0,276.0,48.72,13.0,0.24362,0.04465,716.18,5.42,1.0,2164.0,1.0,0.0,0.0,0.3871,0.32722,1.85926,0.0,0.0,0
432.0,431.0,400.0,87.75,3.0,0.12027,0.01901,183.97,3.31,0.0,783.0,3.0,0.0,0.0,2.17434,1.1551,1.46178,1.0,0.0,0
433.0,432.0,343.0,248.39,14.0,0.35105,0.18809,271.91,3.99,1.0,838.0,1.0,0.0,1.0,5.76885,1.91233,1.6068,0.0,0.0,0
434.0,433.0,190.0,96.82,15.0,0.13899,0.01339,443.24,29.33,0.0,401.0,1.0,0.0,1.0,2.70611,1.30998,3.41203,0.0,0.0,0
435.0,434.0,138.0,31.5,16.0,0.082,0.25958,358.85,16.96,0.0,1772.0,0.0,0.0,0.0,0.68075,0.51924,2.88791,0.0,0.0,0
436.0,435.0,268.0,31.85,14.0,0.37726,0.05515,599.41,4.42,2.0,423.0,0.0,0.0,1.0,0.59936,0.4696,1.6904,0.0,0.0,0
437.0,436.0,22.0,8.16,8.0,0.48269,0.03351,224.6,24.25,0.0,1861.0,4.0,0.0,1.0,0.31909,0.27694,3.229,0.0,0.0,0
438.0,437.0,69.0,11.73,12.0,0.30101,0.10167,312.8,9.43,1.0,1782.0,4.0,0.0,1.0,0.28608,0.2516,2.34492,0.0,0.0,0
439.0,438.0,209.0,46.11,17.0,0.22215,0.18718,507.29,20.56,0.0,2176.0,1.0,0.0,1.0,0.774,0.57324,3.07071,0.0,0.0,0
440.0,439.0,126.0,99.12,15.0,0.18455,0.22953,189.74,9.1,0.0,1167.0,2.0,0.0,1.0,1.95201,1.08249,2.31245,0.0,0.0,0
441.0,440.0,209.0,82.67,8.0,0.21574,0.1468,114.06,3.5,0.0,2176.0,1.0,1.0,0.0,1.38763,0.8703,1.50424,0.0,0.0,0
442.0,441.0,383.0,13.36,6.0,0.07228,0.05616,259.16,8.93,0.0,1724.0,0.0,0.0,1.0,0.37702,0.31992,2.29565,0.0,0.0,0
443.0,442.0,319.0,99.7,8.0,0.348,0.01,172.23,9.15,0.0,1189.0,1.0,0.0,1.0,1.58245,0.94874,2.31699,0.0,0.0,0
444.0,443.0,290.0,212.58,14.0,0.05661,0.34057,345.27,12.55,1.0,1510.0,5.0,0.0,1.0,4.78771,1.75574,2.60617,0.0,0.0,0
445.0,444.0,297.0,321.89,11.0,0.43776,0.1315,39.89,2.83,2.0,1797.0,4.0,0.0,0.0,1.74907,1.01126,1.34381,0.0,0.0,0
446.0,445.0,371.0,524.31,8.0,0.26659,0.22865,37.46,27.27,0.0,487.0,4.0,0.0,1.0,7.58039,2.14948,3.34168,0.0,0.0,0
447.0,446.0,279.0,46.44,15.0,0.1618,0.20252,546.8,234.41,0.0,2113.0,1.0,1.0,1.0,0.75665,0.56341,5.46134,0.0,0.0,0
448.0,447.0,124.0,39.64,14.0,0.50521,0.54194,36.03,391.78,0.0,60.0,4.0,1.0,0.0,1.0439,0.71486,5.97326,0.0,0.0,1
449.0,448.0,14.0,247.83,4.0,0.05464,0.05324,468.07,40.39,0.0,274.0,3.0,0.0,0.0,2.55327,1.26787,3.72303,1.0,0.0,1
450.0,449.0,230.0,150.38,18.0,0.41581,0.3577,156.13,37.38,1.0,1266.0,2.0,0.0,1.0,1.85549,1.04924,3.64747,0.0,0.0,0
451.0,450.0,88.0,66.93,8.0,0.25055,0.06774,83.75,5.33,0.0,982.0,2.0,0.0,0.0,0.65514,0.50388,1.84475,0.0,0.0,0
452.0,451.0,25.0,29.93,6.0,0.26733,0.09067,191.98,3.03,0.0,461.0,1.0,0.0,1.0,0.43855,0.36363,1.3942,0.0,0.0,0
453.0,452.0,275.0,29.28,17.0,0.08069,0.03878,50.32,20.62,1.0,327.0,4.0,0.0,1.0,0.56399,0.44724,3.0736,0.0,0.0,0
454.0,453.0,233.0,16.47,12.0,0.06004,0.1243,909.29,33.68,0.0,1453.0,1.0,0.0,1.0,0.59232,0.46519,3.5462,0.0,0.0,0
455.0,454.0,54.0,219.59,15.0,0.38462,0.20687,48.36,3.67,1.0,427.0,2.0,0.0,1.0,1.63596,0.96925,1.5409,0.0,0.0,0
456.0,455.0,340.0,35.81,17.0,0.17792,0.05556,864.13,13.76,1.0,1090.0,3.0,0.0,1.0,0.45539,0.37528,2.69163,0.0,0.0,0
457.0,456.0,277.0,110.75,16.0,0.23466,0.0209,489.92,92.8,0.0,198.0,1.0,0.0,1.0,2.82367,1.34121,4.54114,0.0,0.0,1
458.0,457.0,330.0,552.17,8.0,0.55087,0.01372,343.46,7.64,0.0,1086.0,3.0,0.0,0.0,5.08474,1.80578,2.15691,0.0,0.0,0
459.0,458.0,181.0,120.27,17.0,0.39757,0.17525,125.35,28.85,0.0,1501.0,1.0,0.0,1.0,3.31752,1.46268,3.39635,0.0,0.0,0
460.0,459.0,92.0,32.61,19.0,0.17333,0.25898,789.97,25.98,0.0,83.0,3.0,0.0,1.0,1.01266,0.69946,3.29521,0.0,0.0,0
461.0,460.0,148.0,30.24,17.0,0.11903,0.23321,643.83,7.36,0.0,1988.0,2.0,0.0,1.0,0.97979,0.68299,2.12313,0.0,0.0,0
462.0,461.0,55.0,23.71,8.0,0.16721,0.42842,516.52,24.32,0.0,1157.0,1.0,0.0,1.0,0.31299,0.27231,3.23147,0.0,0.0,0
463.0,462.0,310.0,19.34,15.0,0.12907,0.05826,318.29,11.78,0.0,516.0,2.0,0.0,1.0,0.44598,0.36879,2.54753,0.0,0.0,0
464.0,463.0,278.0,54.48,14.0,0.43721,0.40216,414.99,7.75,0.0,457.0,2.0,0.0,0.0,0.54167,0.43287,2.16894,0.0,0.0,0
465.0,464.0,166.0,143.27,10.0,0.03495,0.08559,572.68,7.48,0.0,414.0,1.0,0.0,0.0,0.97714,0.68165,2.1372,0.0,0.0,0
466.0,465.0,108.0,926.62,19.0,0.04111,0.0676,27.96,6.79,0.0,1757.0,2.0,0.0,1.0,10.396,2.43326,2.05343,0.0,0.0,0
467.0,466.0,207.0,16.4,13.0,0.05001,0.1144,309.12,5.43,0.0,304.0,1.0,0.0,1.0,0.33633,0.28993,1.86036,0.0,0.0,0
468.0,467.0,282.0,188.97,18.0,0.33721,0.14733,138.97,29.34,0.0,2082.0,0.0,0.0,1.0,1.13348,0.75775,3.41261,0.0,0.0,0
469.0,468.0,88.0,142.25,20.0,0.34355,0.2169,47.76,30.83,0.0,982.0,2.0,0.0,0.0,1.3924,0.8723,3.46049,0.0,0.0,0
470.0,469.0,149.0,105.63,9.0,0.01637,0.01,14.65,12.46,0.0,651.0,1.0,0.0,1.0,1.63724,0.96973,2.59951,0.0,0.0,0
471.0,470.0,346.0,378.89,16.0,0.09134,0.06683,327.78,7.64,0.0,2186.0,1.0,0.0,0.0,2.68435,1.30409,2.15645,0.0,0.0,0
472.0,471.0,32.0,66.33,16.0,0.03984,0.01857,600.78,42.85,0.0,880.0,0.0,0.0,1.0,2.91502,1.36482,3.78076,0.0,0.0,0
473.0,472.0,102.0,21.23,12.0,0.45022,0.16991,56.19,209.81,1.0,471.0,3.0,1.0,0.0,0.60151,0.47094,5.35097,0.0,0.0,1
474.0,473.0,93.0,39.2,3.0,0.4599,0.31508,147.96,18.0,0.0,1443.0,1.0,0.0,0.0,0.60657,0.4741,2.94454,1.0,0.0,0
475.0,474.0,77.0,60.68,16.0,0.2076,0.3602,117.53,159.51,2.0,698.0,6.0,1.0,0.0,0.73904,0.55333,5.07836,0.0,0.0,1
476.0,475.0,50.0,52.43,8.0,0.33079,0.19802,18.83,192.33,0.0,1298.0,1.0,1.0,0.0,0.72519,0.54534,5.26441,0.0,0.0,0
477.0,476.0,143.0,24.99,4.0,0.24638,0.20319,129.41,104.59,1.0,1689.0,3.0,0.0,0.0,0.76839,0.57007,4.65958,1.0,0.0,0
478.0,477.0,328.0,9.49,12.0,0.19519,0.22771,12.82,20.89,0.0,884.0,2.0,0.0,0.0,0.14382,0.13437,3.08619,0.0,0.0,0
479.0,478.0,413.0,761.14,18.0,0.61907,0.04596,407.18,11.03,0.0,1692.0,3.0,0.0,0.0,6.24342,1.98009,2.48703,0.0,0.0,0
480.0,479.0,185.0,109.92,20.0,0.22193,0.01,632.37,40.2,0.0,1619.0,1.0,0.0,1.0,1.86291,1.05184,3.71854,0.0,0.0,0
481.0,480.0,415.0,102.52,19.0,0.24421,0.13555,15.59,1.84,0.0,1982.0,1.0,0.0,1.0,2.69856,1.30794,1.04474,0.0,0.0,0
482.0,481.0,11.0,51.47,16.0,0.10989,0.2237,133.79,16.76,0.0,295.0,1.0,0.0,0.0,1.4557,0.89841,2.87682,0.0,0.0,0
483.0,482.0,402.0,56.12,14.0,0.30971,0.19717,333.11,195.2,0.0,891.0,2.0,1.0,1.0,0.75796,0.56415,5.27911,0.0,0.0,0
484.0,483.0,8.0,84.06,4.0,0.64995,0.15344,236.12,36.06,1.0,1553.0,4.0,0.0,0.0,1.60944,0.95914,3.61257,1.0,0.0,0
485.0,484.0,76.0,14.17,18.0,0.21162,0.19414,498.06,152.35,0.0,1322.0,2.0,1.0,0.0,0.31042,0.27035,5.03274,0.0,0.0,0
486.0,485.0,192.0,34.76,12.0,0.05241,0.44478,667.99,22.72,0.0,408.0,4.0,0.0,1.0,1.22081,0.79787,3.16635,0.0,0.0,0
487.0,486.0,344.0,75.77,19.0,0.3125,0.06109,500.12,19.48,1.0,258.0,3.0,0.0,1.0,1.08891,0.73664,3.01962,0.0,0.0,0
488.0,487.0,216.0,170.4,15.0,0.18501,0.18518,508.21,4.31,0.0,1685.0,3.0,0.0,1.0,2.51524,1.25711,1.66893,0.0,0.0,0
489.0,488.0,257.0,194.96,8.0,0.07928,0.28987,289.24,5.87,0.0,2159.0,0.0,0.0,0.0,1.22974,0.80189,1.9267,0.0,0.0,0
490.0,489.0,206.0,17.24,10.0,0.14763,0.03937,78.96,19.66,0.0,1648.0,1.0,0.0,1.0,0.80244,0.58914,3.02835,0.0,0.0,0
491.0,490.0,374.0,42.74,0.0,0.32454,0.17882,383.62,136.16,1.0,1533.0,5.0,0.0,1.0,0.81261,0.59477,4.92118,1.0,0.0,0
492.0,491.0,412.0,228.89,15.0,0.06505,0.02075,802.15,5.77,1.0,243.0,1.0,0.0,1.0,3.9052,1.5903,1.91203,0.0,0.0,0
493.0,492.0,364.0,19.94,14.0,0.10074,0.01,288.59,1.14,0.0,1357.0,3.0,0.0,0.0,1.36387,0.8603,0.75902,0.0,0.0,0
494.0,493.0,15.0,51.88,14.0,0.49516,0.23616,340.9,33.58,0.0,2047.0,0.0,0.0,0.0,0.5113,0.41297,3.54332,0.0,0.0,0
495.0,494.0,96.0,23.49,6.0,0.07545,0.34204,621.74,542.0,1.0,1917.0,0.0,1.0,1.0,0.48527,0.39559,6.29711,0.0,0.0,0
496.0,495.0,275.0,44.54,2.0,0.27163,0.21158,155.21,310.3,1.0,327.0,2.0,1.0,0.0,0.85788,0.61943,5.74077,1.0,0.0,1
497.0,496.0,178.0,46.19,15.0,0.38041,0.15064,615.4,33.38,0.0,563.0,1.0,0.0,1.0,0.24657,0.22039,3.53742,0.0,0.0,0
498.0,497.0,379.0,48.66,7.0,0.2217,0.04876,425.77,11.77,0.0,230.0,3.0,0.0,0.0,2.24587,1.17738,2.54746,0.0,0.0,0
499.0,498.0,285.0,183.81,13.0,0.69915,0.2502,195.14,30.67,0.0,1446.0,4.0,0.0,1.0,2.40191,1.22434,3.45541,0.0,0.0,0
500.0,499.0,226.0,52.56,12.0,0.10215,0.02686,236.62,13.15,0.0,1331.0,1.0,0.0,1.0,1.6647,0.98009,2.64964,0.0,0.0,0
501.0,500.0,387.0,45.01,18.0,0.34314,0.1706,893.08,74.6,2.0,638.0,5.0,0.0,1.0,1.43113,0.88836,4.32545,0.0,0.0,0
502.0,501.0,374.0,11.09,21.0,0.22216,0.03789,6.46,6.58,0.0,1533.0,0.0,0.0,1.0,0.21079,0.19128,2.02544,0.0,1.0,0
503.0,502.0,26.0,106.73,15.0,0.41536,0.07357,189.18,7.06,1.0,325.0,3.0,0.0,1.0,2.84524,1.34684,2.08655,0.0,0.0,0
504.0,503.0,387.0,45.49,4.0,0.18781,0.2688,874.4,10.69,0.0,638.0,1.0,0.0,0.0,1.4462,0.89453,2.45856,1.0,0.0,1
505.0,504.0,353.0,28.17,3.0,0.25304,0.02758,161.39,10.1,1.0,1053.0,3.0,0.0,0.0,0.69646,0.52854,2.40663,1.0,0.0,0
506.0,505.0,290.0,83.06,14.0,0.07483,0.1709,394.71,2.66,0.0,1510.0,0.0,0.0,1.0,1.87077,1.05458,1.29838,0.0,0.0,0
507.0,506.0,194.0,16.39,2.0,0.18594,0.09175,448.47,10.59,0.0,1488.0,2.0,0.0,1.0,1.06846,0.7268,2.45055,1.0,0.0,0
508.0,507.0,152.0,32.47,11.0,0.11551,0.3598,492.55,0.78,0.0,1937.0,2.0,0.0,1.0,0.70836,0.53553,0.57558,0.0,0.0,0
509.0,508.0,284.0,3.03,10.0,0.10583,0.66397,277.66,153.85,1.0,427.0,1.0,1.0,1.0,0.1052,0.10003,5.04245,0.0,0.0,1
510.0,509.0,46.0,66.09,12.0,0.33327,0.13451,228.22,352.72,0.0,281.0,0.0,1.0,0.0,2.13568,1.14285,5.86851,0.0,0.0,1
511.0,510.0,60.0,41.13,14.0,0.6615,0.05334,92.52,2.97,0.0,1515.0,0.0,0.0,1.0,0.27752,0.24492,1.37907,0.0,0.0,0
512.0,511.0,403.0,65.67,10.0,0.47458,0.37687,154.67,5.72,1.0,65.0,1.0,0.0,0.0,0.62244,0.48393,1.90472,0.0,0.0,0
513.0,512.0,110.0,41.67,18.0,0.16983,0.06747,261.07,13.02,0.0,1886.0,2.0,0.0,0.0,0.85105,0.61576,2.64043,0.0,0.0,0
514.0,513.0,368.0,33.63,22.0,0.55914,0.04613,201.16,8.15,0.0,578.0,1.0,0.0,1.0,0.69087,0.52524,2.21425,0.0,0.0,0
515.0,514.0,94.0,35.03,15.0,0.1561,0.01991,174.42,17.71,1.0,906.0,2.0,0.0,0.0,0.91069,0.64747,2.92915,0.0,0.0,0
516.0,515.0,120.0,193.93,10.0,0.20568,0.0578,62.34,3.5,0.0,1861.0,2.0,0.0,1.0,3.23321,1.44296,1.50405,0.0,0.0,0
517.0,516.0,67.0,102.85,12.0,0.22725,0.0748,373.56,42.68,1.0,1146.0,4.0,0.0,0.0,7.67278,2.16019,3.77685,0.0,0.0,0
518.0,517.0,184.0,1100.67,10.0,0.34653,0.04104,508.63,17.57,0.0,1630.0,1.0,0.0,0.0,4.66534,1.73437,2.92151,0.0,0.0,0
519.0,518.0,112.0,37.74,15.0,0.2705,0.12475,141.25,27.75,0.0,1102.0,0.0,0.0,1.0,0.38716,0.32726,3.35846,0.0,0.0,0
520.0,519.0,32.0,9.53,14.0,0.25798,0.04559,772.18,8.39,0.0,880.0,2.0,0.0,0.0,0.41869,0.34974,2.23963,0.0,0.0,0
521.0,520.0,316.0,77.37,19.0,0.06543,0.08961,498.3,49.72,1.0,693.0,0.0,1.0,1.0,1.22206,0.79843,3.92634,0.0,0.0,0
522.0,521.0,238.0,31.21,18.0,0.26798,0.05246,2.69,3.68,0.0,1643.0,1.0,0.0,1.0,1.23649,0.80491,1.544,0.0,1.0,0
523.0,522.0,171.0,21.43,13.0,0.09062,0.21581,170.9,12.43,0.0,1418.0,2.0,0.0,1.0,0.77157,0.57187,2.59726,0.0,0.0,0
524.0,523.0,160.0,285.9,18.0,0.48512,0.06581,32.91,55.13,3.0,626.0,2.0,0.0,0.0,2.03671,1.11077,4.02763,0.0,0.0,1
525.0,524.0,325.0,67.43,8.0,0.04118,0.04009,104.97,25.73,0.0,1576.0,1.0,1.0,0.0,2.30998,1.19694,3.28562,0.0,0.0,0
526.0,525.0,119.0,22.56,19.0,0.25438,0.16002,602.75,13.23,1.0,1514.0,0.0,0.0,0.0,0.47233,0.38685,2.65541,0.0,0.0,0
527.0,526.0,201.0,65.61,7.0,0.39022,0.17167,199.5,2.57,1.0,108.0,3.0,0.0,0.0,0.82068,0.59921,1.27136,0.0,0.0,0
528.0,527.0,221.0,147.82,11.0,0.08872,0.22502,637.97,65.6,1.0,110.0,1.0,0.0,1.0,2.00636,1.10073,4.19878,0.0,0.0,0
529.0,528.0,345.0,21.28,7.0,0.31473,0.15322,273.24,5.52,0.0,1962.0,0.0,0.0,1.0,0.6275,0.48704,1.87551,0.0,0.0,0
530.0,529.0,145.0,42.75,19.0,0.19094,0.05122,384.59,9.89,2.0,1658.0,2.0,0.0,1.0,1.06213,0.72374,2.38825,0.0,0.0,0
531.0,530.0,409.0,78.85,21.0,0.49592,0.14714,148.3,3.39,0.0,1009.0,1.0,0.0,1.0,1.94662,1.08066,1.47953,0.0,0.0,0
532.0,531.0,261.0,14.2,5.0,0.16878,0.16848,181.35,22.32,1.0,539.0,1.0,0.0,1.0,0.56147,0.44563,3.14934,1.0,0.0,0
533.0,532.0,81.0,35.32,19.0,0.16451,0.01,87.15,36.69,1.0,1575.0,0.0,0.0,0.0,0.47587,0.38925,3.62938,0.0,0.0,0
534.0,533.0,409.0,18.96,12.0,0.0855,0.01711,568.92,8.01,0.0,1009.0,2.0,0.0,1.0,0.46812,0.38398,2.19782,0.0,0.0,0
535.0,534.0,391.0,180.33,14.0,0.20653,0.01223,190.07,4.83,0.0,234.0,1.0,0.0,1.0,2.73719,1.31833,1.76221,0.0,0.0,0
536.0,535.0,406.0,88.09,6.0,0.44491,0.06796,202.15,34.21,2.0,2103.0,6.0,0.0,1.0,1.98091,1.09223,3.56139,0.0,0.0,0
537.0,536.0,359.0,176.09,14.0,0.06923,0.47708,875.96,100.25,0.0,1172.0,4.0,1.0,1.0,2.14536,1.14593,4.61758,0.0,0.0,0
538.0,537.0,286.0,272.52,15.0,0.50772,0.25648,420.45,12.48,1.0,1906.0,2.0,0.0,0.0,1.93792,1.0777,2.60124,0.0,0.0,0
539.0,538.0,150.0,147.03,9.0,0.08714,0.06813,119.97,199.58,0.0,467.0,0.0,0.0,1.0,2.50685,1.25472,5.3012,0.0,0.0,0
540.0,539.0,29.0,61.41,9.0,0.52937,0.0975,65.13,9.38,2.0,498.0,1.0,0.0,0.0,1.28824,0.82778,2.33968,0.0,0.0,0
541.0,540.0,405.0,195.02,12.0,0.35818,0.34937,755.13,10.15,1.0,1562.0,2.0,0.0,1.0,2.73762,1.31845,2.41139,0.0,0.0,0
542.0,541.0,416.0,258.37,6.0,0.13082,0.05662,73.07,6.69,0.0,737.0,2.0,0.0,1.0,1.72608,1.00287,2.03996,0.0,0.0,0
543.0,542.0,248.0,93.08,8.0,0.56797,0.11972,68.48,3.33,1.0,1951.0,2.0,0.0,1.0,1.53379,0.92971,1.46544,0.0,0.0,0
544.0,543.0,16.0,25.86,20.0,0.31023,0.4147,404.73,4.51,0.0,1013.0,1.0,0.0,1.0,0.50045,0.40576,1.70685,0.0,0.0,0
545.0,544.0,206.0,17.34,10.0,0.28312,0.07442,84.3,6.07,0.0,1648.0,1.0,0.0,1.0,0.80723,0.5918,1.95635,0.0,0.0,0
546.0,545.0,326.0,33.44,13.0,0.22039,0.01832,81.72,15.88,0.0,1283.0,1.0,0.0,1.0,1.06898,0.72705,2.82629,0.0,0.0,0
547.0,546.0,391.0,375.36,10.0,0.22867,0.11192,258.51,5.96,1.0,234.0,3.0,0.0,0.0,5.69754,1.90174,1.93963,0.0,0.0,0
548.0,547.0,136.0,44.3,2.0,0.34866,0.06513,537.11,26.85,0.0,1185.0,4.0,0.0,0.0,0.44077,0.36517,3.32671,1.0,0.0,1
549.0,548.0,89.0,159.03,6.0,0.2936,0.1452,338.6,18.62,0.0,1378.0,1.0,0.0,1.0,2.11843,1.13733,2.97633,0.0,0.0,0
550.0,549.0,183.0,622.42,6.0,0.16569,0.07969,6.55,144.64,0.0,474.0,2.0,1.0,0.0,7.46724,2.1362,4.98111,0.0,1.0,1
551.0,550.0,94.0,60.49,8.0,0.28239,0.11817,308.58,18.17,1.0,906.0,4.0,0.0,0.0,1.57272,0.94496,2.9535,0.0,0.0,0
552.0,551.0,26.0,101.62,7.0,0.42388,0.17156,458.58,15.83,2.0,325.0,1.0,0.0,0.0,2.70901,1.31077,2.82293,0.0,0.0,1
553.0,552.0,69.0,14.9,10.0,0.31954,0.11395,221.11,13.66,0.0,1782.0,2.0,0.0,1.0,0.36326,0.30988,2.68537,0.0,0.0,0
554.0,553.0,367.0,58.03,19.0,0.13029,0.38016,26.75,42.07,0.0,1754.0,3.0,0.0,0.0,0.81337,0.59519,3.7629,0.0,0.0,0
555.0,554.0,26.0,29.63,11.0,0.20891,0.4606,436.74,18.86,0.0,325.0,2.0,0.0,1.0,0.78984,0.58213,2.98872,0.0,0.0,0
556.0,555.0,294.0,100.91,16.0,0.12055,0.01351,37.79,76.09,2.0,1821.0,1.0,0.0,0.0,1.3711,0.86336,4.345,0.0,0.0,0
557.0,556.0,301.0,14.13,20.0,0.43391,0.23078,149.0,44.23,0.0,485.0,2.0,0.0,1.0,0.5309,0.42585,3.81168,0.0,0.0,0
558.0,557.0,100.0,78.91,16.0,0.01,0.08495,294.14,26.54,0.0,1929.0,2.0,0.0,1.0,2.43696,1.23459,3.31551,0.0,0.0,0
559.0,558.0,255.0,107.49,9.0,0.39323,0.03604,420.64,2.54,0.0,1608.0,2.0,0.0,1.0,0.99639,0.69134,1.26305,0.0,0.0,0
560.0,559.0,81.0,63.1,7.0,0.07989,0.03355,139.53,5.13,1.0,1575.0,3.0,0.0,1.0,0.85033,0.61536,1.81251,0.0,0.0,0
561.0,560.0,283.0,28.09,10.0,0.17727,0.24894,74.63,101.94,1.0,69.0,1.0,1.0,0.0,0.62456,0.48524,4.6341,0.0,0.0,0
562.0,561.0,206.0,59.71,10.0,0.03441,0.21721,51.91,80.12,2.0,1648.0,2.0,0.0,0.0,2.77919,1.32951,4.39592,0.0,0.0,1
563.0,562.0,223.0,26.98,15.0,0.23539,0.1463,45.03,166.64,1.0,28.0,3.0,1.0,1.0,0.67724,0.51715,5.12182,0.0,0.0,0
564.0,563.0,314.0,36.75,9.0,0.19683,0.02157,117.88,4.72,0.0,1324.0,1.0,0.0,1.0,1.06193,0.72364,1.74458,0.0,0.0,0
565.0,564.0,364.0,19.57,0.0,0.0954,0.20067,483.38,51.84,2.0,1357.0,2.0,1.0,1.0,1.33886,0.84966,3.9672,1.0,0.0,0
566.0,565.0,383.0,32.05,5.0,0.16005,0.39632,329.04,219.98,2.0,1724.0,2.0,1.0,1.0,0.90481,0.64438,5.39809,1.0,0.0,0
567.0,566.0,237.0,61.39,16.0,0.18214,0.01,255.55,2.1,1.0,1485.0,0.0,0.0,1.0,1.28828,0.8278,1.13014,0.0,0.0,0
568.0,567.0,210.0,169.66,6.0,0.17609,0.08369,357.65,3.9,1.0,471.0,3.0,0.0,1.0,2.70734,1.31031,1.58891,0.0,0.0,0
569.0,568.0,260.0,18.45,14.0,0.14886,0.01,435.65,15.25,0.0,417.0,3.0,0.0,1.0,0.57941,0.45705,2.78817,0.0,0.0,0
570.0,569.0,131.0,70.88,13.0,0.43139,0.24905,4.31,21.34,1.0,335.0,4.0,0.0,0.0,1.06542,0.72534,3.10656,0.0,1.0,1
571.0,570.0,6.0,15.22,10.0,0.19047,0.10626,38.05,2.62,1.0,421.0,1.0,0.0,1.0,1.05892,0.72218,1.287,0.0,0.0,0
572.0,571.0,305.0,8.1,16.0,0.169,0.01,286.6,465.85,2.0,1231.0,1.0,1.0,1.0,0.42479,0.35402,6.14602,0.0,0.0,0
573.0,572.0,134.0,34.62,16.0,0.11838,0.19154,509.24,27.68,0.0,813.0,0.0,1.0,1.0,0.94285,0.66416,3.3563,0.0,0.0,0
574.0,573.0,217.0,47.06,13.0,0.10574,0.15822,414.48,87.1,0.0,213.0,3.0,1.0,0.0,0.36483,0.31103,4.47843,0.0,0.0,0
575.0,574.0,167.0,509.25,11.0,0.2108,0.16298,43.03,1.56,0.0,1471.0,0.0,0.0,1.0,11.39407,2.51722,0.9395,0.0,0.0,0
576.0,575.0,218.0,61.35,16.0,0.35284,0.08817,2.48,3.9,0.0,2081.0,3.0,0.0,1.0,1.40846,0.87899,1.58961,0.0,1.0,1
577.0,576.0,230.0,75.74,12.0,0.18227,0.53581,1.53,13.11,0.0,1266.0,1.0,0.0,0.0,0.93458,0.65989,2.6469,0.0,1.0,1
578.0,577.0,330.0,31.54,13.0,0.30682,0.09868,775.28,8.18,1.0,1086.0,0.0,0.0,1.0,0.29042,0.25497,2.2175,0.0,0.0,0
579.0,578.0,402.0,61.93,13.0,0.15157,0.09299,355.87,17.1,0.0,891.0,1.0,0.0,1.0,0.83642,0.60782,2.89607,0.0,0.0,0
580.0,579.0,175.0,56.41,4.0,0.53278,0.25332,687.08,12.94,1.0,203.0,3.0,0.0,0.0,0.8042,0.59012,2.63461,1.0,0.0,0
581.0,580.0,344.0,26.7,14.0,0.34295,0.11004,483.02,14.6,0.0,258.0,1.0,0.0,0.0,0.38367,0.32474,2.74719,0.0,0.0,0
582.0,581.0,71.0,23.06,10.0,0.32594,0.04501,64.07,4.41,0.0,810.0,2.0,0.0,0.0,0.48639,0.39635,1.68841,0.0,0.0,0
583.0,582.0,275.0,109.08,6.0,0.06848,0.24396,90.6,6.28,2.0,327.0,1.0,0.0,0.0,2.10093,1.1317,1.98536,0.0,0.0,0
584.0,583.0,384.0,32.71,2.0,0.06846,0.31771,521.69,6.36,0.0,1549.0,2.0,0.0,1.0,1.18852,0.78323,1.99661,1.0,0.0,0
585.0,584.0,258.0,75.89,15.0,0.03596,0.01864,94.58,30.68,0.0,1488.0,2.0,0.0,1.0,1.57733,0.94675,3.45575,0.0,0.0,0
586.0,585.0,221.0,110.44,5.0,0.27934,0.11036,1.28,18.57,2.0,110.0,3.0,0.0,1.0,1.49909,0.91593,2.97387,1.0,1.0,1
587.0,586.0,128.0,52.24,10.0,0.34113,0.34996,257.29,9.45,1.0,1019.0,1.0,0.0,0.0,0.85894,0.62001,2.34702,0.0,0.0,0
588.0,587.0,325.0,19.64,9.0,0.11477,0.22567,435.56,12.83,0.0,1576.0,5.0,0.0,1.0,0.67262,0.51439,2.62681,0.0,0.0,0
589.0,588.0,387.0,23.2,20.0,0.05389,0.25903,646.7,6.44,0.0,638.0,1.0,0.0,0.0,0.73778,0.55261,2.00751,0.0,0.0,0
590.0,589.0,129.0,20.19,5.0,0.34382,0.52003,5.35,34.31,1.0,927.0,3.0,0.0,1.0,0.46271,0.38029,3.56407,1.0,1.0,0
591.0,590.0,140.0,139.43,5.0,0.12672,0.25552,370.43,77.3,0.0,720.0,2.0,0.0,1.0,1.08808,0.73625,4.36057,1.0,0.0,0
592.0,591.0,274.0,225.68,17.0,0.06239,0.26266,186.03,13.87,0.0,571.0,2.0,0.0,0.0,1.69812,0.99255,2.69905,0.0,0.0,0
593.0,592.0,310.0,117.41,10.0,0.10279,0.13413,639.8,26.47,0.0,516.0,0.0,0.0,1.0,2.70717,1.31027,3.31323,0.0,0.0,0
594.0,593.0,62.0,52.57,2.0,0.53066,0.01,301.47,22.2,1.0,424.0,2.0,0.0,0.0,1.57395,0.94544,3.14398,1.0,0.0,1
595.0,594.0,376.0,32.51,19.0,0.16769,0.01022,296.04,15.0,2.0,462.0,2.0,0.0,1.0,0.46204,0.37983,2.77233,0.0,0.0,0
596.0,595.0,342.0,35.93,6.0,0.48653,0.07955,412.11,3.87,0.0,453.0,4.0,0.0,1.0,1.27994,0.82415,1.58279,0.0,0.0,0
597.0,596.0,67.0,33.98,5.0,0.1574,0.10137,327.08,12.1,0.0,1146.0,2.0,0.0,0.0,2.53535,1.26281,2.57243,1.0,0.0,0
598.0,597.0,222.0,58.59,8.0,0.04513,0.01,159.78,229.87,0.0,741.0,1.0,1.0,1.0,0.64514,0.49783,5.44186,0.0,0.0,0
599.0,598.0,63.0,415.33,9.0,0.47098,0.0967,232.16,19.25,0.0,636.0,1.0,0.0,0.0,3.66985,1.54113,3.00792,0.0,0.0,0
600.0,599.0,218.0,22.42,12.0,0.31862,0.37214,620.01,5.84,0.0,2081.0,1.0,0.0,1.0,0.51471,0.41522,1.92251,0.0,0.0,0
601.0,600.0,7.0,27.05,4.0,0.1686,0.12598,339.33,17.58,0.0,1086.0,1.0,0.0,0.0,0.62495,0.48548,2.92211,1.0,0.0,0
602.0,601.0,393.0,29.8,9.0,0.01,0.10146,0.79,13.53,1.0,908.0,1.0,0.0,1.0,1.74674,1.01042,2.67588,0.0,1.0,0
603.0,602.0,55.0,69.02,13.0,0.32176,0.01981,833.81,9.9,2.0,1157.0,3.0,0.0,1.0,0.91118,0.64772,2.38878,0.0,0.0,0
604.0,603.0,273.0,984.58,15.0,0.02328,0.35366,165.72,64.72,0.0,601.0,1.0,1.0,0.0,6.07629,1.95675,4.18545,0.0,0.0,0
605.0,604.0,409.0,57.63,14.0,0.13114,0.0738,358.0,9.8,1.0,1009.0,4.0,0.0,1.0,1.4228,0.88492,2.37996,0.0,0.0,0
606.0,605.0,319.0,22.72,18.0,0.18266,0.1541,142.07,626.52,0.0,1189.0,5.0,1.0,1.0,0.36057,0.3079,6.44178,0.0,0.0,0
607.0,606.0,173.0,7.29,16.0,0.17268,0.15274,261.35,14.43,0.0,1982.0,0.0,0.0,1.0,0.22872,0.20597,2.73645,0.0,0.0,0
608.0,607.0,120.0,22.29,10.0,0.23442,0.282,62.32,28.35,0.0,1861.0,2.0,0.0,1.0,0.37155,0.31594,3.37928,0.0,0.0,0
609.0,608.0,384.0,36.21,9.0,0.16023,0.01,323.55,11.43,0.0,1549.0,3.0,0.0,0.0,1.31583,0.83977,2.51993,0.0,0.0,0
610.0,609.0,302.0,67.39,17.0,0.65759,0.34011,261.97,3.48,1.0,1172.0,2.0,0.0,0.0,0.91714,0.65083,1.49956,0.0,0.0,1
611.0,610.0,271.0,562.72,15.0,0.49904,0.50822,126.3,113.01,0.0,1626.0,4.0,1.0,0.0,4.50436,1.70554,4.73626,0.0,0.0,1
612.0,611.0,409.0,22.55,9.0,0.02358,0.1827,637.37,19.18,0.0,1009.0,1.0,0.0,0.0,0.55677,0.44261,3.00487,0.0,0.0,0
613.0,612.0,234.0,152.86,9.0,0.49869,0.17783,481.92,37.53,1.0,1886.0,5.0,0.0,0.0,1.72191,1.00133,3.65138,0.0,0.0,0
614.0,613.0,148.0,69.79,13.0,0.40293,0.09904,319.36,40.65,2.0,1988.0,6.0,0.0,1.0,2.26169,1.18224,3.72936,0.0,0.0,0
615.0,614.0,80.0,34.01,13.0,0.49498,0.10992,434.0,9.07,1.0,301.0,2.0,0.0,1.0,1.06346,0.72438,2.30993,0.0,0.0,0
616.0,615.0,416.0,408.45,14.0,0.31071,0.05488,31.32,3.74,0.0,737.0,1.0,0.0,0.0,2.72876,1.31608,1.55539,0.0,0.0,0
617.0,616.0,329.0,13.65,16.0,0.33444,0.09421,4.64,8.18,0.0,1930.0,0.0,0.0,1.0,0.66957,0.51257,2.21653,0.0,1.0,0
618.0,617.0,265.0,8.16,17.0,0.2373,0.13378,208.64,12.16,0.0,1924.0,2.0,0.0,0.0,0.45016,0.37168,2.57687,0.0,0.0,0
619.0,618.0,344.0,80.86,15.0,0.25216,0.3507,333.51,23.97,1.0,258.0,1.0,0.0,1.0,1.16205,0.77106,3.21755,0.0,0.0,0
620.0,619.0,30.0,36.89,16.0,0.25728,0.13665,2.05,219.57,0.0,945.0,3.0,1.0,0.0,1.03983,0.71287,5.39621,0.0,1.0,0
621.0,620.0,252.0,20.16,6.0,0.17908,0.07231,151.24,15.59,1.0,217.0,1.0,0.0,1.0,0.63966,0.49449,2.80853,0.0,0.0,0
622.0,621.0,348.0,60.42,11.0,0.27489,0.03378,308.1,9.5,0.0,1225.0,1.0,0.0,1.0,0.54157,0.4328,2.35156,0.0,0.0,0
623.0,622.0,222.0,44.31,21.0,0.10146,0.05646,891.7,12.96,0.0,741.0,1.0,0.0,0.0,0.4879,0.39737,2.63613,0.0,0.0,0
624.0,623.0,179.0,55.67,15.0,0.10822,0.0943,75.0,6.54,0.0,1808.0,2.0,0.0,1.0,0.79931,0.5874,2.01963,0.0,0.0,0
625.0,624.0,254.0,113.54,21.0,0.75464,0.02061,52.11,5.91,0.0,336.0,3.0,0.0,0.0,1.80403,1.03106,1.9323,0.0,0.0,0
626.0,625.0,116.0,162.81,17.0,0.20945,0.27298,79.5,7.07,0.0,2119.0,0.0,0.0,1.0,1.14007,0.76084,2.08802,0.0,0.0,0
627.0,626.0,138.0,24.81,16.0,0.17077,0.19105,342.38,37.21,0.0,1772.0,1.0,0.0,0.0,0.53621,0.42932,3.64314,0.0,0.0,0
628.0,627.0,290.0,20.01,8.0,0.16305,0.04241,237.27,19.19,1.0,1510.0,1.0,0.0,0.0,0.45074,0.37207,3.0052,0.0,0.0,0
629.0,628.0,138.0,57.43,10.0,0.13417,0.02162,479.84,18.65,0.0,1772.0,2.0,0.0,1.0,1.24102,0.80693,2.97806,0.0,0.0,0
630.0,629.0,121.0,18.42,15.0,0.18483,0.28606,198.54,14.01,0.0,1295.0,2.0,0.0,1.0,0.98413,0.68518,2.70847,0.0,0.0,0
631.0,630.0,317.0,18.53,19.0,0.10732,0.12812,505.79,9.85,1.0,1385.0,0.0,0.0,1.0,1.04261,0.71423,2.38385,0.0,0.0,0
632.0,631.0,338.0,236.26,14.0,0.16346,0.04029,16.6,15.81,1.0,1230.0,5.0,0.0,1.0,1.96368,1.08643,2.8219,0.0,0.0,0
633.0,632.0,406.0,11.9,7.0,0.23749,0.11379,421.27,156.52,0.0,2103.0,2.0,1.0,0.0,0.26768,0.23719,5.05955,0.0,0.0,0
634.0,633.0,83.0,2878.33,10.0,0.21885,0.10032,4.09,6.83,0.0,1023.0,2.0,0.0,0.0,51.24143,3.95588,2.0576,0.0,1.0,1
635.0,634.0,47.0,7.25,12.0,0.30164,0.28352,26.27,8.89,1.0,1011.0,0.0,0.0,1.0,0.8276,0.603,2.29133,0.0,0.0,0
636.0,635.0,217.0,132.34,17.0,0.16797,0.01765,229.77,7.52,0.0,213.0,3.0,0.0,1.0,1.02597,0.70605,2.14191,0.0,0.0,0
637.0,636.0,396.0,54.62,9.0,0.18868,0.16759,141.41,16.43,0.0,1942.0,1.0,0.0,1.0,1.74034,1.00808,2.85816,0.0,0.0,0
638.0,637.0,372.0,143.73,9.0,0.45481,0.18836,415.39,7.52,0.0,1276.0,3.0,0.0,1.0,3.23048,1.44232,2.14202,0.0,0.0,0
639.0,638.0,334.0,53.61,20.0,0.10492,0.02963,244.35,13.92,1.0,1391.0,4.0,0.0,0.0,1.73535,1.00626,2.70246,0.0,0.0,1
640.0,639.0,233.0,28.21,14.0,0.18245,0.01783,764.5,6.17,0.0,1453.0,2.0,0.0,1.0,1.01451,0.70037,1.96932,0.0,0.0,0
641.0,640.0,244.0,36.45,18.0,0.29955,0.14701,204.48,21.99,1.0,1923.0,3.0,0.0,0.0,0.95553,0.67066,3.1351,0.0,0.0,1
642.0,641.0,344.0,104.35,14.0,0.44342,0.0821,583.25,562.51,3.0,258.0,4.0,1.0,0.0,1.4996,0.91613,6.33418,0.0,0.0,1
643.0,642.0,215.0,81.37,15.0,0.04778,0.09493,632.56,3.8,0.0,1529.0,0.0,0.0,1.0,1.99189,1.0959,1.5693,0.0,0.0,0
644.0,643.0,14.0,69.6,21.0,0.35524,0.0522,393.28,8.78,0.0,274.0,4.0,0.0,0.0,0.71706,0.54062,2.27995,0.0,0.0,0
645.0,644.0,340.0,329.49,8.0,0.08554,0.45566,4.27,2.43,1.0,1090.0,0.0,0.0,0.0,4.18969,1.64667,1.23177,0.0,1.0,1
646.0,645.0,263.0,77.44,14.0,0.02197,0.13465,432.27,2.58,1.0,975.0,2.0,0.0,1.0,1.91432,1.06964,1.27634,0.0,0.0,0
647.0,646.0,46.0,41.1,5.0,0.25281,0.20871,232.06,272.07,0.0,281.0,5.0,1.0,1.0,1.32809,0.84505,5.60972,1.0,0.0,0
648.0,647.0,249.0,44.78,18.0,0.5359,0.05714,28.3,69.01,1.0,1409.0,3.0,1.0,1.0,1.09023,0.73728,4.24868,0.0,0.0,0
649.0,648.0,354.0,17.7,10.0,0.13909,0.2297,724.5,9.8,1.0,1115.0,2.0,0.0,1.0,0.66126,0.50758,2.37981,0.0,0.0,0
650.0,649.0,196.0,17.33,11.0,0.22033,0.19679,45.89,3.14,0.0,1865.0,1.0,0.0,0.0,0.46725,0.38339,1.41974,0.0,0.0,0
651.0,650.0,299.0,18.26,11.0,0.10814,0.24058,1.03,7.22,0.0,1821.0,2.0,0.0,1.0,0.36283,0.30956,2.10624,0.0,1.0,0
652.0,651.0,312.0,1586.02,17.0,0.07652,0.01476,41.54,34.63,0.0,748.0,5.0,0.0,0.0,12.72914,2.61952,3.57314,0.0,0.0,1
653.0,652.0,326.0,52.34,17.0,0.21669,0.11768,178.08,1.41,1.0,1283.0,1.0,0.0,0.0,1.67314,0.98325,0.87948,0.0,0.0,0
654.0,653.0,318.0,73.16,11.0,0.82581,0.09222,185.96,11.79,2.0,866.0,5.0,0.0,1.0,0.88192,0.63229,2.54831,0.0,0.0,1
655.0,654.0,116.0,94.54,20.0,0.30649,0.21859,79.82,30.46,1.0,2119.0,1.0,0.0,1.0,0.66201,0.50803,3.44886,0.0,0.0,0
656.0,655.0,98.0,120.93,10.0,0.1281,0.20232,379.2,13.27,1.0,208.0,2.0,0.0,0.0,4.67642,1.73632,2.65798,0.0,0.0,0
657.0,656.0,197.0,198.38,8.0,0.28986,0.1538,197.83,4.91,1.0,90.0,2.0,0.0,1.0,2.43657,1.23447,1.77581,0.0,0.0,0
658.0,657.0,164.0,107.91,18.0,0.26592,0.19778,39.57,0.42,0.0,2001.0,2.0,0.0,1.0,0.55868,0.44384,0.35007,0.0,0.0,0
659.0,658.0,356.0,93.68,16.0,0.68508,0.08551,6.37,37.49,2.0,413.0,2.0,0.0,1.0,2.53775,1.26349,3.65052,0.0,1.0,0
660.0,659.0,22.0,13.34,14.0,0.08645,0.0196,218.48,6.71,0.0,1861.0,0.0,0.0,0.0,0.52206,0.42006,2.04212,0.0,0.0,0
661.0,660.0,84.0,65.55,16.0,0.25062,0.01,622.42,188.42,1.0,2178.0,2.0,1.0,1.0,1.52182,0.92498,5.24399,0.0,0.0,0
662.0,661.0,33.0,146.56,9.0,0.38036,0.14047,437.89,3.49,0.0,1939.0,4.0,0.0,1.0,0.85893,0.62,1.50095,0.0,0.0,0
663.0,662.0,230.0,132.77,1.0,0.12348,0.07909,97.85,9.46,0.0,1266.0,3.0,0.0,1.0,1.63819,0.97009,2.34794,1.0,0.0,0
664.0,663.0,236.0,21.49,16.0,0.3292,0.16996,298.48,237.54,2.0,1333.0,3.0,1.0,0.0,0.57974,0.45726,5.47454,0.0,0.0,0
665.0,664.0,116.0,59.75,13.0,0.26222,0.06059,58.99,10.22,0.0,2119.0,1.0,0.0,1.0,0.41838,0.34952,2.41748,0.0,0.0,0
666.0,665.0,72.0,32.51,10.0,0.27464,0.0667,260.39,32.62,0.0,513.0,0.0,1.0,1.0,0.39312,0.33155,3.51508,0.0,0.0,0
667.0,666.0,217.0,104.64,4.0,0.30447,0.07967,309.56,19.22,2.0,213.0,2.0,0.0,1.0,0.81123,0.594,3.00667,1.0,0.0,0
668.0,667.0,273.0,171.78,11.0,0.07372,0.05087,126.64,11.18,0.0,601.0,0.0,0.0,1.0,1.06012,0.72276,2.4997,0.0,0.0,0
669.0,668.0,278.0,234.43,9.0,0.68091,0.01045,375.11,7.04,0.0,457.0,4.0,0.0,1.0,2.33064,1.20317,2.08443,0.0,0.0,0
670.0,669.0,193.0,3.84,14.0,0.42617,0.10453,213.74,7.65,1.0,137.0,3.0,0.0,0.0,0.4795,0.3917,2.15759,0.0,0.0,0
671.0,670.0,338.0,261.91,4.0,0.2737,0.09582,5.07,9.29,0.0,1230.0,1.0,0.0,1.0,2.17689,1.1559,2.33145,1.0,1.0,1
672.0,671.0,389.0,100.6,12.0,0.33172,0.50422,550.28,56.3,0.0,140.0,1.0,0.0,0.0,2.49393,1.25103,4.04827,0.0,0.0,0
673.0,672.0,153.0,46.21,15.0,0.28249,0.14918,92.6,15.18,1.0,2084.0,8.0,0.0,1.0,1.37079,0.86322,2.78403,0.0,0.0,0
674.0,673.0,307.0,37.72,16.0,0.15123,0.35499,252.42,5.66,1.0,2026.0,0.0,0.0,1.0,0.44757,0.36988,1.89622,0.0,0.0,0
675.0,674.0,361.0,236.21,19.0,0.23248,0.24832,443.18,12.16,2.0,2032.0,4.0,0.0,1.0,1.71256,0.99789,2.57747,0.0,0.0,0
676.0,675.0,66.0,216.89,8.0,0.27397,0.30856,458.13,22.82,2.0,99.0,2.0,0.0,1.0,2.57455,1.27384,3.17049,0.0,0.0,0
677.0,676.0,228.0,41.72,14.0,0.39516,0.30547,233.34,20.45,0.0,1813.0,0.0,0.0,0.0,0.84695,0.61353,3.06549,0.0,0.0,0
678.0,677.0,205.0,30.89,10.0,0.40956,0.02216,33.51,2.01,0.0,1879.0,2.0,0.0,1.0,0.2388,0.21414,1.1006,0.0,0.0,0
679.0,678.0,242.0,24.22,19.0,0.01437,0.16937,0.51,41.33,0.0,311.0,2.0,0.0,1.0,0.67669,0.51682,3.74552,0.0,1.0,0
680.0,679.0,312.0,213.64,16.0,0.20966,0.33586,103.6,10.91,0.0,748.0,2.0,0.0,0.0,1.71465,0.99866,2.47714,0.0,0.0,0
681.0,680.0,385.0,43.38,15.0,0.16987,0.17149,326.74,70.19,0.0,915.0,2.0,0.0,0.0,0.90418,0.64405,4.2653,0.0,0.0,0
682.0,681.0,9.0,329.9,12.0,0.1492,0.09522,684.0,8.32,0.0,1484.0,2.0,0.0,0.0,2.2901,1.19092,2.23255,0.0,0.0,0
683.0,682.0,55.0,37.17,14.0,0.15711,0.1481,635.63,3.17,0.0,1157.0,2.0,0.0,0.0,0.49075,0.39928,1.42683,0.0,0.0,0
684.0,683.0,191.0,37.75,5.0,0.4484,0.247,591.11,4.13,1.0,1719.0,3.0,0.0,1.0,1.44366,0.8935,1.63469,1.0,0.0,0
685.0,684.0,29.0,479.59,3.0,0.48569,0.18718,47.35,2.84,2.0,498.0,2.0,0.0,0.0,10.06104,2.40343,1.34493,1.0,0.0,1
686.0,685.0,34.0,93.96,10.0,0.37043,0.22944,78.43,4.66,0.0,400.0,0.0,0.0,1.0,1.11855,0.75073,1.73255,0.0,0.0,0
687.0,686.0,56.0,60.9,7.0,0.35959,0.03254,80.63,3.55,2.0,1084.0,4.0,0.0,0.0,1.93964,1.07829,1.51614,0.0,0.0,0
688.0,687.0,311.0,19.54,18.0,0.13627,0.07579,1013.12,11.65,0.0,2122.0,2.0,0.0,1.0,0.86442,0.62295,2.5377,0.0,0.0,0
689.0,688.0,88.0,148.42,17.0,0.5154,0.16981,43.94,7.51,0.0,982.0,4.0,0.0,1.0,1.45286,0.89726,2.14181,0.0,0.0,0
690.0,689.0,53.0,232.57,16.0,0.54151,0.06153,675.35,23.0,1.0,2169.0,4.0,0.0,0.0,2.35697,1.21104,3.17806,0.0,0.0,0
691.0,690.0,150.0,268.69,9.0,0.18169,0.03706,51.04,13.56,2.0,467.0,3.0,0.0,1.0,4.58129,1.71942,2.6783,0.0,0.0,0
692.0,691.0,329.0,6.12,7.0,0.1609,0.07877,4.22,16.16,1.0,1930.0,3.0,0.0,0.0,0.29999,0.26236,2.84273,0.0,1.0,0
693.0,692.0,313.0,83.19,6.0,0.20999,0.03065,251.38,45.32,1.0,229.0,3.0,0.0,0.0,3.50902,1.50608,3.83567,0.0,0.0,0
694.0,693.0,104.0,223.68,16.0,0.03408,0.18334,28.88,1.63,1.0,1277.0,0.0,0.0,1.0,2.80802,1.33711,0.96807,0.0,0.0,0
695.0,694.0,138.0,23.82,14.0,0.16294,0.258,393.08,41.35,0.0,1772.0,1.0,0.0,0.0,0.51474,0.41525,3.74595,0.0,0.0,0
696.0,695.0,27.0,35.17,6.0,0.32529,0.21335,41.26,26.63,2.0,1949.0,2.0,0.0,0.0,0.61339,0.47834,3.31879,0.0,0.0,0
697.0,696.0,381.0,92.15,16.0,0.13245,0.05037,530.53,86.89,1.0,15.0,2.0,1.0,1.0,1.10948,0.74644,4.4761,0.0,0.0,0
698.0,697.0,59.0,17.4,9.0,0.42748,0.12162,1.6,4.56,1.0,42.0,1.0,0.0,1.0,0.286,0.25154,1.71536,0.0,1.0,0
699.0,698.0,212.0,63.81,7.0,0.0848,0.15992,73.43,8.91,0.0,1636.0,1.0,0.0,1.0,2.0248,1.10684,2.29385,0.0,0.0,0
700.0,699.0,28.0,76.89,7.0,0.06042,0.26824,89.22,2.49,0.0,826.0,1.0,0.0,0.0,1.55856,0.93945,1.25027,0.0,0.0,0
701.0,700.0,379.0,11.87,13.0,0.12616,0.0848,425.88,23.08,0.0,230.0,1.0,0.0,1.0,0.54772,0.43678,3.18148,0.0,0.0,0
702.0,701.0,307.0,86.49,9.0,0.20315,0.07707,475.14,303.05,0.0,2026.0,4.0,1.0,1.0,1.02631,0.70622,5.71718,0.0,0.0,0
703.0,702.0,282.0,134.67,14.0,0.12627,0.18746,119.99,89.16,1.0,2082.0,0.0,1.0,1.0,0.80777,0.59209,4.50164,0.0,0.0,0
704.0,703.0,139.0,94.38,19.0,0.17439,0.1514,733.95,0.97,0.0,87.0,0.0,0.0,0.0,2.3311,1.2033,0.6782,0.0,0.0,0
705.0,704.0,53.0,137.81,10.0,0.04062,0.11045,495.76,19.09,0.0,2169.0,1.0,0.0,1.0,1.39664,0.87407,3.00007,0.0,0.0,0
706.0,705.0,312.0,255.85,16.0,0.61294,0.09251,94.36,11.2,0.0,748.0,3.0,0.0,1.0,2.05338,1.11625,2.50113,0.0,0.0,0
707.0,706.0,285.0,63.39,18.0,0.28678,0.02666,834.27,20.61,1.0,1446.0,1.0,0.0,0.0,0.8284,0.60344,3.07324,0.0,0.0,0
708.0,707.0,384.0,22.92,19.0,0.2089,0.25166,161.85,4.26,0.0,1549.0,2.0,0.0,1.0,0.83295,0.60593,1.65989,0.0,0.0,0
709.0,708.0,15.0,168.36,6.0,0.57139,0.05808,176.35,14.35,0.0,2047.0,2.0,0.0,1.0,1.65923,0.97804,2.73141,0.0,0.0,0
710.0,709.0,206.0,51.95,1.0,0.1472,0.13545,48.19,34.93,2.0,1648.0,0.0,0.0,1.0,2.41767,1.22896,3.58168,1.0,0.0,0
711.0,710.0,80.0,33.87,22.0,0.14352,0.18856,546.8,6.4,2.0,301.0,4.0,0.0,1.0,1.05881,0.72213,2.00116,0.0,0.0,0
712.0,711.0,285.0,72.11,16.0,0.13054,0.03319,356.03,11.96,0.0,1446.0,1.0,0.0,0.0,0.94232,0.66388,2.56214,0.0,0.0,0
713.0,712.0,195.0,9.57,6.0,0.37575,0.18446,101.56,28.89,0.0,1472.0,1.0,0.0,1.0,0.78387,0.57879,3.39745,0.0,0.0,0
714.0,713.0,187.0,649.3,9.0,0.34495,0.18886,347.56,7.97,1.0,960.0,4.0,0.0,1.0,9.23268,2.32559,2.19396,0.0,0.0,0
715.0,714.0,230.0,105.32,14.0,0.08342,0.1369,448.71,22.3,1.0,1266.0,0.0,0.0,0.0,1.29955,0.83271,3.14841,0.0,0.0,1
716.0,715.0,327.0,68.89,21.0,0.40648,0.20916,108.38,92.84,0.0,2045.0,1.0,1.0,0.0,1.25763,0.81432,4.54154,0.0,0.0,0
717.0,716.0,311.0,8.18,14.0,0.07244,0.02972,633.67,10.61,0.0,2122.0,0.0,0.0,1.0,0.36171,0.30874,2.45187,0.0,0.0,0
718.0,717.0,285.0,113.14,21.0,0.39245,0.37181,686.38,19.34,2.0,1446.0,2.0,0.0,0.0,1.47852,0.90766,3.01253,0.0,0.0,0
719.0,718.0,322.0,92.0,6.0,0.23461,0.05895,187.91,101.72,1.0,1310.0,2.0,0.0,1.0,2.05978,1.11834,4.63205,0.0,0.0,0
720.0,719.0,157.0,168.9,15.0,0.04891,0.01,450.26,10.85,0.0,1321.0,2.0,0.0,1.0,1.91803,1.07091,2.47272,0.0,0.0,0
721.0,720.0,74.0,56.78,12.0,0.06335,0.28911,190.44,83.46,1.0,1555.0,3.0,1.0,1.0,0.95762,0.67173,4.43626,0.0,0.0,0
722.0,721.0,155.0,39.88,13.0,0.43463,0.04645,578.32,9.44,0.0,1161.0,1.0,0.0,1.0,0.6911,0.52538,2.34597,0.0,0.0,0
723.0,722.0,110.0,313.7,8.0,0.08289,0.09907,276.74,7.91,0.0,1886.0,3.0,0.0,1.0,6.40661,2.00237,2.18772,0.0,0.0,0
724.0,723.0,209.0,291.49,12.0,0.08164,0.07161,3.82,38.66,0.0,2176.0,0.0,0.0,0.0,4.89287,1.77374,3.68037,0.0,1.0,1
725.0,724.0,24.0,58.08,12.0,0.39155,0.13193,875.76,30.3,0.0,817.0,2.0,0.0,1.0,1.96791,1.08786,3.44357,0.0,0.0,0
726.0,725.0,147.0,77.04,16.0,0.26063,0.02345,508.44,39.03,0.0,214.0,1.0,0.0,0.0,0.65284,0.50249,3.68961,0.0,0.0,0
727.0,726.0,359.0,50.38,18.0,0.41278,0.15658,0.97,11.06,1.0,1172.0,0.0,0.0,1.0,0.61377,0.47857,2.48988,0.0,1.0,0
728.0,727.0,245.0,267.14,14.0,0.20742,0.05919,319.12,32.53,0.0,1444.0,1.0,0.0,0.0,2.1634,1.15165,3.51239,0.0,0.0,0
729.0,728.0,396.0,36.81,18.0,0.37368,0.07135,196.09,33.37,1.0,1942.0,2.0,0.0,1.0,1.17268,0.77596,3.53726,0.0,0.0,0
730.0,729.0,22.0,14.84,5.0,0.70063,0.11491,423.75,8.3,1.0,1861.0,2.0,0.0,0.0,0.58076,0.4579,2.22988,1.0,0.0,0
731.0,730.0,271.0,43.38,12.0,0.25426,0.20899,145.35,113.01,1.0,1626.0,2.0,1.0,1.0,0.34724,0.29806,4.73633,0.0,0.0,0
732.0,731.0,164.0,112.37,15.0,0.41292,0.12478,24.72,24.45,0.0,2001.0,6.0,0.0,0.0,0.58176,0.45854,3.23655,0.0,0.0,1
733.0,732.0,267.0,76.27,10.0,0.4459,0.17698,71.12,8.88,1.0,820.0,2.0,0.0,0.0,0.55942,0.44431,2.29047,0.0,0.0,0
734.0,733.0,323.0,58.63,8.0,0.1503,0.13621,2.48,25.99,1.0,1520.0,4.0,0.0,0.0,1.41993,0.88374,3.29528,0.0,1.0,1
735.0,734.0,223.0,278.14,18.0,0.37688,0.02966,75.74,9.83,0.0,28.0,1.0,0.0,1.0,6.98274,2.07728,2.38195,0.0,0.0,0
736.0,735.0,31.0,9.22,13.0,0.03792,0.37056,16.95,190.22,0.0,940.0,1.0,1.0,1.0,0.61311,0.47816,5.25342,0.0,0.0,0
737.0,736.0,245.0,265.75,10.0,0.25521,0.01,332.04,18.87,1.0,1444.0,0.0,0.0,1.0,2.15216,1.14809,2.98923,0.0,0.0,0
738.0,737.0,105.0,238.68,12.0,0.09754,0.11904,175.63,13.26,0.0,1540.0,1.0,0.0,1.0,1.40548,0.87775,2.65728,0.0,0.0,0
739.0,738.0,330.0,110.32,13.0,0.31841,0.14369,188.82,13.16,2.0,1086.0,1.0,0.0,0.0,1.01592,0.70108,2.6505,0.0,0.0,0
740.0,739.0,107.0,14.6,1.0,0.15634,0.15801,401.34,7.78,0.0,498.0,1.0,0.0,1.0,0.53497,0.42851,2.17215,1.0,0.0,0
741.0,740.0,367.0,103.33,17.0,0.14384,0.30508,57.51,274.17,2.0,1754.0,5.0,1.0,0.0,1.44835,0.89542,5.61737,0.0,0.0,0
742.0,741.0,223.0,104.95,10.0,0.23283,0.20447,126.39,22.86,0.0,28.0,1.0,0.0,1.0,2.63486,1.29057,3.17236,0.0,0.0,0
743.0,742.0,146.0,342.74,12.0,0.25049,0.1788,320.73,233.71,2.0,771.0,6.0,1.0,0.0,5.74709,1.90911,5.45833,0.0,0.0,1
744.0,743.0,293.0,55.13,11.0,0.32472,0.32842,319.15,14.51,0.0,1213.0,1.0,0.0,1.0,1.93795,1.07771,2.74141,0.0,0.0,0
745.0,744.0,343.0,55.3,6.0,0.01,0.14137,820.63,31.42,0.0,838.0,0.0,0.0,1.0,1.28427,0.82604,3.47882,0.0,0.0,0
746.0,745.0,121.0,21.82,10.0,0.30141,0.5028,445.52,2.33,2.0,1295.0,3.0,0.0,1.0,1.16609,0.77292,1.20395,0.0,0.0,0
747.0,746.0,388.0,82.02,7.0,0.45237,0.28963,9.03,22.82,1.0,1720.0,2.0,0.0,1.0,1.1239,0.75326,3.17037,0.0,0.0,0
748.0,747.0,235.0,11.44,17.0,0.63189,0.28076,348.93,8.02,1.0,1659.0,3.0,0.0,0.0,0.29968,0.26212,2.19915,0.0,0.0,1
749.0,748.0,254.0,38.87,12.0,0.3623,0.11023,117.65,49.4,1.0,336.0,3.0,1.0,0.0,0.61765,0.48097,3.92003,0.0,0.0,0
750.0,749.0,347.0,224.18,18.0,0.28502,0.06747,0.4,4.69,2.0,1085.0,2.0,0.0,1.0,0.92619,0.65554,1.73862,0.0,1.0,0
751.0,750.0,169.0,25.64,12.0,0.47248,0.01711,1.16,6.62,0.0,989.0,4.0,0.0,1.0,0.38261,0.32397,2.03092,0.0,1.0,0
752.0,751.0,33.0,351.25,14.0,0.20983,0.3383,116.28,11.96,0.0,1939.0,0.0,0.0,1.0,2.0586,1.11796,2.56195,0.0,0.0,0
753.0,752.0,416.0,23.58,9.0,0.08906,0.29908,58.17,11.91,2.0,737.0,2.0,0.0,1.0,0.15753,0.14629,2.55835,0.0,0.0,0
754.0,753.0,186.0,83.87,14.0,0.20084,0.04628,853.07,38.78,3.0,1076.0,5.0,0.0,1.0,2.96447,1.37737,3.68343,0.0,0.0,0
755.0,754.0,16.0,61.49,17.0,0.45315,0.20677,423.5,13.19,1.0,1013.0,1.0,0.0,0.0,1.19003,0.78391,2.65273,0.0,0.0,0
756.0,755.0,31.0,90.7,11.0,0.37409,0.10393,31.32,24.25,0.0,940.0,4.0,0.0,0.0,6.03183,1.95045,3.22865,0.0,0.0,1
757.0,756.0,15.0,505.74,4.0,0.11938,0.22187,652.95,6.01,1.0,2047.0,4.0,0.0,0.0,4.9843,1.78914,1.94723,1.0,0.0,1
758.0,757.0,184.0,154.55,7.0,0.22692,0.09421,654.68,95.16,3.0,1630.0,3.0,1.0,1.0,0.65508,0.50385,4.56597,0.0,0.0,0
759.0,758.0,156.0,27.91,10.0,0.26668,0.02014,368.95,58.43,0.0,1986.0,2.0,0.0,1.0,0.51436,0.41499,4.08477,0.0,0.0,0
760.0,759.0,52.0,1191.96,7.0,0.21693,0.06495,488.3,39.79,0.0,649.0,1.0,0.0,1.0,11.08086,2.49162,3.70837,0.0,0.0,0
761.0,760.0,65.0,64.14,19.0,0.46873,0.04143,820.07,2.36,0.0,1888.0,2.0,0.0,0.0,0.69732,0.52905,1.21117,0.0,0.0,0
762.0,761.0,55.0,92.27,9.0,0.11364,0.093,451.35,1.19,0.0,1157.0,1.0,0.0,0.0,1.21807,0.79664,0.78591,0.0,0.0,0
763.0,762.0,352.0,84.81,15.0,0.11075,0.24661,49.09,133.01,0.0,1181.0,4.0,1.0,0.0,0.95535,0.67057,4.8979,0.0,0.0,0
764.0,763.0,127.0,346.46,11.0,0.24626,0.18799,206.56,6.35,0.0,222.0,1.0,0.0,0.0,6.43781,2.00658,1.9947,0.0,0.0,0
765.0,764.0,381.0,75.37,17.0,0.12876,0.34061,348.5,18.6,1.0,15.0,2.0,0.0,1.0,0.90751,0.6458,2.97549,0.0,0.0,0
766.0,765.0,404.0,19.96,12.0,0.1511,0.39389,104.12,44.43,0.0,840.0,0.0,0.0,1.0,0.74973,0.55946,3.81609,0.0,0.0,0
767.0,766.0,386.0,22.18,15.0,0.2337,0.30575,1.08,2.75,0.0,1740.0,2.0,0.0,1.0,0.86101,0.62112,1.32081,0.0,1.0,0
768.0,767.0,234.0,43.87,6.0,0.12145,0.23237,694.03,9.69,0.0,1886.0,2.0,0.0,1.0,0.4942,0.40159,2.36896,0.0,0.0,0
769.0,768.0,220.0,26.32,13.0,0.115,0.3323,472.22,2.64,0.0,929.0,3.0,0.0,1.0,0.86799,0.62486,1.29334,0.0,0.0,0
770.0,769.0,24.0,29.25,7.0,0.04654,0.15788,495.33,17.59,0.0,817.0,1.0,0.0,1.0,0.99109,0.68868,2.92281,0.0,0.0,0
771.0,770.0,192.0,21.44,8.0,0.28986,0.13712,461.13,2.64,0.0,408.0,0.0,0.0,1.0,0.75285,0.56124,1.29101,0.0,0.0,0
772.0,771.0,354.0,18.57,17.0,0.54115,0.29951,396.95,42.57,1.0,1115.0,2.0,1.0,1.0,0.69376,0.52695,3.77443,0.0,0.0,0
773.0,772.0,11.0,84.14,5.0,0.06121,0.23767,87.99,3.51,0.0,295.0,3.0,0.0,0.0,2.37999,1.21787,1.50638,1.0,0.0,0
774.0,773.0,172.0,110.64,21.0,0.18274,0.03246,350.93,2.99,0.0,1027.0,2.0,0.0,0.0,1.53697,0.93097,1.38269,0.0,0.0,0
775.0,774.0,386.0,33.58,11.0,0.24109,0.17168,781.06,43.69,0.0,1740.0,2.0,0.0,0.0,1.30356,0.83445,3.79984,0.0,0.0,0
776.0,775.0,114.0,138.22,16.0,0.52164,0.02464,90.18,42.53,1.0,1334.0,2.0,1.0,0.0,2.88761,1.35779,3.77352,0.0,0.0,0
777.0,776.0,389.0,54.65,17.0,0.09129,0.11006,260.77,2.91,1.0,140.0,9.0,0.0,0.0,1.35485,0.85648,1.36284,0.0,0.0,0
778.0,777.0,51.0,41.28,17.0,0.44608,0.10391,66.72,15.47,1.0,876.0,1.0,0.0,1.0,0.69414,0.52717,2.80171,0.0,0.0,0
779.0,778.0,374.0,140.2,3.0,0.53714,0.22953,6.46,4.62,0.0,1533.0,1.0,0.0,1.0,2.66548,1.29896,1.72679,1.0,1.0,0
780.0,779.0,49.0,12.6,15.0,0.2126,0.02849,115.89,29.93,1.0,980.0,2.0,0.0,1.0,0.73231,0.54945,3.43174,0.0,0.0,0
781.0,780.0,158.0,34.04,12.0,0.33387,0.20317,760.58,27.81,1.0,1685.0,3.0,0.0,1.0,0.99237,0.68933,3.36056,0.0,0.0,0
782.0,781.0,39.0,126.01,15.0,0.38951,0.40407,337.79,210.86,0.0,63.0,5.0,1.0,1.0,1.58368,0.94921,5.35593,0.0,0.0,0
783.0,782.0,312.0,198.85,15.0,0.38434,0.08753,145.25,1.48,0.0,748.0,1.0,0.0,1.0,1.59594,0.95395,0.90992,0.0,0.0,0
784.0,783.0,414.0,33.75,11.0,0.12537,0.18929,214.06,10.91,0.0,40.0,3.0,0.0,1.0,1.70612,0.99552,2.47762,0.0,0.0,1
785.0,784.0,292.0,1109.66,12.0,0.607,0.05855,256.62,98.43,3.0,742.0,3.0,1.0,1.0,15.32619,2.79277,4.59944,0.0,0.0,1
786.0,785.0,359.0,135.14,6.0,0.66803,0.02944,157.64,153.13,1.0,1172.0,4.0,1.0,0.0,1.6464,0.9732,5.03777,0.0,0.0,0
787.0,786.0,352.0,627.69,5.0,0.23779,0.07538,70.64,5.92,0.0,1181.0,4.0,0.0,0.0,7.07096,2.08827,1.9341,1.0,0.0,0
788.0,787.0,136.0,135.26,18.0,0.45469,0.09305,283.54,12.51,1.0,1185.0,5.0,0.0,0.0,1.34564,0.85256,2.60347,0.0,0.0,0
789.0,788.0,384.0,327.44,11.0,0.31847,0.02786,488.58,8.48,2.0,1549.0,2.0,0.0,1.0,11.8976,2.55704,2.24963,0.0,0.0,0
790.0,789.0,156.0,29.88,15.0,0.14811,0.14602,587.88,340.54,1.0,1986.0,1.0,1.0,0.0,0.55078,0.43876,5.83347,0.0,0.0,0
791.0,790.0,237.0,46.57,12.0,0.27199,0.12194,407.41,6.02,0.0,1485.0,1.0,0.0,1.0,0.97734,0.68175,1.94939,0.0,0.0,0
792.0,791.0,130.0,47.56,18.0,0.42391,0.17769,583.0,16.67,0.0,1759.0,2.0,0.0,0.0,0.95473,0.67025,2.87183,0.0,0.0,0
793.0,792.0,30.0,49.39,16.0,0.39546,0.13799,9.08,44.1,0.0,945.0,3.0,0.0,1.0,1.39231,0.87226,3.80893,0.0,0.0,0
794.0,793.0,41.0,30.24,14.0,0.38974,0.08682,5.1,23.68,1.0,1555.0,3.0,0.0,1.0,0.61824,0.48134,3.20584,0.0,1.0,0
795.0,794.0,401.0,109.71,17.0,0.25085,0.31265,293.78,5.76,1.0,301.0,1.0,0.0,1.0,1.22481,0.79967,1.91162,0.0,0.0,0
796.0,795.0,80.0,20.99,4.0,0.24787,0.11155,500.15,25.9,0.0,301.0,0.0,0.0,1.0,0.65639,0.50464,3.29206,1.0,0.0,0
797.0,796.0,401.0,57.17,13.0,0.26028,0.24812,214.19,18.68,0.0,301.0,3.0,0.0,1.0,0.63829,0.49365,2.97975,0.0,0.0,0
798.0,797.0,251.0,24.15,13.0,0.1669,0.0304,118.7,6.11,1.0,1493.0,1.0,0.0,0.0,0.40988,0.34351,1.96175,0.0,0.0,0
799.0,798.0,361.0,90.48,14.0,0.06055,0.2748,0.63,6.68,1.0,2032.0,0.0,0.0,0.0,0.65597,0.50439,2.03882,0.0,1.0,0
800.0,799.0,273.0,339.04,5.0,0.3421,0.14814,223.87,15.49,2.0,601.0,2.0,0.0,1.0,2.09236,1.12893,2.80256,1.0,0.0,1
801.0,800.0,158.0,19.6,15.0,0.44361,0.01,517.53,28.75,0.0,1685.0,1.0,0.0,0.0,0.57125,0.45187,3.39286,0.0,0.0,0
802.0,801.0,333.0,104.64,16.0,0.52631,0.16971,111.22,31.55,0.0,489.0,3.0,0.0,0.0,1.38389,0.86873,3.48283,0.0,0.0,0
803.0,802.0,253.0,104.91,16.0,0.15703,0.24248,270.7,29.52,0.0,1586.0,0.0,0.0,1.0,2.51138,1.25601,3.41827,0.0,0.0,0
804.0,803.0,175.0,146.67,3.0,0.47999,0.30349,521.98,22.57,1.0,203.0,1.0,0.0,1.0,2.091,1.12849,3.16008,1.0,0.0,0
805.0,804.0,315.0,27.53,14.0,0.11935,0.33269,3.66,6.78,1.0,1127.0,2.0,0.0,0.0,1.07232,0.72867,2.05115,0.0,1.0,0
806.0,805.0,301.0,14.77,16.0,0.39971,0.17334,196.56,11.32,0.0,485.0,4.0,0.0,0.0,0.55508,0.44152,2.51089,0.0,0.0,0
807.0,806.0,262.0,278.16,16.0,0.16014,0.32957,15.59,12.52,1.0,681.0,0.0,0.0,1.0,1.03849,0.71221,2.60437,0.0,0.0,0
808.0,807.0,249.0,210.13,18.0,0.29873,0.09599,82.47,216.32,0.0,1409.0,2.0,0.0,1.0,5.11533,1.8108,5.38139,0.0,0.0,0
809.0,808.0,251.0,44.08,9.0,0.56386,0.26475,169.92,3.82,0.0,1493.0,4.0,0.0,1.0,0.74814,0.55855,1.57315,0.0,0.0,0
810.0,809.0,207.0,290.38,12.0,0.24514,0.02096,154.03,5.28,0.0,304.0,2.0,0.0,0.0,5.95373,1.93928,1.83802,0.0,0.0,0
811.0,810.0,157.0,22.85,16.0,0.33393,0.23208,291.87,1.97,1.0,1321.0,1.0,0.0,0.0,0.25946,0.23069,1.08772,0.0,0.0,0
812.0,811.0,178.0,122.19,10.0,0.18837,0.12217,222.16,48.52,0.0,563.0,1.0,0.0,0.0,0.65224,0.50213,3.90234,0.0,0.0,0
813.0,812.0,350.0,47.32,7.0,0.3677,0.06695,350.42,16.29,1.0,1123.0,1.0,0.0,1.0,0.30729,0.26796,2.8502,0.0,0.0,0
814.0,813.0,2.0,662.04,12.0,0.21338,0.02506,9.74,169.53,0.0,359.0,4.0,1.0,1.0,5.3248,1.84448,5.13889,0.0,0.0,0
815.0,814.0,390.0,31.94,9.0,0.40948,0.09889,197.85,68.94,1.0,184.0,3.0,1.0,1.0,0.45763,0.37681,4.24768,0.0,0.0,0
816.0,815.0,28.0,35.49,12.0,0.23871,0.12151,351.54,10.76,1.0,826.0,2.0,0.0,0.0,0.71934,0.54194,2.46488,0.0,0.0,0
817.0,816.0,54.0,91.92,8.0,0.13522,0.10014,154.5,22.0,1.0,427.0,2.0,0.0,1.0,0.68481,0.52165,3.13552,0.0,0.0,0
818.0,817.0,210.0,166.95,11.0,0.10422,0.29457,644.67,8.58,0.0,471.0,1.0,0.0,0.0,2.66402,1.29856,2.26002,0.0,0.0,0
819.0,818.0,253.0,108.87,15.0,0.1703,0.06652,203.26,29.36,0.0,1586.0,1.0,0.0,1.0,2.60622,1.28266,3.41305,0.0,0.0,0
820.0,819.0,197.0,33.82,12.0,0.03154,0.27375,183.07,5.99,0.0,90.0,3.0,0.0,0.0,0.4154,0.34741,1.94506,0.0,0.0,0
821.0,820.0,270.0,8.79,14.0,0.13862,0.1283,148.13,35.31,0.0,912.0,1.0,0.0,0.0,0.32157,0.27882,3.59199,0.0,0.0,0
822.0,821.0,356.0,84.13,9.0,0.36653,0.05773,705.54,12.59,3.0,413.0,3.0,0.0,1.0,2.27916,1.18759,2.6091,0.0,0.0,0
823.0,822.0,299.0,110.8,5.0,0.59033,0.33059,663.21,10.72,1.0,1821.0,1.0,0.0,0.0,2.20161,1.16365,2.46106,1.0,0.0,0
824.0,823.0,110.0,21.38,7.0,0.43114,0.13746,113.75,20.84,0.0,1886.0,1.0,0.0,0.0,0.43655,0.36224,3.08383,0.0,0.0,0
825.0,824.0,111.0,33.67,12.0,0.11985,0.17355,207.2,57.98,0.0,1109.0,1.0,1.0,1.0,1.30267,0.83407,4.07718,0.0,0.0,0
826.0,825.0,203.0,21.34,19.0,0.26198,0.17296,126.11,13.05,0.0,1953.0,2.0,0.0,1.0,0.34602,0.29715,2.64227,0.0,0.0,0
827.0,826.0,337.0,53.01,10.0,0.34298,0.11838,506.29,315.58,0.0,1228.0,8.0,1.0,0.0,1.34518,0.85236,5.75758,0.0,0.0,1
828.0,827.0,192.0,39.81,13.0,0.07704,0.17797,128.27,7.31,2.0,408.0,0.0,0.0,1.0,1.39831,0.87476,2.11756,0.0,0.0,0
829.0,828.0,282.0,2382.78,15.0,0.23319,0.05547,176.41,58.51,0.0,2082.0,3.0,0.0,1.0,14.29264,2.72737,4.08612,0.0,0.0,0
830.0,829.0,156.0,51.05,4.0,0.07325,0.1998,382.22,31.61,0.0,1986.0,0.0,0.0,1.0,0.94087,0.66313,3.48461,1.0,0.0,0
831.0,830.0,358.0,78.44,11.0,0.24091,0.29513,95.49,29.25,1.0,1951.0,2.0,0.0,1.0,0.34182,0.29403,3.4094,0.0,0.0,0
832.0,831.0,120.0,112.58,17.0,0.41969,0.05684,2.26,37.56,0.0,1861.0,3.0,0.0,1.0,1.87688,1.0567,3.65213,0.0,1.0,0
833.0,832.0,60.0,8.17,13.0,0.64161,0.18683,97.02,21.58,1.0,1515.0,2.0,0.0,1.0,0.05515,0.05369,3.11717,0.0,0.0,0
834.0,833.0,173.0,45.24,9.0,0.29256,0.10264,93.38,36.6,0.0,1982.0,5.0,0.0,0.0,1.4188,0.88327,3.62704,0.0,0.0,0
835.0,834.0,193.0,2.82,8.0,0.18397,0.23083,249.42,5.88,0.0,137.0,1.0,0.0,0.0,0.35229,0.3018,1.92837,0.0,0.0,0
836.0,835.0,27.0,774.26,16.0,0.18739,0.01,176.11,4.94,0.0,1949.0,1.0,0.0,0.0,13.5023,2.67431,1.78144,0.0,0.0,0
837.0,836.0,176.0,340.18,9.0,0.51922,0.19782,265.67,3.76,1.0,1175.0,2.0,0.0,0.0,6.42519,2.00488,1.56006,0.0,0.0,0
838.0,837.0,282.0,116.44,13.0,0.05327,0.70635,299.14,41.03,0.0,2082.0,0.0,0.0,0.0,0.69844,0.52971,3.73836,0.0,0.0,0
839.0,838.0,82.0,12.92,19.0,0.18727,0.26182,0.73,2.27,0.0,439.0,2.0,0.0,0.0,0.82683,0.60258,1.1857,0.0,1.0,1
840.0,839.0,11.0,79.21,7.0,0.12847,0.10482,63.81,14.13,0.0,295.0,2.0,0.0,1.0,2.24034,1.17568,2.71666,0.0,0.0,0
841.0,840.0,27.0,26.98,8.0,0.33477,0.01,55.74,3.67,1.0,1949.0,3.0,0.0,0.0,0.47058,0.38565,1.54181,0.0,0.0,0
842.0,841.0,236.0,61.62,1.0,0.18388,0.14824,448.64,15.77,1.0,1333.0,4.0,0.0,1.0,1.66234,0.9792,2.81948,1.0,0.0,0
843.0,842.0,10.0,24.85,18.0,0.25147,0.04275,97.04,30.84,1.0,1497.0,1.0,0.0,1.0,0.57698,0.45551,3.46078,0.0,0.0,0
844.0,843.0,363.0,45.2,16.0,0.31741,0.10422,476.72,20.11,2.0,552.0,2.0,0.0,1.0,0.74701,0.5579,3.04972,0.0,0.0,0
845.0,844.0,274.0,292.08,14.0,0.33981,0.23746,3.01,14.37,0.0,571.0,2.0,0.0,1.0,2.19773,1.16244,2.7326,0.0,1.0,1
846.0,845.0,323.0,58.38,20.0,0.1098,0.1512,123.8,22.25,1.0,1520.0,1.0,0.0,1.0,1.41396,0.88127,3.14649,0.0,0.0,0
847.0,846.0,327.0,25.49,9.0,0.35346,0.25906,455.0,8.76,0.0,2045.0,2.0,0.0,0.0,0.46526,0.38204,2.27839,0.0,0.0,1
848.0,847.0,20.0,207.82,15.0,0.22078,0.08811,78.83,17.46,0.0,50.0,1.0,0.0,1.0,1.22977,0.8019,2.91579,0.0,0.0,0
849.0,848.0,187.0,339.38,17.0,0.13616,0.06114,545.6,22.32,0.0,960.0,1.0,0.0,0.0,4.82584,1.7623,3.14917,0.0,0.0,0
850.0,849.0,142.0,85.65,10.0,0.42615,0.04947,735.13,25.56,0.0,1675.0,1.0,1.0,1.0,0.58046,0.45771,3.27952,0.0,0.0,0
851.0,850.0,46.0,8.4,11.0,0.19382,0.03048,3.51,12.87,0.0,281.0,2.0,0.0,1.0,0.27154,0.24023,2.62972,0.0,1.0,0
852.0,851.0,177.0,59.32,18.0,0.14556,0.3043,693.54,214.47,0.0,781.0,2.0,1.0,0.0,0.89693,0.64024,5.37283,0.0,0.0,0
853.0,852.0,344.0,69.72,15.0,0.32776,0.39231,215.45,10.26,0.0,258.0,2.0,0.0,0.0,1.00188,0.69409,2.4215,0.0,0.0,0
854.0,853.0,263.0,43.3,13.0,0.38217,0.03353,146.12,7.47,0.0,975.0,3.0,0.0,1.0,1.07037,0.72772,2.13598,0.0,0.0,0
855.0,854.0,389.0,23.76,7.0,0.58026,0.01,3.83,3.31,1.0,140.0,1.0,0.0,1.0,0.5891,0.46317,1.46076,0.0,1.0,0
856.0,855.0,300.0,10.52,14.0,0.36873,0.21498,2.27,10.0,1.0,1290.0,2.0,0.0,1.0,0.36223,0.30912,2.39807,0.0,1.0,0
857.0,856.0,188.0,395.96,17.0,0.28407,0.19956,548.89,129.53,0.0,909.0,3.0,1.0,1.0,2.7104,1.31114,4.87162,0.0,0.0,0
858.0,857.0,56.0,187.01,11.0,0.35299,0.07091,144.13,22.33,1.0,1084.0,5.0,0.0,0.0,5.9565,1.93968,3.14969,0.0,0.0,1
859.0,858.0,344.0,19.87,4.0,0.17245,0.14746,499.6,7.33,0.0,258.0,0.0,0.0,1.0,0.28549,0.25114,2.11968,1.0,0.0,0
860.0,859.0,381.0,167.2,12.0,0.67685,0.19049,415.6,45.95,0.0,15.0,7.0,1.0,1.0,2.01306,1.10296,3.84908,0.0,0.0,1
861.0,860.0,286.0,72.11,11.0,0.2051,0.06449,313.46,8.39,0.0,1906.0,2.0,0.0,1.0,0.51275,0.41393,2.23987,0.0,0.0,0
862.0,861.0,273.0,471.06,3.0,0.09113,0.1929,306.93,8.47,1.0,601.0,6.0,0.0,1.0,2.90713,1.3628,2.24861,1.0,0.0,0
863.0,862.0,149.0,39.76,4.0,0.06629,0.6173,8.9,87.99,0.0,651.0,3.0,1.0,0.0,0.61623,0.4801,4.48855,1.0,0.0,1
864.0,863.0,339.0,67.75,17.0,0.16316,0.21573,877.24,7.38,1.0,1709.0,3.0,0.0,1.0,1.93192,1.07566,2.12604,0.0,0.0,0
865.0,864.0,383.0,62.33,20.0,0.22164,0.1223,449.48,17.04,1.0,1724.0,2.0,0.0,0.0,1.75928,1.01497,2.89252,0.0,0.0,0
866.0,865.0,20.0,174.47,11.0,0.17614,0.07253,96.42,45.32,0.0,50.0,0.0,0.0,1.0,1.03244,0.70924,3.83548,0.0,0.0,0
867.0,866.0,386.0,23.85,4.0,0.15559,0.08229,732.85,15.26,0.0,1740.0,0.0,0.0,0.0,0.92596,0.65542,2.7884,1.0,0.0,0
868.0,867.0,415.0,23.84,11.0,0.13317,0.26822,13.37,15.15,1.0,1982.0,0.0,0.0,1.0,0.62756,0.48708,2.78194,0.0,0.0,0
869.0,868.0,179.0,15.86,8.0,0.15583,0.19997,295.7,18.73,1.0,1808.0,2.0,0.0,1.0,0.22777,0.2052,2.98222,0.0,0.0,0
870.0,869.0,124.0,36.02,9.0,0.09089,0.12371,29.03,17.67,0.0,60.0,0.0,0.0,1.0,0.94843,0.66703,2.92696,0.0,0.0,0
871.0,870.0,190.0,25.08,16.0,0.13898,0.22223,546.63,5.54,0.0,401.0,6.0,0.0,0.0,0.70109,0.53127,1.87778,0.0,0.0,1
872.0,871.0,342.0,28.65,5.0,0.53827,0.24645,371.72,73.82,1.0,453.0,1.0,0.0,0.0,1.02069,0.70344,4.3151,1.0,0.0,1
873.0,872.0,294.0,113.56,14.0,0.26648,0.27724,14.59,32.42,0.0,1821.0,8.0,0.0,1.0,1.543,0.93334,3.50912,0.0,0.0,0
874.0,873.0,385.0,42.7,5.0,0.46094,0.02851,166.01,3.93,1.0,915.0,1.0,0.0,0.0,0.89007,0.63661,1.59632,1.0,0.0,1
875.0,874.0,293.0,53.46,16.0,0.48473,0.03067,274.64,13.87,1.0,1213.0,5.0,0.0,1.0,1.87954,1.05763,2.69925,0.0,0.0,0
876.0,875.0,393.0,17.68,15.0,0.17048,0.03456,244.59,29.44,0.0,908.0,0.0,0.0,1.0,1.03653,0.71125,3.41565,0.0,0.0,0
877.0,876.0,199.0,53.31,15.0,0.11604,0.09016,51.45,5.67,0.0,957.0,3.0,0.0,1.0,0.83743,0.60837,1.8979,0.0,0.0,0
878.0,877.0,318.0,80.32,14.0,0.12412,0.19447,475.35,81.27,1.0,866.0,1.0,0.0,1.0,0.96817,0.67711,4.41005,0.0,0.0,0
879.0,878.0,83.0,100.7,11.0,0.40555,0.39006,139.18,70.02,0.0,1023.0,2.0,1.0,0.0,1.79277,1.02703,4.26291,0.0,0.0,0
880.0,879.0,104.0,60.5,5.0,0.35053,0.16756,7.1,22.13,0.0,1277.0,2.0,0.0,0.0,0.7595,0.56503,3.14116,1.0,0.0,1
881.0,880.0,364.0,15.15,2.0,0.22658,0.13976,454.27,107.42,0.0,1357.0,4.0,0.0,1.0,1.03651,0.71124,4.686,1.0,0.0,0
882.0,881.0,219.0,70.44,14.0,0.34014,0.19279,5.76,91.18,0.0,1437.0,4.0,1.0,1.0,1.45849,0.89955,4.52374,0.0,1.0,0
883.0,882.0,51.0,98.23,15.0,0.53032,0.55175,139.65,4.33,0.0,876.0,6.0,0.0,0.0,1.65185,0.97526,1.67244,0.0,0.0,0
884.0,883.0,167.0,99.55,10.0,0.3709,0.18894,149.24,50.76,1.0,1471.0,0.0,1.0,1.0,2.22728,1.17164,3.94652,0.0,0.0,0
885.0,884.0,375.0,58.22,11.0,0.42544,0.21563,554.3,36.55,1.0,338.0,1.0,0.0,1.0,0.4246,0.35389,3.6257,0.0,0.0,0
886.0,885.0,20.0,755.33,16.0,0.15418,0.11629,67.37,55.18,1.0,50.0,1.0,1.0,0.0,4.46961,1.69921,4.02848,0.0,0.0,0
887.0,886.0,310.0,103.21,16.0,0.39792,0.19394,533.36,42.67,0.0,516.0,2.0,0.0,1.0,2.37968,1.21778,3.77663,0.0,0.0,0
888.0,887.0,133.0,25.54,16.0,0.33498,0.14474,419.65,4.48,1.0,1183.0,2.0,0.0,0.0,0.48077,0.39256,1.7011,0.0,0.0,0
889.0,888.0,395.0,34.87,19.0,0.11677,0.0899,229.06,12.19,1.0,1708.0,3.0,0.0,0.0,0.39709,0.33439,2.57946,0.0,0.0,0
890.0,889.0,169.0,21.11,11.0,0.24928,0.01628,423.31,5.8,1.0,989.0,2.0,0.0,1.0,0.31502,0.27385,1.91636,0.0,0.0,0
891.0,890.0,257.0,134.43,10.0,0.02673,0.11763,214.99,2.8,0.0,2159.0,1.0,0.0,1.0,0.84796,0.61408,1.33527,0.0,0.0,0
892.0,891.0,138.0,31.61,12.0,0.05899,0.2324,400.25,20.01,0.0,1772.0,2.0,0.0,0.0,0.68309,0.52063,3.04507,0.0,0.0,0
893.0,892.0,340.0,84.04,14.0,0.68557,0.02101,376.23,5.56,0.0,1090.0,0.0,0.0,0.0,1.06865,0.72689,1.88165,0.0,0.0,0
894.0,893.0,175.0,26.06,14.0,0.07976,0.01,197.59,10.25,0.0,203.0,1.0,0.0,0.0,0.37156,0.31595,2.42078,0.0,0.0,0
895.0,894.0,380.0,16.41,17.0,0.17816,0.0245,4.57,17.36,0.0,1896.0,1.0,0.0,0.0,0.37046,0.31514,2.91043,0.0,1.0,0
896.0,895.0,159.0,11.11,14.0,0.13433,0.10721,509.38,16.18,0.0,1564.0,0.0,0.0,0.0,0.28611,0.25162,2.84402,0.0,0.0,1
897.0,896.0,173.0,36.86,8.0,0.45362,0.28423,137.18,1245.21,0.0,1982.0,4.0,1.0,1.0,1.15578,0.76815,7.12786,0.0,0.0,0
898.0,897.0,216.0,107.51,20.0,0.3579,0.16667,370.8,15.91,1.0,1685.0,5.0,0.0,1.0,1.58693,0.95047,2.82763,0.0,0.0,0
899.0,898.0,281.0,6.11,18.0,0.1015,0.08135,66.91,239.64,0.0,2147.0,3.0,1.0,1.0,0.31755,0.27577,5.48332,0.0,0.0,0
900.0,899.0,388.0,96.61,11.0,0.34385,0.09985,11.86,18.19,0.0,1720.0,3.0,0.0,0.0,1.32382,0.84321,2.9544,0.0,0.0,0
901.0,900.0,352.0,49.13,9.0,0.67624,0.13122,33.6,13.68,1.0,1181.0,2.0,0.0,0.0,0.55348,0.4405,2.6867,0.0,0.0,0
902.0,901.0,332.0,36.84,18.0,0.25998,0.01377,679.77,26.4,1.0,1585.0,1.0,0.0,0.0,0.8308,0.60475,3.31046,0.0,0.0,0
903.0,902.0,187.0,106.09,18.0,0.39251,0.27117,530.54,6.39,1.0,960.0,2.0,0.0,1.0,1.50851,0.91969,2.00023,0.0,0.0,0
904.0,903.0,150.0,143.21,3.0,0.48801,0.24851,129.64,6.5,0.0,467.0,1.0,0.0,0.0,2.44174,1.23598,2.01552,1.0,0.0,1
905.0,904.0,408.0,45.38,12.0,0.34761,0.44005,88.99,15.62,0.0,1713.0,0.0,0.0,1.0,0.71524,0.53955,2.81067,0.0,0.0,0
906.0,905.0,125.0,134.08,10.0,0.16665,0.31217,576.73,16.21,0.0,520.0,0.0,0.0,0.0,2.00268,1.09951,2.84529,0.0,0.0,0
907.0,906.0,371.0,128.23,15.0,0.25932,0.05813,42.81,2.55,1.0,487.0,5.0,0.0,1.0,1.85385,1.04867,1.26781,0.0,0.0,1
908.0,907.0,90.0,125.76,14.0,0.32053,0.11041,477.98,37.13,1.0,879.0,4.0,0.0,1.0,2.66708,1.29939,3.641,0.0,0.0,0
909.0,908.0,263.0,111.2,9.0,0.41747,0.03281,216.3,37.81,2.0,975.0,4.0,0.0,0.0,2.74881,1.32144,3.65874,0.0,0.0,0
910.0,909.0,404.0,9.77,15.0,0.3894,0.14769,214.32,31.29,0.0,840.0,3.0,0.0,0.0,0.36686,0.31251,3.47461,0.0,0.0,1
911.0,910.0,226.0,183.59,20.0,0.09798,0.13434,3.9,16.79,0.0,1331.0,0.0,0.0,0.0,5.8143,1.91902,2.87885,0.0,1.0,1
912.0,911.0,153.0,27.17,10.0,0.22777,0.19937,154.65,20.54,1.0,2084.0,3.0,0.0,1.0,0.80592,0.59107,3.06971,0.0,0.0,0
913.0,912.0,159.0,124.11,7.0,0.21045,0.0992,415.45,113.15,2.0,1564.0,4.0,1.0,1.0,3.19619,1.43418,4.73747,0.0,0.0,0
914.0,913.0,280.0,29.77,11.0,0.18795,0.11274,159.23,25.58,2.0,1448.0,1.0,0.0,1.0,1.08589,0.73519,3.28019,0.0,0.0,0
915.0,914.0,387.0,13.86,16.0,0.2667,0.1575,721.39,5.06,2.0,638.0,2.0,0.0,0.0,0.4407,0.36513,1.80221,0.0,0.0,0
916.0,915.0,160.0,55.13,15.0,0.20616,0.22724,35.91,38.83,1.0,626.0,1.0,0.0,1.0,0.39272,0.33126,3.68454,0.0,0.0,0
917.0,916.0,403.0,65.94,21.0,0.23465,0.20541,138.05,10.77,0.0,65.0,2.0,0.0,1.0,0.62507,0.48555,2.46567,0.0,0.0,0
918.0,917.0,315.0,36.36,9.0,0.14293,0.04818,275.32,5.46,0.0,1127.0,1.0,0.0,1.0,1.41662,0.88237,1.86572,0.0,0.0,0
919.0,918.0,282.0,157.16,14.0,0.17074,0.05173,243.97,5.57,2.0,2082.0,2.0,0.0,1.0,0.94267,0.66406,1.88301,0.0,0.0,0
920.0,919.0,175.0,63.44,14.0,0.35373,0.07699,829.99,19.76,2.0,203.0,7.0,0.0,0.0,0.90444,0.64419,3.03321,0.0,0.0,0
921.0,920.0,39.0,123.35,11.0,0.15529,0.03403,5.79,2.27,1.0,63.0,3.0,0.0,1.0,1.55022,0.93618,1.18452,0.0,1.0,0
922.0,921.0,378.0,91.99,21.0,0.17771,0.05694,489.19,7.35,0.0,844.0,2.0,0.0,1.0,1.63018,0.96705,2.1217,0.0,0.0,0
923.0,922.0,122.0,2.82,18.0,0.32193,0.04865,475.8,10.38,1.0,1135.0,1.0,0.0,0.0,0.19086,0.17467,2.43181,0.0,0.0,0
924.0,923.0,66.0,24.88,6.0,0.08831,0.05009,241.95,6.17,0.0,99.0,0.0,0.0,1.0,0.29532,0.25876,1.97018,0.0,0.0,0
925.0,924.0,347.0,135.72,14.0,0.50206,0.07257,212.66,45.22,0.0,1085.0,1.0,1.0,0.0,0.56071,0.44514,3.8334,0.0,0.0,0
926.0,925.0,407.0,14.08,16.0,0.12719,0.01282,224.47,2.12,1.0,835.0,2.0,0.0,1.0,0.31646,0.27494,1.1371,0.0,0.0,0
927.0,926.0,116.0,217.08,5.0,0.28683,0.35713,89.24,26.1,0.0,2119.0,0.0,0.0,0.0,1.52007,0.92429,3.29949,1.0,0.0,1
928.0,927.0,177.0,14.49,14.0,0.09595,0.08771,466.14,7.99,0.0,781.0,0.0,0.0,1.0,0.21907,0.19809,2.19598,0.0,0.0,0
929.0,928.0,128.0,28.34,7.0,0.11488,0.08123,295.33,23.6,0.0,1019.0,0.0,0.0,0.0,0.46589,0.38246,3.20266,0.0,0.0,0
930.0,929.0,183.0,93.56,10.0,0.20022,0.12693,16.86,6.52,0.0,474.0,2.0,0.0,0.0,1.1225,0.7526,2.01793,0.0,0.0,0
931.0,930.0,160.0,436.48,11.0,0.1782,0.1083,0.9,237.02,0.0,626.0,0.0,1.0,1.0,3.10947,1.41329,5.47235,0.0,1.0,1
932.0,931.0,58.0,105.61,15.0,0.36527,0.0557,201.72,12.02,0.0,1075.0,2.0,0.0,1.0,0.83472,0.60689,2.56658,0.0,0.0,0
933.0,932.0,131.0,82.3,19.0,0.20849,0.29332,134.87,33.83,3.0,335.0,0.0,0.0,0.0,1.23703,0.80515,3.55039,0.0,0.0,0
934.0,933.0,381.0,96.8,18.0,0.18236,0.17163,509.1,12.79,0.0,15.0,2.0,0.0,1.0,1.16546,0.77263,2.6237,0.0,0.0,0
935.0,934.0,382.0,41.19,20.0,0.36709,0.20255,62.03,7.7,1.0,264.0,1.0,0.0,1.0,1.71108,0.99735,2.16285,0.0,0.0,1
936.0,935.0,7.0,77.44,6.0,0.24191,0.07532,828.61,3.01,0.0,1086.0,3.0,0.0,0.0,1.78933,1.0258,1.38988,0.0,0.0,0
937.0,936.0,53.0,40.33,6.0,0.32961,0.04171,734.85,27.87,1.0,2169.0,2.0,0.0,1.0,0.40869,0.34266,3.36274,0.0,0.0,0
938.0,937.0,242.0,66.21,15.0,0.49128,0.04785,186.63,23.92,2.0,311.0,2.0,0.0,1.0,1.85016,1.04737,3.21549,0.0,0.0,0
939.0,938.0,2.0,223.83,12.0,0.31892,0.04704,36.68,11.78,0.0,359.0,2.0,0.0,1.0,1.80032,1.02973,2.54813,0.0,0.0,0
940.0,939.0,373.0,114.47,13.0,0.01146,0.05303,80.22,4.16,0.0,907.0,2.0,0.0,1.0,1.07757,0.7312,1.64133,0.0,0.0,0
941.0,940.0,105.0,120.18,13.0,0.14867,0.55179,708.96,3.8,2.0,1540.0,3.0,0.0,0.0,0.70766,0.53513,1.56924,0.0,0.0,1
942.0,941.0,264.0,5.92,8.0,0.21688,0.16203,80.01,8.62,0.0,1841.0,2.0,0.0,1.0,0.27931,0.24632,2.26391,0.0,0.0,0
943.0,942.0,262.0,157.29,7.0,0.11092,0.07118,45.13,34.01,0.0,681.0,2.0,0.0,1.0,0.58725,0.462,3.55576,0.0,0.0,0
944.0,943.0,115.0,56.76,9.0,0.58001,0.33945,524.93,21.03,0.0,1148.0,1.0,0.0,1.0,1.28381,0.82585,3.09222,0.0,0.0,1
945.0,944.0,369.0,8.46,16.0,0.52576,0.17046,320.15,2.73,0.0,1832.0,3.0,0.0,0.0,0.37552,0.31883,1.31767,0.0,0.0,0
946.0,945.0,19.0,99.43,8.0,0.0997,0.2283,314.19,12.66,0.0,1732.0,1.0,0.0,1.0,0.91266,0.64849,2.61473,0.0,0.0,0
947.0,946.0,325.0,37.89,16.0,0.07326,0.06212,206.35,8.43,1.0,1576.0,2.0,0.0,0.0,1.29786,0.83198,2.24416,0.0,0.0,0
948.0,947.0,341.0,144.6,15.0,0.3864,0.01913,519.0,5.26,1.0,1560.0,3.0,0.0,0.0,2.75228,1.32236,1.83414,0.0,0.0,0
949.0,948.0,347.0,179.39,15.0,0.70541,0.06822,113.53,89.85,0.0,1085.0,1.0,0.0,1.0,0.74112,0.55453,4.50925,0.0,0.0,0
950.0,949.0,331.0,31.15,12.0,0.16147,0.16126,106.97,3.05,0.0,212.0,0.0,0.0,0.0,0.63403,0.49105,1.39835,0.0,0.0,0
951.0,950.0,294.0,93.15,15.0,0.28317,0.13371,39.66,34.47,0.0,1821.0,1.0,0.0,0.0,1.2657,0.81788,3.56863,0.0,0.0,0
952.0,951.0,193.0,6.89,8.0,0.40737,0.28825,160.85,47.88,0.0,137.0,1.0,0.0,0.0,0.86069,0.62095,3.88934,0.0,0.0,0
953.0,952.0,107.0,39.94,20.0,0.46923,0.31181,389.1,34.34,2.0,498.0,2.0,0.0,1.0,1.46345,0.90156,3.5651,0.0,0.0,1
954.0,953.0,180.0,30.67,16.0,0.49112,0.16288,264.3,637.21,2.0,1211.0,2.0,1.0,0.0,0.41947,0.35029,6.45866,0.0,0.0,1
955.0,954.0,228.0,39.37,9.0,0.36684,0.19459,96.93,6.59,1.0,1813.0,2.0,0.0,0.0,0.79925,0.58737,2.02742,0.0,0.0,0
956.0,955.0,232.0,45.33,4.0,0.31483,0.15726,375.73,4.17,0.0,532.0,3.0,0.0,1.0,0.82839,0.60344,1.64245,1.0,0.0,0
957.0,956.0,358.0,130.87,10.0,0.15008,0.20256,84.51,74.83,0.0,1951.0,2.0,0.0,1.0,0.57032,0.45128,4.32849,0.0,0.0,0
958.0,957.0,247.0,8.71,8.0,0.37063,0.11735,586.88,17.82,1.0,1577.0,2.0,0.0,0.0,0.48799,0.39743,2.93467,0.0,0.0,0
959.0,958.0,304.0,143.83,8.0,0.16011,0.13019,203.23,0.92,2.0,1312.0,5.0,0.0,0.0,2.79656,1.3341,0.65358,0.0,0.0,0
960.0,959.0,84.0,124.91,20.0,0.02686,0.24195,176.07,13.24,0.0,2178.0,5.0,0.0,1.0,2.90003,1.36098,2.65572,0.0,0.0,0
961.0,960.0,278.0,59.76,5.0,0.05266,0.3073,487.0,7.43,1.0,457.0,3.0,0.0,1.0,0.59416,0.46635,2.13177,1.0,0.0,0
962.0,961.0,54.0,139.59,17.0,0.35525,0.15533,29.35,28.28,1.0,427.0,0.0,0.0,1.0,1.03994,0.71292,3.37679,0.0,0.0,1
963.0,962.0,278.0,192.08,15.0,0.27653,0.10227,296.17,3.42,1.0,457.0,2.0,0.0,0.0,1.90965,1.06803,1.48537,0.0,0.0,0
964.0,963.0,21.0,319.04,12.0,0.20207,0.14214,98.17,9.09,0.0,1095.0,1.0,0.0,1.0,3.74487,1.55706,2.31158,0.0,0.0,0
965.0,964.0,147.0,299.51,13.0,0.41074,0.24301,185.93,110.85,0.0,214.0,2.0,1.0,0.0,2.5381,1.26359,4.71717,0.0,0.0,1
966.0,965.0,414.0,27.08,19.0,0.35145,0.05969,460.66,2.26,0.0,40.0,1.0,0.0,0.0,1.36906,0.86249,1.18175,0.0,0.0,0
967.0,966.0,268.0,110.55,17.0,0.33691,0.12487,4.37,24.99,0.0,423.0,1.0,0.0,0.0,2.08041,1.12506,3.25779,0.0,1.0,1
968.0,967.0,368.0,47.56,15.0,0.13836,0.22941,253.15,15.3,1.0,578.0,1.0,0.0,0.0,0.97719,0.68168,2.79103,0.0,0.0,0
969.0,968.0,388.0,25.67,7.0,0.36226,0.14521,17.47,71.6,2.0,1720.0,7.0,1.0,1.0,0.35178,0.30142,4.285,0.0,0.0,0
970.0,969.0,101.0,18.73,16.0,0.07616,0.17586,282.97,53.55,0.0,167.0,1.0,0.0,1.0,0.47373,0.3878,3.99903,0.0,0.0,0
971.0,970.0,195.0,114.92,19.0,0.36296,0.05777,265.53,9.85,1.0,1472.0,2.0,0.0,1.0,9.41004,2.34277,2.3846,0.0,0.0,0
972.0,971.0,43.0,92.89,9.0,0.30241,0.09034,103.2,9.6,0.0,637.0,3.0,0.0,1.0,1.35418,0.85619,2.36111,0.0,0.0,0
973.0,972.0,240.0,103.36,3.0,0.18294,0.16598,210.59,2.56,1.0,1434.0,0.0,0.0,0.0,1.8013,1.03009,1.27096,1.0,0.0,0
974.0,973.0,224.0,37.84,20.0,0.07076,0.02325,9.98,29.07,0.0,584.0,1.0,0.0,0.0,0.60809,0.47505,3.40349,0.0,0.0,0
975.0,974.0,238.0,37.14,10.0,0.31364,0.03987,140.85,2.08,0.0,1643.0,1.0,0.0,1.0,1.47144,0.9048,1.126,0.0,0.0,0
976.0,975.0,109.0,18.08,17.0,0.24957,0.47076,2.06,8.63,2.0,1723.0,2.0,0.0,1.0,0.32543,0.28173,2.26482,0.0,1.0,1
977.0,976.0,130.0,87.93,15.0,0.15159,0.31055,409.77,10.29,1.0,1759.0,1.0,0.0,0.0,1.76512,1.01709,2.42418,0.0,0.0,0
978.0,977.0,405.0,6.99,11.0,0.5103,0.11335,568.5,11.86,1.0,1562.0,4.0,0.0,0.0,0.09809,0.09358,2.55425,0.0,0.0,0
979.0,978.0,267.0,58.68,13.0,0.28824,0.02983,101.84,9.55,0.0,820.0,0.0,0.0,1.0,0.43041,0.35796,2.3563,0.0,0.0,0
980.0,979.0,348.0,117.3,17.0,0.12737,0.08344,304.17,22.62,0.0,1225.0,4.0,0.0,1.0,1.05135,0.7185,3.16222,0.0,0.0,0
981.0,980.0,247.0,32.4,8.0,0.26573,0.24241,544.44,10.59,0.0,1577.0,1.0,0.0,0.0,1.8156,1.03518,2.45045,0.0,0.0,0
982.0,981.0,54.0,7407.3,15.0,0.52289,0.23968,6.51,13.59,2.0,427.0,2.0,0.0,1.0,55.18536,4.02866,2.68067,0.0,1.0,1
983.0,982.0,178.0,1021.18,13.0,0.45066,0.11708,400.09,9.19,0.0,563.0,3.0,0.0,0.0,5.45077,1.8642,2.32183,0.0,0.0,0
984.0,983.0,41.0,54.09,10.0,0.58784,0.25966,385.8,58.97,1.0,1555.0,4.0,0.0,0.0,1.10572,0.74466,4.09378,0.0,0.0,0
985.0,984.0,247.0,11.55,13.0,0.28415,0.07312,588.4,73.82,0.0,1577.0,1.0,0.0,0.0,0.64723,0.4991,4.31514,0.0,0.0,0
986.0,985.0,378.0,9.97,18.0,0.12888,0.11857,125.75,24.48,0.0,844.0,1.0,0.0,1.0,0.17667,0.16269,3.23786,0.0,0.0,0
987.0,986.0,46.0,27.73,2.0,0.32892,0.37423,105.81,9.23,0.0,281.0,3.0,0.0,1.0,0.89623,0.63987,2.32497,1.0,0.0,0
988.0,987.0,108.0,93.86,17.0,0.04003,0.43147,71.27,187.54,0.0,1757.0,0.0,1.0,1.0,1.05303,0.71932,5.23931,0.0,0.0,0
989.0,988.0,94.0,55.59,9.0,0.25382,0.05189,59.11,39.52,1.0,906.0,3.0,0.0,0.0,1.44527,0.89415,3.70188,0.0,0.0,0
990.0,989.0,16.0,56.75,17.0,0.11259,0.11197,263.03,5.5,0.0,1013.0,3.0,0.0,1.0,1.09825,0.7411,1.87191,0.0,0.0,0
991.0,990.0,6.0,104.45,8.0,0.27113,0.11021,79.5,7.51,2.0,421.0,1.0,0.0,1.0,7.26914,2.11253,2.14077,0.0,0.0,0
992.0,991.0,82.0,28.05,8.0,0.07929,0.08973,143.95,43.62,0.0,439.0,1.0,1.0,1.0,1.7948,1.02776,3.79824,0.0,0.0,0
993.0,992.0,3.0,120.02,2.0,0.02595,0.0484,446.71,53.33,0.0,817.0,1.0,0.0,1.0,2.16882,1.15336,3.99499,1.0,0.0,0
994.0,993.0,139.0,91.19,17.0,0.24609,0.16497,764.0,5.14,0.0,87.0,0.0,0.0,0.0,2.2522,1.17933,1.81441,0.0,0.0,0
995.0,994.0,352.0,158.11,12.0,0.21317,0.01735,37.88,27.54,2.0,1181.0,2.0,0.0,1.0,1.78106,1.02283,3.35137,0.0,0.0,0
996.0,995.0,149.0,134.61,3.0,0.13714,0.05507,13.09,12.35,0.0,651.0,0.0,0.0,1.0,2.08647,1.12703,2.5916,1.0,0.0,0
997.0,996.0,301.0,12.57,17.0,0.12994,0.02572,103.49,51.12,0.0,485.0,3.0,0.0,1.0,0.47235,0.38686,3.9536,0.0,0.0,0
998.0,997.0,114.0,28.95,10.0,0.04092,0.24197,85.43,81.89,1.0,1334.0,3.0,0.0,0.0,0.60488,0.47305,4.41753,0.0,0.0,1
999.0,998.0,174.0,53.7,9.0,0.13726,0.15065,734.73,8.9,1.0,1212.0,1.0,0.0,0.0,0.80848,0.59248,2.29301,0.0,0.0,0
1000.0,999.0,4.0,80.14,10.0,0.72047,0.43363,7.64,7.47,1.0,1142.0,3.0,0.0,0.0,1.36643,0.86138,2.13642,0.0,0.0,0
1001.0,1000.0,19.0,33.17,13.0,0.05005,0.22726,4.75,47.14,0.0,1732.0,2.0,1.0,1.0,0.30447,0.26579,3.87407,0.0,1.0,0
1002.0,1001.0,33.0,28.49,13.0,0.38512,0.17906,333.14,3.04,0.0,1939.0,0.0,0.0,0.0,0.16699,0.15443,1.39501,0.0,0.0,0
1003.0,1002.0,150.0,114.25,12.0,0.13281,0.10666,119.01,15.04,1.0,467.0,2.0,0.0,1.0,1.94806,1.08115,2.77503,0.0,0.0,0
1004.0,1003.0,132.0,68.01,11.0,0.29432,0.08636,363.81,26.84,1.0,1676.0,6.0,0.0,1.0,1.1544,0.76751,3.32641,0.0,0.0,0
1005.0,1004.0,276.0,239.67,7.0,0.16591,0.20412,547.71,0.64,2.0,2164.0,2.0,0.0,1.0,1.90425,1.06618,0.49632,0.0,0.0,0
1006.0,1005.0,27.0,52.95,19.0,0.47582,0.09417,44.84,86.03,0.0,1949.0,0.0,0.0,0.0,0.92346,0.65412,4.46623,0.0,0.0,0
1007.0,1006.0,218.0,44.54,9.0,0.2139,0.07484,167.02,15.39,0.0,2081.0,0.0,0.0,1.0,1.02266,0.70441,2.79664,0.0,0.0,0
1008.0,1007.0,12.0,133.52,17.0,0.28795,0.1201,577.83,5.39,0.0,1896.0,1.0,0.0,0.0,2.30823,1.19641,1.85475,0.0,0.0,0
1009.0,1008.0,206.0,32.88,3.0,0.35749,0.02785,41.2,0.69,0.0,1648.0,2.0,0.0,0.0,1.53022,0.92831,0.52479,1.0,0.0,0
1010.0,1009.0,258.0,53.86,17.0,0.03605,0.11541,1.87,16.82,1.0,1488.0,2.0,0.0,0.0,1.11956,0.75121,2.88046,0.0,1.0,0
1011.0,1010.0,45.0,44.01,7.0,0.31029,0.12238,415.55,2.98,0.0,647.0,1.0,0.0,1.0,0.78316,0.57839,1.38181,0.0,0.0,0
1012.0,1011.0,183.0,183.64,18.0,0.73414,0.06776,75.14,312.24,1.0,474.0,2.0,1.0,0.0,2.20315,1.16413,5.74697,0.0,0.0,1
1013.0,1012.0,299.0,42.25,15.0,0.41492,0.14422,156.05,369.22,0.0,1821.0,5.0,1.0,1.0,0.83956,0.60952,5.9141,0.0,0.0,0
1014.0,1013.0,51.0,77.24,4.0,0.09589,0.06632,155.22,15.85,0.0,876.0,1.0,0.0,1.0,1.29897,0.83246,2.82455,1.0,0.0,0
1015.0,1014.0,383.0,50.91,9.0,0.07336,0.1828,118.78,10.87,0.0,1724.0,2.0,0.0,0.0,1.43708,0.8908,2.47398,0.0,0.0,0
1016.0,1015.0,353.0,107.73,16.0,0.17176,0.15812,214.67,39.5,0.0,1053.0,0.0,1.0,1.0,2.66327,1.29836,3.70136,0.0,0.0,0
1017.0,1016.0,323.0,97.48,10.0,0.09678,0.17388,33.26,17.3,1.0,1520.0,1.0,0.0,1.0,2.36107,1.21226,2.90696,0.0,0.0,0
1018.0,1017.0,224.0,14.57,13.0,0.78048,0.02118,26.8,262.42,0.0,584.0,8.0,1.0,1.0,0.23411,0.21035,5.57375,0.0,0.0,0
1019.0,1018.0,52.0,117.41,6.0,0.13202,0.10391,569.28,5.29,0.0,649.0,0.0,0.0,0.0,1.09149,0.73788,1.83872,0.0,0.0,0
1020.0,1019.0,292.0,59.48,19.0,0.2755,0.37607,101.12,5.72,0.0,742.0,0.0,0.0,0.0,0.82145,0.59963,1.90509,0.0,0.0,0
1021.0,1020.0,256.0,134.02,12.0,0.12657,0.24044,189.05,15.79,0.0,1545.0,3.0,0.0,1.0,1.20114,0.78898,2.82099,0.0,0.0,0
1022.0,1021.0,292.0,274.16,12.0,0.33781,0.40236,198.17,1.75,0.0,742.0,1.0,0.0,1.0,3.78662,1.56582,1.01122,0.0,0.0,0
1023.0,1022.0,252.0,35.06,9.0,0.24468,0.08814,586.86,4.89,1.0,217.0,3.0,0.0,1.0,1.11225,0.74776,1.77407,0.0,0.0,0
1024.0,1023.0,355.0,77.79,15.0,0.36763,0.04944,126.7,6.03,0.0,210.0,2.0,0.0,1.0,0.99358,0.68993,1.95089,0.0,0.0,0
1025.0,1024.0,330.0,116.22,11.0,0.28497,0.01805,5.07,10.96,0.0,1086.0,3.0,0.0,0.0,1.07021,0.72765,2.48198,0.0,1.0,0
1026.0,1025.0,300.0,16.43,7.0,0.50309,0.27832,75.7,11.93,1.0,1290.0,1.0,0.0,0.0,0.56554,0.44823,2.55932,0.0,0.0,0
1027.0,1026.0,190.0,19.55,11.0,0.22622,0.05609,259.12,6.47,0.0,401.0,3.0,0.0,0.0,0.54637,0.43591,2.01077,0.0,0.0,0
1028.0,1027.0,411.0,35.42,14.0,0.19238,0.178,199.87,57.83,0.0,1445.0,1.0,0.0,0.0,0.39238,0.33102,4.07462,0.0,0.0,1
1029.0,1028.0,88.0,203.49,7.0,0.35677,0.01643,41.88,51.26,1.0,982.0,2.0,0.0,0.0,1.99186,1.09589,3.95632,0.0,0.0,0
1030.0,1029.0,373.0,137.9,12.0,0.2258,0.04775,94.2,16.72,1.0,907.0,1.0,0.0,1.0,1.29815,0.83211,2.87457,0.0,0.0,0
1031.0,1030.0,87.0,153.61,11.0,0.06706,0.01043,76.79,4.25,0.0,1015.0,1.0,0.0,1.0,1.34185,0.85094,1.6573,0.0,0.0,0
1032.0,1031.0,343.0,19.54,10.0,0.33583,0.34591,296.86,5.62,3.0,838.0,1.0,1.0,0.0,0.45383,0.3742,1.89062,0.0,0.0,0
1033.0,1032.0,42.0,30.19,14.0,0.63834,0.01664,447.24,4.36,1.0,1866.0,7.0,0.0,0.0,1.84562,1.04578,1.67828,0.0,0.0,0
1034.0,1033.0,38.0,61.39,2.0,0.32243,0.47828,360.75,22.52,1.0,311.0,6.0,0.0,1.0,1.55132,0.93661,3.15806,1.0,0.0,0
1035.0,1034.0,296.0,90.95,8.0,0.16898,0.07708,39.28,97.82,0.0,658.0,3.0,1.0,1.0,2.0499,1.11511,4.59327,0.0,0.0,0
1036.0,1035.0,128.0,32.19,10.0,0.15196,0.12306,466.15,13.02,0.0,1019.0,2.0,0.0,1.0,0.52927,0.42479,2.6402,0.0,0.0,0
1037.0,1036.0,297.0,1328.89,11.0,0.29947,0.04528,51.94,17.26,0.0,1797.0,0.0,0.0,1.0,7.2209,2.10668,2.90496,0.0,0.0,0
1038.0,1037.0,306.0,117.37,11.0,0.23727,0.62045,170.68,11.47,0.0,716.0,0.0,0.0,1.0,0.97873,0.68245,2.52323,0.0,0.0,0
1039.0,1038.0,21.0,95.35,21.0,0.10256,0.09938,318.17,41.38,0.0,1095.0,1.0,0.0,1.0,1.11921,0.75104,3.74657,0.0,0.0,0
1040.0,1039.0,255.0,18.85,18.0,0.11963,0.03905,785.09,23.76,0.0,1608.0,4.0,0.0,1.0,0.17477,0.16107,3.20906,0.0,0.0,0
1041.0,1040.0,281.0,30.07,20.0,0.37973,0.29379,58.21,4.16,1.0,2147.0,2.0,0.0,1.0,1.56355,0.94139,1.64018,0.0,0.0,0
1042.0,1041.0,158.0,26.59,10.0,0.24284,0.11361,585.19,10.04,1.0,1685.0,1.0,0.0,1.0,0.77506,0.57383,2.40114,0.0,0.0,0
1043.0,1042.0,407.0,37.52,16.0,0.34629,0.20073,118.65,5.01,1.0,835.0,1.0,0.0,1.0,0.84361,0.61172,1.79329,0.0,0.0,0
1044.0,1043.0,244.0,504.42,8.0,0.21264,0.12297,249.42,12.55,1.0,1923.0,2.0,0.0,1.0,13.22402,2.65493,2.60667,0.0,0.0,0
1045.0,1044.0,55.0,62.21,16.0,0.23471,0.01,507.69,7.58,0.0,1157.0,0.0,0.0,1.0,0.82122,0.59951,2.14967,0.0,0.0,0
1046.0,1045.0,178.0,228.09,11.0,0.25953,0.04918,0.46,53.51,3.0,563.0,5.0,0.0,1.0,1.21746,0.79636,3.99847,0.0,1.0,1
1047.0,1046.0,142.0,98.06,2.0,0.56859,0.1365,328.2,4.8,1.0,1675.0,2.0,0.0,0.0,0.66458,0.50957,1.7574,1.0,0.0,1
1048.0,1047.0,61.0,120.52,13.0,0.31588,0.29272,764.6,60.86,0.0,1496.0,5.0,0.0,1.0,2.37775,1.21721,4.12483,0.0,0.0,0
1049.0,1048.0,238.0,16.58,12.0,0.38141,0.06117,384.8,103.03,2.0,1643.0,4.0,1.0,0.0,0.65702,0.50502,4.64465,0.0,0.0,1
1050.0,1049.0,124.0,27.1,18.0,0.15349,0.13874,67.56,1.94,0.0,60.0,2.0,0.0,0.0,0.71359,0.53859,1.07833,0.0,0.0,0
1051.0,1050.0,14.0,78.86,14.0,0.06862,0.21861,182.39,1.42,0.0,274.0,0.0,0.0,1.0,0.81249,0.5947,0.88387,0.0,0.0,0
1052.0,1051.0,160.0,831.07,9.0,0.19715,0.08122,36.45,7.92,0.0,626.0,3.0,0.0,1.0,5.92044,1.93448,2.18787,0.0,0.0,0
1053.0,1052.0,179.0,582.22,13.0,0.29116,0.3136,323.95,11.5,0.0,1808.0,5.0,0.0,1.0,8.35939,2.23638,2.52607,0.0,0.0,0
1054.0,1053.0,301.0,20.43,9.0,0.34815,0.11295,218.68,29.16,2.0,485.0,1.0,0.0,1.0,0.76779,0.56973,3.40638,0.0,0.0,0
1055.0,1054.0,185.0,203.49,9.0,0.20954,0.41979,139.66,23.59,0.0,1619.0,0.0,0.0,0.0,3.44879,1.49263,3.20249,0.0,0.0,0
1056.0,1055.0,133.0,139.78,19.0,0.21366,0.21495,481.22,116.15,1.0,1183.0,1.0,0.0,1.0,2.63108,1.28953,4.76343,0.0,0.0,0
1057.0,1056.0,225.0,11.31,15.0,0.39889,0.13317,290.71,4.74,1.0,1543.0,2.0,0.0,1.0,0.54216,0.43318,1.74808,0.0,0.0,0
1058.0,1057.0,180.0,25.96,1.0,0.16912,0.04091,170.27,1.69,0.0,1211.0,1.0,0.0,1.0,0.35497,0.30378,0.9912,1.0,0.0,0
1059.0,1058.0,234.0,81.35,8.0,0.4318,0.17696,839.35,4.57,0.0,1886.0,6.0,0.0,1.0,0.91644,0.65047,1.71681,0.0,0.0,0
1060.0,1059.0,14.0,53.32,11.0,0.01845,0.06001,662.03,7.87,1.0,274.0,0.0,0.0,1.0,0.54937,0.43785,2.18267,0.0,0.0,0
1061.0,1060.0,175.0,56.56,4.0,0.25358,0.30285,283.44,189.77,0.0,203.0,2.0,1.0,0.0,0.80632,0.59129,5.25107,1.0,0.0,1
1062.0,1061.0,39.0,91.15,17.0,0.29877,0.14784,278.56,12.62,0.0,63.0,3.0,0.0,1.0,1.14561,0.76342,2.61123,0.0,0.0,0
1063.0,1062.0,179.0,157.13,13.0,0.37262,0.22191,227.31,12.98,0.0,1808.0,1.0,0.0,1.0,2.25602,1.18051,2.63786,0.0,0.0,0
1064.0,1063.0,116.0,545.91,14.0,0.07984,0.36212,91.07,24.05,0.0,2119.0,1.0,0.0,1.0,3.82264,1.57332,3.22074,0.0,0.0,0
1065.0,1064.0,18.0,127.85,12.0,0.12907,0.1499,111.64,4.77,0.0,195.0,1.0,0.0,1.0,2.29746,1.19315,1.75318,0.0,0.0,0
1066.0,1065.0,57.0,30.47,12.0,0.1395,0.06804,294.93,1867.06,0.0,1136.0,4.0,1.0,1.0,1.21928,0.79718,7.53265,0.0,0.0,0
1067.0,1066.0,113.0,51.91,15.0,0.29912,0.01127,488.18,2.9,0.0,1906.0,2.0,0.0,0.0,0.53757,0.4302,1.36031,0.0,0.0,0
1068.0,1067.0,138.0,36.11,5.0,0.44091,0.09046,345.69,23.1,0.0,1772.0,4.0,0.0,0.0,0.78036,0.57682,3.18202,1.0,0.0,0
1069.0,1068.0,27.0,239.79,16.0,0.24937,0.01763,86.49,33.14,0.0,1949.0,2.0,0.0,0.0,4.18164,1.64512,3.53059,0.0,0.0,0
1070.0,1069.0,371.0,42.48,13.0,0.0629,0.17649,64.73,15.57,0.0,487.0,0.0,0.0,1.0,0.61416,0.47881,2.80743,0.0,0.0,0
1071.0,1070.0,63.0,142.66,10.0,0.30799,0.08275,175.12,446.3,0.0,636.0,2.0,1.0,0.0,1.26055,0.81561,6.10322,0.0,0.0,0
1072.0,1071.0,226.0,30.35,15.0,0.21266,0.28347,524.1,21.51,0.0,1331.0,0.0,0.0,0.0,0.96134,0.67363,3.1138,0.0,0.0,0
1073.0,1072.0,165.0,46.33,19.0,0.08601,0.15099,594.37,15.99,1.0,1180.0,2.0,0.0,1.0,0.70984,0.5364,2.83267,0.0,0.0,0
1074.0,1073.0,142.0,64.41,3.0,0.25039,0.16944,188.95,34.3,0.0,1675.0,2.0,0.0,1.0,0.43653,0.36223,3.56375,1.0,0.0,0
1075.0,1074.0,206.0,17.59,11.0,0.25226,0.06362,69.98,15.05,0.0,1648.0,2.0,0.0,1.0,0.81857,0.59805,2.77582,0.0,0.0,0
1076.0,1075.0,169.0,187.39,10.0,0.18612,0.04921,644.2,27.4,0.0,989.0,0.0,0.0,1.0,2.79585,1.33391,3.34637,0.0,0.0,0
1077.0,1076.0,57.0,15.63,16.0,0.13781,0.11518,304.57,25.3,0.0,1136.0,3.0,0.0,0.0,0.62532,0.48571,3.26946,0.0,0.0,0
1078.0,1077.0,40.0,130.2,14.0,0.04983,0.43908,528.25,3.25,1.0,1992.0,3.0,0.0,0.0,1.48487,0.91022,1.44606,0.0,0.0,0
1079.0,1078.0,112.0,32.75,14.0,0.11578,0.07609,88.61,7.07,0.0,1102.0,3.0,0.0,1.0,0.33599,0.28967,2.08755,0.0,0.0,0
1080.0,1079.0,189.0,50.03,2.0,0.51634,0.18436,40.03,213.49,1.0,575.0,3.0,1.0,1.0,1.32052,0.84179,5.36828,1.0,0.0,1
1081.0,1080.0,132.0,96.29,12.0,0.07421,0.10987,678.2,6.36,1.0,1676.0,2.0,0.0,0.0,1.63448,0.96869,1.99666,0.0,0.0,0
1082.0,1081.0,380.0,15.89,13.0,0.31409,0.05848,243.16,24.66,0.0,1896.0,1.0,0.0,1.0,0.3587,0.30653,3.24478,0.0,0.0,0
1083.0,1082.0,45.0,93.52,19.0,0.34298,0.01453,511.9,20.37,0.0,647.0,1.0,0.0,1.0,1.66414,0.97988,3.06202,0.0,0.0,0
1084.0,1083.0,390.0,150.09,21.0,0.38577,0.14178,51.25,1024.93,1.0,184.0,2.0,1.0,0.0,2.15034,1.14751,6.93335,0.0,0.0,1
1085.0,1084.0,72.0,36.4,10.0,0.18909,0.1108,165.09,25.71,1.0,513.0,1.0,0.0,1.0,0.44015,0.36474,3.28516,0.0,0.0,0
1086.0,1085.0,34.0,52.37,10.0,0.46069,0.11279,392.74,10.53,2.0,400.0,3.0,0.0,1.0,0.62338,0.48451,2.44472,0.0,0.0,0
1087.0,1086.0,203.0,73.22,16.0,0.43536,0.0654,219.84,8.44,0.0,1953.0,1.0,0.0,1.0,1.18745,0.78274,2.24536,0.0,0.0,0
1088.0,1087.0,113.0,334.97,16.0,0.07429,0.0527,571.45,14.23,1.0,1906.0,1.0,0.0,0.0,3.46913,1.49719,2.72298,0.0,0.0,0
1089.0,1088.0,337.0,48.58,10.0,0.22643,0.11009,464.02,8.5,0.0,1228.0,1.0,0.0,0.0,1.23277,0.80325,2.25141,0.0,0.0,0
1090.0,1089.0,406.0,52.01,7.0,0.31251,0.05562,210.63,37.44,1.0,2103.0,2.0,0.0,0.0,1.16945,0.77447,3.64918,0.0,0.0,0
1091.0,1090.0,24.0,88.01,11.0,0.37545,0.11994,220.51,0.89,1.0,817.0,3.0,0.0,0.0,2.98214,1.38182,0.63869,0.0,0.0,0
1092.0,1091.0,52.0,279.77,13.0,0.25833,0.10208,2.82,2.91,1.0,649.0,1.0,0.0,1.0,2.6008,1.28116,1.36412,0.0,1.0,0
1093.0,1092.0,111.0,52.95,5.0,0.14164,0.4227,436.8,127.4,0.0,1109.0,0.0,1.0,1.0,2.0484,1.11462,4.85518,1.0,0.0,1
1094.0,1093.0,358.0,608.32,1.0,0.10191,0.02997,136.98,3.49,0.0,1951.0,0.0,0.0,1.0,2.65092,1.29498,1.50253,1.0,0.0,0
1095.0,1094.0,367.0,87.59,15.0,0.35676,0.01569,27.38,3.15,0.0,1754.0,2.0,0.0,0.0,1.22765,0.80095,1.42345,0.0,0.0,0
1096.0,1095.0,358.0,97.95,5.0,0.10305,0.20538,73.61,16.91,1.0,1951.0,1.0,0.0,1.0,0.42683,0.35546,2.88534,1.0,0.0,0
1097.0,1096.0,206.0,63.15,12.0,0.05376,0.33694,107.29,3.83,0.0,1648.0,1.0,0.0,0.0,2.93913,1.37096,1.57538,0.0,0.0,0
1098.0,1097.0,144.0,75.11,16.0,0.06349,0.01,265.6,2.72,0.0,153.0,0.0,0.0,1.0,1.00926,0.69777,1.31369,0.0,0.0,0
1099.0,1098.0,151.0,21.0,17.0,0.22619,0.01,90.7,25.46,1.0,1198.0,1.0,0.0,0.0,0.31427,0.27328,3.2757,0.0,0.0,0
1100.0,1099.0,16.0,49.95,5.0,0.59318,0.09957,393.98,49.49,0.0,1013.0,0.0,0.0,0.0,0.96658,0.6763,3.92168,1.0,0.0,0
1101.0,1100.0,285.0,81.08,11.0,0.19673,0.36289,432.43,308.38,2.0,1446.0,4.0,1.0,1.0,1.05948,0.72245,5.73458,0.0,0.0,0
1102.0,1101.0,174.0,105.15,6.0,0.41519,0.06095,866.1,23.14,1.0,1212.0,4.0,0.0,0.0,1.58319,0.94903,3.18374,0.0,0.0,0
1103.0,1102.0,138.0,116.96,13.0,0.32394,0.07768,603.4,12.19,1.0,1772.0,1.0,0.0,1.0,2.52738,1.26056,2.57932,0.0,0.0,0
1104.0,1103.0,393.0,22.66,11.0,0.22812,0.13948,317.15,15.22,0.0,908.0,3.0,0.0,0.0,1.32862,0.84528,2.78631,0.0,0.0,0
1105.0,1104.0,218.0,78.22,8.0,0.20766,0.04295,2.08,3.75,0.0,2081.0,2.0,0.0,1.0,1.79599,1.02819,1.55776,0.0,1.0,0
1106.0,1105.0,157.0,124.64,8.0,0.71178,0.12713,761.02,11.54,1.0,1321.0,5.0,0.0,0.0,1.41539,0.88186,2.5289,0.0,0.0,0
1107.0,1106.0,339.0,34.31,11.0,0.11805,0.08837,164.83,24.62,0.0,1709.0,0.0,0.0,1.0,0.97841,0.6823,3.24334,0.0,0.0,0
1108.0,1107.0,113.0,97.0,17.0,0.13062,0.01166,621.66,227.77,3.0,1906.0,3.0,0.0,0.0,1.00457,0.69543,5.43273,0.0,0.0,0
1109.0,1108.0,7.0,153.75,12.0,0.29015,0.06829,451.42,7.75,0.0,1086.0,0.0,0.0,1.0,3.55258,1.51569,2.16877,0.0,0.0,0
1110.0,1109.0,164.0,130.84,0.0,0.47449,0.17577,10.21,15.96,0.0,2001.0,0.0,0.0,1.0,0.67742,0.51726,2.83077,1.0,0.0,0
1111.0,1110.0,237.0,32.75,14.0,0.30606,0.20072,865.07,25.54,0.0,1485.0,0.0,0.0,1.0,0.68727,0.52311,3.27884,0.0,0.0,0
1112.0,1111.0,189.0,44.55,7.0,0.2968,0.2387,27.61,8.59,1.0,575.0,2.0,0.0,0.0,1.17587,0.77743,2.26111,0.0,0.0,0
1113.0,1112.0,369.0,20.72,14.0,0.04049,0.12907,270.77,154.69,0.0,1832.0,1.0,0.0,1.0,0.91935,0.65199,5.04788,0.0,0.0,0
1114.0,1113.0,202.0,164.12,2.0,0.41703,0.12977,116.52,7.22,0.0,1329.0,3.0,0.0,1.0,1.95217,1.08254,2.10708,1.0,0.0,0
1115.0,1114.0,392.0,394.94,15.0,0.31772,0.25173,838.93,52.13,1.0,1316.0,2.0,0.0,1.0,5.87398,1.92774,3.97278,0.0,0.0,0
1116.0,1115.0,352.0,91.36,16.0,0.12523,0.44335,23.1,32.44,0.0,1181.0,0.0,1.0,1.0,1.02916,0.70762,3.50971,0.0,0.0,0
1117.0,1116.0,164.0,175.23,8.0,0.30186,0.16394,16.66,20.9,0.0,2001.0,2.0,1.0,1.0,0.90723,0.64565,3.08629,0.0,0.0,0
1118.0,1117.0,92.0,15.37,14.0,0.675,0.07371,221.48,3.49,1.0,83.0,2.0,0.0,0.0,0.47748,0.39034,1.50119,0.0,0.0,0
1119.0,1118.0,28.0,93.71,15.0,0.36253,0.05405,1.9,1.49,0.0,826.0,3.0,0.0,0.0,1.89946,1.06452,0.91238,0.0,1.0,0
1120.0,1119.0,57.0,11.09,6.0,0.08041,0.05762,177.68,11.18,1.0,1136.0,0.0,0.0,0.0,0.44357,0.36712,2.49953,0.0,0.0,0
1121.0,1120.0,222.0,20.55,6.0,0.27602,0.0597,480.27,11.47,0.0,741.0,2.0,0.0,1.0,0.2263,0.204,2.52308,0.0,0.0,0
1122.0,1121.0,409.0,108.42,16.0,0.20519,0.04605,505.44,19.3,1.0,1009.0,2.0,0.0,1.0,2.67676,1.30203,3.01046,0.0,0.0,0
1123.0,1122.0,202.0,211.51,15.0,0.22258,0.07905,175.83,47.03,2.0,1329.0,1.0,0.0,0.0,2.51586,1.25728,3.87176,0.0,0.0,0
1124.0,1123.0,23.0,35.3,16.0,0.33916,0.22674,226.61,6.08,1.0,2053.0,2.0,0.0,1.0,0.36336,0.30995,1.95675,0.0,0.0,0
1125.0,1124.0,301.0,49.28,14.0,0.48963,0.15075,66.65,0.66,0.0,485.0,1.0,0.0,1.0,1.8517,1.04791,0.50945,0.0,0.0,0
1126.0,1125.0,355.0,50.91,10.0,0.67721,0.22081,412.17,6.48,1.0,210.0,4.0,0.0,0.0,0.65026,0.50094,2.01182,0.0,0.0,0
1127.0,1126.0,39.0,241.21,13.0,0.37159,0.08477,409.26,2.6,1.0,63.0,6.0,0.0,0.0,3.03152,1.39414,1.28164,0.0,0.0,1
1128.0,1127.0,289.0,102.47,15.0,0.22558,0.06347,186.73,10.03,1.0,785.0,1.0,0.0,1.0,1.92129,1.07203,2.40095,0.0,0.0,0
1129.0,1128.0,252.0,8.03,12.0,0.3083,0.06288,462.49,4.0,1.0,217.0,0.0,0.0,0.0,0.2547,0.2269,1.60978,0.0,0.0,0
1130.0,1129.0,350.0,243.48,15.0,0.63242,0.18578,175.12,9.07,1.0,1123.0,3.0,0.0,0.0,1.58117,0.94824,2.30999,0.0,0.0,1
1131.0,1130.0,108.0,57.26,14.0,0.24818,0.21156,25.87,36.78,0.0,1757.0,2.0,0.0,0.0,0.64238,0.49614,3.63178,0.0,0.0,0
1132.0,1131.0,381.0,132.48,6.0,0.09468,0.29791,304.37,311.52,1.0,15.0,3.0,1.0,1.0,1.59502,0.95359,5.74467,0.0,0.0,0
1133.0,1132.0,37.0,28.42,13.0,0.10978,0.01,187.47,27.46,1.0,1840.0,0.0,0.0,1.0,0.73029,0.54829,3.34857,0.0,0.0,0
1134.0,1133.0,56.0,48.58,17.0,0.27859,0.35839,184.53,7.98,1.0,1084.0,2.0,0.0,1.0,1.54726,0.93502,2.19553,0.0,0.0,0
1135.0,1134.0,18.0,196.7,15.0,0.33695,0.16847,147.77,15.3,0.0,195.0,3.0,0.0,0.0,3.53479,1.51178,2.79091,0.0,0.0,0
1136.0,1135.0,118.0,107.38,11.0,0.62344,0.10217,99.36,34.76,0.0,73.0,4.0,0.0,0.0,1.27242,0.82084,3.57691,0.0,0.0,0
1137.0,1136.0,236.0,17.02,14.0,0.34142,0.06205,6.63,9.04,0.0,1333.0,1.0,0.0,1.0,0.45907,0.3778,2.30674,0.0,1.0,0
1138.0,1137.0,339.0,59.44,4.0,0.20736,0.13534,525.1,13.87,1.0,1709.0,3.0,0.0,0.0,1.69483,0.99134,2.69965,1.0,0.0,0
1139.0,1138.0,18.0,66.22,12.0,0.33885,0.11857,110.62,9.59,0.0,195.0,0.0,0.0,0.0,1.18994,0.78388,2.35957,0.0,0.0,0
1140.0,1139.0,180.0,34.43,10.0,0.22679,0.02981,99.91,20.16,1.0,1211.0,2.0,0.0,1.0,0.47089,0.38587,3.05233,0.0,0.0,0
1141.0,1140.0,364.0,16.7,12.0,0.19128,0.32304,181.76,281.59,0.0,1357.0,2.0,1.0,1.0,1.14198,0.76173,5.644,0.0,0.0,0
1142.0,1141.0,230.0,69.1,15.0,0.16411,0.23575,352.0,22.58,0.0,1266.0,2.0,0.0,1.0,0.85264,0.61661,3.16061,0.0,0.0,0
1143.0,1142.0,18.0,47.25,18.0,0.01959,0.20613,120.46,5.26,0.0,195.0,2.0,0.0,1.0,0.84912,0.61471,1.83449,0.0,0.0,0
1144.0,1143.0,208.0,64.26,9.0,0.12119,0.09807,600.87,28.22,0.0,1129.0,0.0,0.0,0.0,1.02669,0.7064,3.37485,0.0,0.0,0
1145.0,1144.0,53.0,39.91,17.0,0.09655,0.20809,4.16,6.51,0.0,2169.0,4.0,0.0,1.0,0.40449,0.33968,2.0169,0.0,1.0,0
1146.0,1145.0,220.0,54.48,4.0,0.5131,0.09381,699.59,10.87,0.0,929.0,7.0,0.0,1.0,1.79642,1.02834,2.47369,1.0,0.0,0
1147.0,1146.0,383.0,41.9,15.0,0.36372,0.12068,114.14,6.53,1.0,1724.0,4.0,0.0,0.0,1.18283,0.78062,2.01946,0.0,0.0,0
1148.0,1147.0,144.0,164.75,5.0,0.59146,0.01,1.78,10.1,3.0,153.0,3.0,0.0,0.0,2.21382,1.16746,2.40695,1.0,1.0,1
1149.0,1148.0,82.0,15.89,13.0,0.18838,0.01,202.99,12.63,0.0,439.0,0.0,0.0,1.0,1.0163,0.70126,2.61195,0.0,0.0,0
1150.0,1149.0,150.0,50.17,20.0,0.28401,0.49181,3.97,9.68,0.0,467.0,4.0,0.0,1.0,0.85534,0.61807,2.36797,0.0,1.0,1
1151.0,1150.0,202.0,112.01,20.0,0.14907,0.02253,6.61,3.71,0.0,1329.0,1.0,0.0,1.0,1.33233,0.84687,1.55023,0.0,1.0,0
1152.0,1151.0,74.0,125.9,13.0,0.35937,0.15343,88.89,77.26,0.0,1555.0,0.0,0.0,1.0,2.12345,1.13894,4.35999,0.0,0.0,0
1153.0,1152.0,405.0,31.12,4.0,0.59395,0.20336,756.38,41.17,0.0,1562.0,4.0,0.0,0.0,0.43681,0.36243,3.74165,1.0,0.0,0
1154.0,1153.0,79.0,13.05,18.0,0.47755,0.34347,3.29,24.03,2.0,818.0,1.0,0.0,1.0,0.36428,0.31063,3.22013,0.0,1.0,0
1155.0,1154.0,34.0,102.52,7.0,0.28429,0.01,6.81,2.69,0.0,400.0,2.0,0.0,1.0,1.22038,0.79768,1.30641,0.0,1.0,0
1156.0,1155.0,389.0,65.67,4.0,0.54501,0.18605,237.27,14.84,0.0,140.0,1.0,0.0,0.0,1.62801,0.96623,2.76242,1.0,0.0,1
1157.0,1156.0,25.0,76.89,16.0,0.57793,0.29861,531.8,1.95,1.0,461.0,3.0,0.0,0.0,1.12666,0.75455,1.08173,0.0,0.0,0
1158.0,1157.0,30.0,17.59,16.0,0.09545,0.13483,8.74,66.16,0.0,945.0,1.0,1.0,1.0,0.49586,0.4027,4.20708,0.0,0.0,0
1159.0,1158.0,259.0,22.05,15.0,0.13387,0.36061,3.17,16.59,0.0,789.0,2.0,0.0,1.0,0.85266,0.61662,2.86737,0.0,1.0,1
1160.0,1159.0,274.0,200.66,15.0,0.35906,0.01,335.29,13.56,0.0,571.0,4.0,0.0,1.0,1.50984,0.92022,2.67814,0.0,0.0,0
1161.0,1160.0,198.0,15.14,18.0,0.09493,0.16355,179.29,20.09,0.0,843.0,1.0,0.0,1.0,0.38174,0.32334,3.04868,0.0,0.0,0
1162.0,1161.0,140.0,156.6,15.0,0.13611,0.07049,520.45,22.44,0.0,720.0,2.0,0.0,1.0,1.22204,0.79843,3.15436,0.0,0.0,0
1163.0,1162.0,106.0,55.31,18.0,0.16358,0.05141,833.94,30.25,2.0,997.0,1.0,0.0,1.0,2.29419,1.19216,3.44193,0.0,0.0,0
1164.0,1163.0,296.0,107.81,14.0,0.29874,0.2014,75.16,13.35,0.0,658.0,0.0,0.0,0.0,2.42985,1.23252,2.66376,0.0,0.0,0
1165.0,1164.0,61.0,36.56,7.0,0.21859,0.13922,779.33,28.34,1.0,1496.0,5.0,0.0,1.0,0.72139,0.54313,3.37907,0.0,0.0,0
1166.0,1165.0,253.0,48.9,2.0,0.30717,0.03231,706.7,4.38,1.0,1586.0,2.0,0.0,0.0,1.17061,0.77501,1.68358,1.0,0.0,0
1167.0,1166.0,380.0,287.06,14.0,0.41571,0.09159,3.13,31.76,0.0,1896.0,2.0,0.0,1.0,6.47942,2.01216,3.48916,0.0,1.0,0
1168.0,1167.0,394.0,96.65,14.0,0.19795,0.12298,319.19,5.63,0.0,2033.0,0.0,0.0,1.0,1.37509,0.86503,1.89228,0.0,0.0,0
1169.0,1168.0,357.0,45.69,12.0,0.58127,0.16354,283.49,3.66,2.0,566.0,1.0,0.0,1.0,0.91497,0.6497,1.53973,0.0,0.0,0
1170.0,1169.0,197.0,70.09,17.0,0.14682,0.10833,119.34,37.32,1.0,90.0,2.0,0.0,0.0,0.86086,0.62104,3.646,0.0,0.0,0
1171.0,1170.0,360.0,20.86,7.0,0.39951,0.02444,183.41,3.2,0.0,2194.0,2.0,0.0,0.0,1.11129,0.7473,1.43415,0.0,0.0,0
1172.0,1171.0,65.0,44.84,16.0,0.1721,0.23191,317.67,38.1,0.0,1888.0,0.0,0.0,1.0,0.48745,0.39707,3.66602,0.0,0.0,0
1173.0,1172.0,39.0,547.78,18.0,0.17362,0.02375,351.57,6.86,0.0,63.0,2.0,0.0,1.0,6.88438,2.06488,2.06161,0.0,0.0,0
1174.0,1173.0,221.0,97.82,16.0,0.24588,0.07963,309.26,26.5,0.0,110.0,0.0,0.0,0.0,1.32774,0.8449,3.31434,0.0,0.0,0
1175.0,1174.0,127.0,59.22,12.0,0.30329,0.19499,597.64,5.75,2.0,222.0,0.0,0.0,1.0,1.10034,0.7421,1.91003,0.0,0.0,1
1176.0,1175.0,380.0,78.9,6.0,0.27627,0.17506,106.48,43.1,5.0,1896.0,2.0,0.0,0.0,1.78087,1.02277,3.78652,0.0,0.0,0
1177.0,1176.0,269.0,211.46,17.0,0.2201,0.16155,144.69,23.38,0.0,659.0,1.0,0.0,0.0,2.2233,1.17041,3.19359,0.0,0.0,0
1178.0,1177.0,62.0,37.51,16.0,0.12674,0.07368,238.1,5.24,0.0,424.0,0.0,0.0,0.0,1.12291,0.75279,1.83048,0.0,0.0,0
1179.0,1178.0,283.0,31.14,19.0,0.29543,0.07305,47.52,12.6,0.0,69.0,0.0,0.0,1.0,0.69253,0.52622,2.6104,0.0,0.0,0
1180.0,1179.0,346.0,128.34,14.0,0.25283,0.18979,190.01,5.31,0.0,2186.0,1.0,0.0,1.0,0.9093,0.64674,1.84247,0.0,0.0,0
1181.0,1180.0,361.0,411.8,16.0,0.12375,0.01,569.74,5.68,1.0,2032.0,2.0,0.0,0.0,2.98564,1.3827,1.89951,0.0,0.0,0
1182.0,1181.0,329.0,90.78,9.0,0.10916,0.04583,7.23,17.97,0.0,1930.0,2.0,0.0,1.0,4.45208,1.696,2.9429,0.0,0.0,0
1183.0,1182.0,32.0,95.0,10.0,0.36137,0.13339,564.57,5.06,0.0,880.0,3.0,0.0,0.0,4.17483,1.64381,1.80232,0.0,0.0,0
1184.0,1183.0,395.0,80.49,7.0,0.19664,0.22998,217.92,12.16,1.0,1708.0,1.0,0.0,1.0,0.91663,0.65057,2.57735,0.0,0.0,0
1185.0,1184.0,9.0,436.66,16.0,0.14672,0.18321,234.12,7.07,0.0,1484.0,2.0,0.0,1.0,3.03114,1.39405,2.08819,0.0,0.0,0
1186.0,1185.0,243.0,120.14,14.0,0.17583,0.0764,423.98,5.51,1.0,1841.0,0.0,0.0,0.0,1.67393,0.98355,1.87292,0.0,0.0,0
1187.0,1186.0,144.0,124.47,12.0,0.3831,0.17795,5.25,24.48,1.0,153.0,4.0,0.0,0.0,1.67249,0.98301,3.23777,0.0,1.0,1
1188.0,1187.0,166.0,299.38,14.0,0.05945,0.29703,468.96,85.3,0.0,414.0,2.0,0.0,0.0,2.0419,1.11248,4.45783,0.0,0.0,0
1189.0,1188.0,302.0,44.35,20.0,0.34803,0.17025,423.39,11.94,1.0,1172.0,2.0,0.0,1.0,0.60361,0.47226,2.56034,0.0,0.0,0
1190.0,1189.0,410.0,430.93,17.0,0.22361,0.01981,544.39,536.98,1.0,2004.0,0.0,1.0,1.0,3.71407,1.55055,6.28783,0.0,0.0,0
1191.0,1190.0,212.0,40.71,14.0,0.26235,0.20217,90.09,9.28,0.0,1636.0,0.0,0.0,1.0,1.29165,0.82927,2.33004,0.0,0.0,0
1192.0,1191.0,195.0,6.51,12.0,0.52785,0.24186,210.68,49.6,1.0,1472.0,3.0,0.0,1.0,0.53282,0.42711,3.92394,0.0,0.0,0
1193.0,1192.0,153.0,27.19,9.0,0.27491,0.12763,38.27,10.08,1.0,2084.0,0.0,0.0,1.0,0.80659,0.59144,2.40508,0.0,0.0,0
1194.0,1193.0,332.0,66.74,4.0,0.28974,0.12932,561.35,11.34,1.0,1585.0,3.0,0.0,0.0,1.50526,0.91839,2.51246,1.0,0.0,0
1195.0,1194.0,265.0,28.56,14.0,0.068,0.32923,147.92,3.2,1.0,1924.0,1.0,0.0,0.0,1.57567,0.94611,1.43507,0.0,0.0,0
1196.0,1195.0,256.0,287.95,12.0,0.48885,0.12769,350.06,72.8,0.0,1545.0,1.0,1.0,1.0,2.58064,1.27554,4.30132,0.0,0.0,1
1197.0,1196.0,224.0,76.49,8.0,0.07982,0.06894,28.82,72.61,0.0,584.0,1.0,1.0,0.0,1.22931,0.80169,4.29873,0.0,0.0,0
1198.0,1197.0,126.0,82.06,5.0,0.01828,0.17873,478.78,20.47,0.0,1167.0,1.0,0.0,1.0,1.61621,0.96173,3.06672,1.0,0.0,0
1199.0,1198.0,412.0,38.98,20.0,0.13627,0.27481,967.81,8.61,0.0,243.0,1.0,0.0,0.0,0.66511,0.50989,2.2627,0.0,0.0,0
1200.0,1199.0,221.0,207.03,19.0,0.17489,0.06036,3.45,59.95,0.0,110.0,0.0,0.0,1.0,2.81003,1.33764,4.11009,0.0,1.0,1
1201.0,1200.0,39.0,74.36,9.0,0.16443,0.28891,745.7,220.36,0.0,63.0,3.0,1.0,0.0,0.93453,0.65987,5.39978,0.0,0.0,0
1202.0,1201.0,126.0,48.11,6.0,0.23803,0.15171,208.13,1.2,0.0,1167.0,1.0,0.0,1.0,0.94756,0.66658,0.78944,0.0,0.0,0
1203.0,1202.0,318.0,295.53,5.0,0.27574,0.14824,216.05,50.69,0.0,866.0,3.0,1.0,1.0,3.56241,1.51785,3.94529,1.0,0.0,0
1204.0,1203.0,337.0,77.88,16.0,0.34057,0.37328,504.41,18.8,0.0,1228.0,3.0,0.0,1.0,1.9762,1.09065,2.98559,0.0,0.0,0
1205.0,1204.0,1.0,132.71,13.0,0.33785,0.17702,62.19,9.79,1.0,1129.0,1.0,0.0,1.0,2.05726,1.11752,2.379,0.0,0.0,0
1206.0,1205.0,415.0,61.32,10.0,0.37407,0.37014,5.96,6.11,0.0,1982.0,1.0,0.0,0.0,1.61413,0.96093,1.96196,0.0,1.0,0
1207.0,1206.0,41.0,71.57,16.0,0.23262,0.09302,268.04,52.12,0.0,1555.0,5.0,0.0,1.0,1.46301,0.90139,3.97262,0.0,0.0,0
1208.0,1207.0,174.0,138.58,14.0,0.33209,0.08377,612.11,12.66,0.0,1212.0,2.0,0.0,0.0,2.08647,1.12703,2.61422,0.0,0.0,0
1209.0,1208.0,286.0,227.03,16.0,0.06517,0.02807,417.0,49.92,0.0,1906.0,1.0,0.0,0.0,1.61443,0.96105,3.93033,0.0,0.0,0
1210.0,1209.0,227.0,886.24,7.0,0.23179,0.13677,234.14,36.55,1.0,640.0,4.0,0.0,0.0,6.42299,2.00458,3.62569,0.0,0.0,0
1211.0,1210.0,258.0,19.26,13.0,0.04447,0.13791,121.3,7.67,0.0,1488.0,1.0,0.0,1.0,0.40033,0.3367,2.15995,0.0,0.0,0
1212.0,1211.0,220.0,12.65,16.0,0.40095,0.09894,822.83,5.28,1.0,929.0,2.0,0.0,1.0,0.41708,0.3486,1.83716,0.0,0.0,0
1213.0,1212.0,333.0,767.87,17.0,0.19828,0.12673,80.42,26.01,0.0,489.0,2.0,0.0,0.0,10.15569,2.41195,3.29616,0.0,0.0,0
1214.0,1213.0,395.0,246.63,3.0,0.03764,0.17014,93.64,14.99,0.0,1708.0,0.0,0.0,1.0,2.80882,1.33732,2.7721,1.0,0.0,0
1215.0,1214.0,38.0,20.47,13.0,0.01,0.19948,306.44,10.29,0.0,311.0,2.0,0.0,1.0,0.51739,0.41699,2.42377,0.0,0.0,0
1216.0,1215.0,395.0,114.24,18.0,0.41039,0.38399,185.75,25.74,2.0,1708.0,1.0,0.0,0.0,1.30105,0.83336,3.28626,0.0,0.0,0
1217.0,1216.0,130.0,20.61,12.0,0.11384,0.22606,568.44,11.48,0.0,1759.0,1.0,0.0,0.0,0.4137,0.34621,2.52375,0.0,0.0,0
1218.0,1217.0,99.0,14.86,12.0,0.23892,0.05604,731.95,6.41,0.0,1555.0,1.0,0.0,0.0,0.43574,0.36168,2.00313,0.0,0.0,0
1219.0,1218.0,198.0,28.71,5.0,0.13718,0.01356,161.74,14.59,0.0,843.0,1.0,0.0,1.0,0.72399,0.54464,2.74662,1.0,0.0,0
1220.0,1219.0,89.0,110.14,15.0,0.34265,0.12839,326.28,41.91,0.0,1378.0,1.0,0.0,0.0,1.46715,0.90307,3.75919,0.0,0.0,0
1221.0,1220.0,315.0,13.25,10.0,0.39995,0.08839,164.6,9.71,0.0,1127.0,0.0,0.0,0.0,0.51599,0.41607,2.37145,0.0,0.0,1
1222.0,1221.0,352.0,102.59,10.0,0.2277,0.18222,91.06,26.76,0.0,1181.0,0.0,0.0,1.0,1.15566,0.7681,3.32357,0.0,0.0,0
1223.0,1222.0,207.0,31.89,9.0,0.13368,0.05213,147.54,2.44,0.0,304.0,4.0,0.0,1.0,0.65382,0.50309,1.23551,0.0,0.0,0
1224.0,1223.0,257.0,141.85,12.0,0.14307,0.18188,450.72,74.88,0.0,2159.0,0.0,0.0,0.0,0.89474,0.63908,4.32909,0.0,0.0,1
1225.0,1224.0,70.0,31.04,15.0,0.2513,0.11897,4.41,116.21,0.0,2097.0,1.0,0.0,0.0,0.95649,0.67115,4.76394,0.0,1.0,1
1226.0,1225.0,4.0,40.11,14.0,0.30085,0.14799,2.56,82.37,1.0,1142.0,3.0,1.0,1.0,0.68386,0.52109,4.42326,0.0,1.0,0
1227.0,1226.0,347.0,944.14,9.0,0.42577,0.18943,114.22,25.67,0.0,1085.0,3.0,0.0,1.0,3.90065,1.58937,3.28339,0.0,0.0,0
1228.0,1227.0,188.0,173.91,14.0,0.15395,0.48582,259.75,46.36,0.0,909.0,2.0,0.0,1.0,1.19044,0.7841,3.8578,0.0,0.0,0
1229.0,1228.0,136.0,109.96,2.0,0.14424,0.56735,268.89,10.47,1.0,1185.0,2.0,0.0,1.0,1.0939,0.73903,2.43932,1.0,0.0,0
1230.0,1229.0,239.0,21.71,19.0,0.2572,0.32088,64.42,110.02,1.0,315.0,3.0,1.0,0.0,1.60943,0.95913,4.70968,0.0,0.0,1
1231.0,1230.0,123.0,26.15,14.0,0.02359,0.18049,104.45,63.1,0.0,414.0,1.0,0.0,1.0,0.45764,0.37682,4.16043,0.0,0.0,0
1232.0,1231.0,347.0,567.29,16.0,0.13913,0.21944,174.77,1.92,0.0,1085.0,0.0,0.0,1.0,2.34373,1.20709,1.07179,0.0,0.0,0
1233.0,1232.0,187.0,55.42,18.0,0.10153,0.28207,665.57,2.04,0.0,960.0,1.0,0.0,1.0,0.78805,0.58113,1.11236,0.0,0.0,0
1234.0,1233.0,19.0,257.1,6.0,0.34121,0.33458,406.65,3.41,2.0,1732.0,4.0,0.0,1.0,2.35996,1.21193,1.4831,0.0,0.0,0
1235.0,1234.0,139.0,219.29,16.0,0.08939,0.08995,189.66,7.79,0.0,87.0,0.0,0.0,1.0,5.41629,1.85884,2.17323,0.0,0.0,0
1236.0,1235.0,179.0,29.04,5.0,0.46233,0.2334,108.95,16.91,2.0,1808.0,2.0,0.0,1.0,0.41695,0.34851,2.88542,1.0,0.0,0
1237.0,1236.0,405.0,562.4,9.0,0.08572,0.41443,326.59,29.21,0.0,1562.0,3.0,1.0,0.0,7.8947,2.18546,3.40818,0.0,0.0,0
1238.0,1237.0,312.0,282.2,12.0,0.46427,0.10628,28.94,4.5,2.0,748.0,0.0,0.0,0.0,2.2649,1.18323,1.70492,0.0,0.0,0
1239.0,1238.0,294.0,78.81,15.0,0.62067,0.21751,35.35,2.14,2.0,1821.0,1.0,0.0,1.0,1.07082,0.72794,1.14433,0.0,0.0,0
1240.0,1239.0,371.0,95.07,19.0,0.36444,0.14569,182.37,10.2,0.0,487.0,0.0,0.0,0.0,1.37451,0.86479,2.41552,0.0,0.0,0
1241.0,1240.0,284.0,21.32,7.0,0.17669,0.25508,657.35,2.77,1.0,427.0,2.0,0.0,1.0,0.74122,0.55459,1.32771,0.0,0.0,0
1242.0,1241.0,402.0,481.47,5.0,0.06189,0.20287,594.4,6.95,1.0,891.0,1.0,0.0,1.0,6.50288,2.01529,2.07315,1.0,0.0,0
1243.0,1242.0,108.0,111.28,12.0,0.18596,0.19044,77.98,62.58,0.0,1757.0,1.0,1.0,0.0,1.24844,0.81024,4.15231,0.0,0.0,0
1244.0,1243.0,398.0,1194.55,17.0,0.5037,0.41628,163.35,9.67,0.0,2173.0,3.0,0.0,1.0,25.66349,3.2833,2.3678,0.0,0.0,0
1245.0,1244.0,87.0,56.4,6.0,0.58511,0.11973,232.18,37.63,1.0,1015.0,2.0,0.0,1.0,0.49271,0.4006,3.65395,0.0,0.0,0
1246.0,1245.0,344.0,70.35,9.0,0.09665,0.01489,3.98,2.47,0.0,258.0,1.0,0.0,1.0,1.011,0.69863,1.24391,0.0,1.0,0
1247.0,1246.0,165.0,57.35,4.0,0.2507,0.04999,455.4,18.48,1.0,1180.0,3.0,0.0,0.0,0.8787,0.63058,2.96952,1.0,0.0,0
1248.0,1247.0,36.0,24.96,15.0,0.4198,0.16106,89.54,5.51,1.0,1392.0,0.0,0.0,1.0,0.96042,0.67316,1.87358,0.0,0.0,0
1249.0,1248.0,27.0,25.26,18.0,0.16131,0.06711,181.8,15.68,1.0,1949.0,5.0,0.0,1.0,0.44053,0.36501,2.8142,0.0,0.0,0
1250.0,1249.0,383.0,10.12,15.0,0.22578,0.01,432.72,141.85,0.0,1724.0,5.0,1.0,0.0,0.28559,0.25121,4.96182,0.0,0.0,0
1251.0,1250.0,135.0,20.6,10.0,0.16274,0.12645,49.84,42.52,0.0,1091.0,0.0,0.0,0.0,0.53714,0.42992,3.77331,0.0,0.0,0
1252.0,1251.0,132.0,148.01,17.0,0.08427,0.02464,269.26,16.92,0.0,1676.0,1.0,0.0,1.0,2.51231,1.25627,2.88619,0.0,0.0,0
1253.0,1252.0,152.0,30.96,15.0,0.38783,0.07497,6.92,1.62,0.0,1937.0,1.0,0.0,1.0,0.67523,0.51595,0.96356,0.0,1.0,0
1254.0,1253.0,349.0,262.92,15.0,0.06963,0.01122,203.31,146.59,1.0,2005.0,2.0,0.0,0.0,1.71568,0.99904,4.99444,0.0,0.0,0
1255.0,1254.0,354.0,17.42,20.0,0.10987,0.20434,667.24,16.91,1.0,1115.0,1.0,0.0,1.0,0.65082,0.50127,2.88543,0.0,0.0,0
1256.0,1255.0,396.0,49.95,4.0,0.1054,0.03167,229.31,62.73,1.0,1942.0,2.0,0.0,0.0,1.59133,0.95217,4.15463,1.0,0.0,0
1257.0,1256.0,3.0,51.09,14.0,0.12612,0.18155,506.59,7.62,0.0,817.0,3.0,0.0,1.0,0.92327,0.65403,2.15359,0.0,0.0,0
1258.0,1257.0,63.0,86.43,12.0,0.56587,0.11485,243.77,143.33,1.0,636.0,3.0,1.0,1.0,0.76367,0.56739,4.97207,0.0,0.0,0
1259.0,1258.0,230.0,36.28,10.0,0.05363,0.28191,254.25,49.43,0.0,1266.0,4.0,0.0,1.0,0.44761,0.36991,3.92063,0.0,0.0,0
1260.0,1259.0,145.0,44.27,3.0,0.44075,0.15864,440.54,1.86,0.0,1658.0,5.0,0.0,1.0,1.0999,0.74189,1.0525,1.0,0.0,0
1261.0,1260.0,14.0,90.26,22.0,0.46954,0.04935,245.77,38.3,1.0,274.0,8.0,0.0,0.0,0.9299,0.65747,3.67114,0.0,0.0,0
1262.0,1261.0,349.0,137.6,18.0,0.08097,0.4816,409.57,25.42,0.0,2005.0,3.0,1.0,1.0,0.89793,0.64076,3.27398,0.0,0.0,0
1263.0,1262.0,12.0,444.51,17.0,0.41031,0.02712,265.66,3.43,0.0,1896.0,0.0,0.0,1.0,7.6847,2.16156,1.48787,0.0,0.0,0
1264.0,1263.0,154.0,54.23,8.0,0.36655,0.2041,435.27,1.0,0.0,1702.0,1.0,0.0,1.0,0.56272,0.44643,0.69537,0.0,0.0,0
1265.0,1264.0,31.0,7.5,21.0,0.32886,0.18063,18.67,11.4,0.0,940.0,3.0,0.0,1.0,0.49843,0.40442,2.51787,0.0,0.0,0
1266.0,1265.0,125.0,53.93,1.0,0.19147,0.24393,495.41,158.96,1.0,520.0,4.0,1.0,0.0,0.80544,0.59081,5.07492,1.0,0.0,0
1267.0,1266.0,302.0,130.97,18.0,0.38542,0.05428,281.9,40.23,0.0,1172.0,0.0,0.0,1.0,1.78242,1.02332,3.7192,0.0,0.0,0
1268.0,1267.0,94.0,91.95,17.0,0.16476,0.20009,70.96,9.47,0.0,906.0,2.0,0.0,1.0,2.39055,1.22099,2.34832,0.0,0.0,0
1269.0,1268.0,150.0,39.14,14.0,0.33085,0.09193,4.94,10.29,0.0,467.0,1.0,0.0,1.0,0.66738,0.51125,2.42376,0.0,1.0,0
1270.0,1269.0,15.0,196.81,16.0,0.47286,0.2908,673.38,18.11,0.0,2047.0,3.0,0.0,1.0,1.93967,1.0783,2.95021,0.0,0.0,0
1271.0,1270.0,213.0,39.05,5.0,0.17399,0.03709,39.24,303.62,0.0,1047.0,2.0,1.0,1.0,0.9624,0.67417,5.71907,1.0,0.0,0
1272.0,1271.0,322.0,79.55,11.0,0.14855,0.05906,878.05,1.07,0.0,1310.0,2.0,0.0,1.0,1.78101,1.02281,0.72726,0.0,0.0,0
1273.0,1272.0,199.0,63.44,14.0,0.15462,0.3789,110.74,187.74,0.0,957.0,3.0,1.0,1.0,0.99666,0.69148,5.24038,0.0,0.0,0
1274.0,1273.0,286.0,99.51,7.0,0.16146,0.02145,424.7,2.92,0.0,1906.0,1.0,0.0,1.0,0.70761,0.53509,1.36592,0.0,0.0,0
1275.0,1274.0,395.0,108.73,18.0,0.19141,0.01779,325.43,7.61,0.0,1708.0,0.0,0.0,0.0,1.23834,0.80573,2.15296,0.0,0.0,0
1276.0,1275.0,403.0,1454.04,12.0,0.42437,0.12779,107.12,1.95,0.0,65.0,2.0,0.0,0.0,13.78258,2.69345,1.08091,0.0,0.0,0
1277.0,1276.0,247.0,20.4,16.0,0.18469,0.04488,375.46,5.54,0.0,1577.0,1.0,0.0,1.0,1.14301,0.76221,1.87775,0.0,0.0,0
1278.0,1277.0,269.0,100.35,15.0,0.19604,0.31761,213.22,3.5,1.0,659.0,1.0,0.0,1.0,1.05512,0.72033,1.50333,0.0,0.0,0
1279.0,1278.0,20.0,35.39,16.0,0.63072,0.24343,32.22,2.97,0.0,50.0,1.0,0.0,1.0,0.20939,0.19012,1.37757,0.0,0.0,0
1280.0,1279.0,204.0,114.83,19.0,0.44918,0.05807,618.18,41.36,2.0,2066.0,4.0,0.0,1.0,2.05359,1.11632,3.74625,0.0,0.0,0
1281.0,1280.0,275.0,203.81,19.0,0.48591,0.11347,180.69,30.03,1.0,327.0,3.0,0.0,1.0,3.92551,1.59443,3.43483,0.0,0.0,0
1282.0,1281.0,197.0,2328.82,9.0,0.52875,0.01,216.37,5.3,0.0,90.0,2.0,0.0,0.0,28.60409,3.38791,1.84117,0.0,0.0,0
1283.0,1282.0,394.0,47.81,4.0,0.37412,0.08281,75.01,41.47,0.0,2033.0,3.0,0.0,1.0,0.68022,0.51893,3.7487,1.0,0.0,0
1284.0,1283.0,97.0,30.48,10.0,0.10094,0.16686,208.53,22.84,0.0,114.0,1.0,0.0,0.0,0.36826,0.31354,3.17137,0.0,0.0,0
1285.0,1284.0,298.0,40.47,14.0,0.35843,0.21446,3.01,10.23,1.0,1486.0,1.0,0.0,1.0,1.68689,0.98838,2.41903,0.0,1.0,0
1286.0,1285.0,64.0,196.74,8.0,0.11361,0.16998,42.24,27.24,0.0,445.0,2.0,0.0,1.0,2.22988,1.17244,3.3408,0.0,0.0,0
1287.0,1286.0,191.0,10.88,20.0,0.54571,0.11534,154.55,24.99,2.0,1719.0,2.0,0.0,0.0,0.41594,0.34779,3.25771,0.0,0.0,0
1288.0,1287.0,123.0,59.18,5.0,0.38936,0.01,207.0,9.68,0.0,414.0,3.0,0.0,1.0,1.03563,0.7108,2.36862,1.0,0.0,1
1289.0,1288.0,106.0,25.95,20.0,0.16175,0.05205,236.88,110.65,1.0,997.0,2.0,0.0,0.0,1.07633,0.7306,4.71536,0.0,0.0,0
1290.0,1289.0,207.0,84.66,12.0,0.1551,0.12322,149.47,42.89,0.0,304.0,2.0,0.0,1.0,1.73591,1.00647,3.78159,0.0,0.0,0
1291.0,1290.0,347.0,609.84,12.0,0.18187,0.35652,75.41,397.2,3.0,1085.0,6.0,1.0,1.0,2.51951,1.25832,5.98696,0.0,0.0,0
1292.0,1291.0,70.0,44.23,11.0,0.09792,0.01,4.98,10.71,0.0,2097.0,1.0,0.0,0.0,1.3631,0.85998,2.46036,0.0,1.0,0
1293.0,1292.0,398.0,165.77,10.0,0.04664,0.13654,192.27,7.07,0.0,2173.0,0.0,0.0,1.0,3.56146,1.51764,2.08788,0.0,0.0,0
1294.0,1293.0,116.0,830.13,15.0,0.03906,0.02705,67.75,12.34,1.0,2119.0,1.0,0.0,1.0,5.81282,1.91881,2.59046,0.0,0.0,0
1295.0,1294.0,324.0,62.86,6.0,0.15897,0.12908,135.55,12.63,0.0,1098.0,1.0,0.0,1.0,1.66795,0.98131,2.6123,0.0,0.0,0
1296.0,1295.0,276.0,65.15,13.0,0.39814,0.09938,462.19,15.5,0.0,2164.0,0.0,0.0,0.0,0.51767,0.41718,2.8033,0.0,0.0,0
1297.0,1296.0,103.0,23.75,13.0,0.51285,0.21086,477.34,5.72,1.0,1513.0,3.0,0.0,1.0,0.45514,0.3751,1.90452,0.0,0.0,0
1298.0,1297.0,369.0,47.31,9.0,0.05452,0.07386,244.18,103.04,0.0,1832.0,0.0,0.0,1.0,2.09905,1.13109,4.64481,0.0,0.0,0
1299.0,1298.0,29.0,18.73,13.0,0.14442,0.18273,2.03,3.93,0.0,498.0,1.0,0.0,1.0,0.39302,0.33147,1.59563,0.0,1.0,0
1300.0,1299.0,295.0,92.04,14.0,0.56345,0.17627,486.07,64.62,0.0,237.0,1.0,0.0,0.0,1.33411,0.84763,4.18392,0.0,0.0,0
1301.0,1300.0,184.0,390.35,14.0,0.25734,0.02857,345.62,10.86,1.0,1630.0,1.0,0.0,0.0,1.65456,0.97628,2.473,0.0,0.0,0
1302.0,1301.0,368.0,43.55,20.0,0.2551,0.23252,243.61,34.48,0.0,578.0,2.0,0.0,0.0,0.89473,0.63907,3.56892,0.0,0.0,0
1303.0,1302.0,12.0,58.19,3.0,0.35648,0.20579,344.58,15.46,1.0,1896.0,5.0,0.0,1.0,1.00594,0.69611,2.8007,1.0,0.0,0
1304.0,1303.0,134.0,161.18,8.0,0.39261,0.30036,609.89,5.2,1.0,813.0,0.0,0.0,1.0,4.39034,1.68461,1.82511,0.0,0.0,0
1305.0,1304.0,231.0,110.41,13.0,0.30001,0.3591,5.81,42.23,0.0,1188.0,3.0,0.0,0.0,0.56711,0.44923,3.76647,0.0,1.0,0
1306.0,1305.0,15.0,79.73,12.0,0.25668,0.09324,433.09,3.91,0.0,2047.0,2.0,0.0,0.0,0.78583,0.57988,1.59228,0.0,0.0,0
1307.0,1306.0,254.0,46.23,15.0,0.16743,0.14605,101.64,2.59,1.0,336.0,4.0,0.0,1.0,0.73454,0.55074,1.2785,0.0,0.0,0
1308.0,1307.0,162.0,262.94,14.0,0.21053,0.1431,864.49,356.49,0.0,1631.0,3.0,1.0,0.0,9.58376,2.35932,5.87911,0.0,0.0,0
1309.0,1308.0,73.0,77.55,6.0,0.05314,0.16425,318.91,1.88,0.0,1339.0,2.0,0.0,1.0,1.37675,0.86573,1.05667,0.0,0.0,0
1310.0,1309.0,86.0,258.68,15.0,0.26718,0.25534,775.76,189.4,0.0,1829.0,3.0,1.0,1.0,2.19396,1.16126,5.24914,0.0,0.0,0
1311.0,1310.0,59.0,25.37,14.0,0.34355,0.2886,715.81,19.68,0.0,42.0,0.0,0.0,0.0,0.41701,0.34855,3.02931,0.0,0.0,0
1312.0,1311.0,57.0,9.33,18.0,0.05448,0.15802,0.75,47.47,0.0,1136.0,6.0,0.0,1.0,0.37318,0.31713,3.88103,0.0,1.0,0
1313.0,1312.0,233.0,54.87,11.0,0.10666,0.24962,689.94,5.49,0.0,1453.0,0.0,0.0,0.0,1.97327,1.08966,1.87038,0.0,0.0,0
1314.0,1313.0,51.0,34.53,17.0,0.60517,0.01,136.02,2.33,0.0,876.0,3.0,0.0,0.0,0.58062,0.45781,1.20357,0.0,0.0,0
1315.0,1314.0,236.0,42.22,4.0,0.44537,0.19571,168.23,158.56,0.0,1333.0,4.0,0.0,1.0,1.13886,0.76027,5.07243,1.0,0.0,0
1316.0,1315.0,278.0,65.64,13.0,0.35848,0.2121,526.89,14.87,1.0,457.0,2.0,0.0,1.0,0.65263,0.50237,2.76419,0.0,0.0,0
1317.0,1316.0,132.0,31.69,12.0,0.46322,0.03536,431.16,273.48,0.0,1676.0,1.0,1.0,0.0,0.53783,0.43037,5.61488,0.0,0.0,0
1318.0,1317.0,416.0,349.58,17.0,0.35502,0.26442,102.75,45.82,0.0,737.0,1.0,0.0,1.0,2.33547,1.20461,3.84622,0.0,0.0,0
1319.0,1318.0,298.0,14.04,16.0,0.03155,0.35552,605.58,23.39,0.0,1486.0,1.0,0.0,1.0,0.58524,0.46073,3.19401,0.0,0.0,0
1320.0,1319.0,11.0,11.77,14.0,0.24813,0.06993,5.23,22.73,1.0,295.0,0.0,0.0,1.0,0.33291,0.28736,3.16677,0.0,1.0,0
1321.0,1320.0,348.0,51.57,2.0,0.2604,0.35931,339.07,351.71,0.0,1225.0,5.0,1.0,1.0,0.46222,0.37996,5.86564,1.0,0.0,1
1322.0,1321.0,186.0,79.1,5.0,0.43113,0.06182,696.14,9.1,1.0,1076.0,3.0,0.0,1.0,2.79588,1.33392,2.31248,1.0,0.0,0
1323.0,1322.0,276.0,238.27,16.0,0.06391,0.20167,169.52,15.39,1.0,2164.0,2.0,0.0,1.0,1.89318,1.06236,2.79643,0.0,0.0,0
1324.0,1323.0,77.0,56.03,15.0,0.47558,0.03613,148.34,13.03,2.0,698.0,3.0,0.0,0.0,0.68243,0.52024,2.641,0.0,0.0,0
1325.0,1324.0,244.0,26.59,17.0,0.38229,0.15435,2.59,1.71,0.0,1923.0,2.0,0.0,1.0,0.69718,0.52897,0.9985,0.0,1.0,0
1326.0,1325.0,341.0,138.73,5.0,0.2467,0.44514,794.24,15.97,1.0,1560.0,4.0,0.0,0.0,2.64055,1.29213,2.83137,1.0,0.0,0
1327.0,1326.0,415.0,17.31,15.0,0.11408,0.31552,8.05,231.02,0.0,1982.0,4.0,0.0,0.0,0.45575,0.37552,5.44681,0.0,0.0,1
1328.0,1327.0,337.0,76.09,8.0,0.21461,0.3333,293.86,20.9,0.0,1228.0,2.0,1.0,0.0,1.93084,1.07529,3.08661,0.0,0.0,0
1329.0,1328.0,37.0,55.16,11.0,0.40518,0.42991,106.06,4.85,1.0,1840.0,1.0,0.0,1.0,1.41757,0.88276,1.76589,0.0,0.0,0
1330.0,1329.0,407.0,505.25,17.0,0.2173,0.26651,407.93,24.8,0.0,835.0,3.0,0.0,0.0,11.35891,2.51438,3.25034,0.0,0.0,0
1331.0,1330.0,214.0,101.08,8.0,0.26332,0.20761,69.85,14.27,1.0,376.0,2.0,0.0,1.0,1.23652,0.80492,2.72618,0.0,0.0,0
1332.0,1331.0,355.0,77.14,18.0,0.09618,0.18003,235.16,43.51,0.0,210.0,0.0,0.0,1.0,0.98523,0.68574,3.79582,0.0,0.0,0
1333.0,1332.0,41.0,55.11,13.0,0.33892,0.12165,308.75,19.25,1.0,1555.0,0.0,0.0,1.0,1.12665,0.75455,3.00816,0.0,0.0,0
1334.0,1333.0,279.0,29.97,15.0,0.03974,0.12592,247.06,61.42,0.0,2113.0,2.0,1.0,0.0,0.48834,0.39766,4.13381,0.0,0.0,0
1335.0,1334.0,283.0,162.25,1.0,0.33483,0.14219,73.48,4.98,0.0,69.0,3.0,0.0,0.0,3.60765,1.52772,1.78783,1.0,0.0,1
1336.0,1335.0,29.0,37.64,18.0,0.09523,0.1659,44.82,8.63,0.0,498.0,0.0,0.0,1.0,0.78959,0.58199,2.26504,0.0,0.0,0
1337.0,1336.0,159.0,6.09,12.0,0.16415,0.13003,204.19,14.59,0.0,1564.0,0.0,0.0,0.0,0.15671,0.14558,2.74642,0.0,0.0,0
1338.0,1337.0,54.0,225.59,14.0,0.3061,0.28364,111.16,40.96,0.0,427.0,1.0,0.0,0.0,1.68069,0.98607,3.7366,0.0,0.0,0
1339.0,1338.0,276.0,291.12,18.0,0.41761,0.25026,4.01,162.01,1.0,2164.0,3.0,1.0,1.0,2.31307,1.19788,5.09382,0.0,1.0,1
1340.0,1339.0,101.0,153.66,20.0,0.34438,0.0462,114.53,8.35,0.0,167.0,0.0,0.0,0.0,3.88676,1.58653,2.23507,0.0,0.0,0
1341.0,1340.0,215.0,75.48,1.0,0.25159,0.07919,324.3,10.96,0.0,1529.0,2.0,0.0,1.0,1.84778,1.04654,2.48167,1.0,0.0,0
1342.0,1341.0,59.0,22.35,12.0,0.20844,0.42553,333.22,0.79,2.0,42.0,2.0,0.0,0.0,0.36742,0.31293,0.58331,0.0,0.0,0
1343.0,1342.0,133.0,60.16,12.0,0.23886,0.50639,149.67,30.66,0.0,1183.0,2.0,0.0,1.0,1.13235,0.75722,3.45496,0.0,0.0,0
1344.0,1343.0,79.0,76.99,10.0,0.06946,0.19547,44.77,29.77,1.0,818.0,0.0,0.0,0.0,2.14902,1.14709,3.42665,0.0,0.0,1
1345.0,1344.0,222.0,593.41,12.0,0.36387,0.08981,418.85,4.94,0.0,741.0,5.0,0.0,1.0,6.53423,2.01946,1.78224,0.0,0.0,0
1346.0,1345.0,60.0,122.99,18.0,0.15912,0.17445,54.09,5.52,0.0,1515.0,3.0,0.0,0.0,0.82991,0.60427,1.87553,0.0,0.0,0
1347.0,1346.0,388.0,29.08,3.0,0.54936,0.0108,11.77,2.9,0.0,1720.0,0.0,0.0,0.0,0.39854,0.33543,1.36172,1.0,0.0,0
1348.0,1347.0,44.0,498.78,14.0,0.3395,0.08339,497.08,3.76,0.0,237.0,2.0,0.0,0.0,7.52432,2.14292,1.55993,0.0,0.0,0
1349.0,1348.0,212.0,47.88,6.0,0.08985,0.06679,28.7,13.83,2.0,1636.0,4.0,0.0,0.0,1.51939,0.92401,2.69694,0.0,0.0,0
1350.0,1349.0,10.0,36.31,2.0,0.41723,0.1762,401.27,6.46,1.0,1497.0,3.0,0.0,1.0,0.84314,0.61147,2.00992,1.0,0.0,0
1351.0,1350.0,285.0,124.17,13.0,0.30815,0.12568,6.31,155.17,0.0,1446.0,5.0,1.0,1.0,1.62257,0.96415,5.05095,0.0,1.0,1
1352.0,1351.0,147.0,760.35,13.0,0.15501,0.05045,382.09,9.95,0.0,214.0,1.0,0.0,0.0,6.44342,2.00733,2.393,0.0,0.0,1
1353.0,1352.0,123.0,59.53,9.0,0.17947,0.12085,181.36,42.03,0.0,414.0,0.0,1.0,1.0,1.04174,0.7138,3.76198,0.0,0.0,0
1354.0,1353.0,332.0,11.93,13.0,0.56413,0.33886,281.12,12.27,0.0,1585.0,3.0,0.0,1.0,0.26907,0.23829,2.5855,0.0,0.0,0
1355.0,1354.0,175.0,52.84,12.0,0.45435,0.21425,245.82,7.33,1.0,203.0,1.0,0.0,1.0,0.75338,0.56155,2.12023,0.0,0.0,0
1356.0,1355.0,285.0,37.81,12.0,0.06912,0.01,542.76,8.62,0.0,1446.0,1.0,0.0,1.0,0.49407,0.4015,2.2635,0.0,0.0,0
1357.0,1356.0,213.0,33.1,11.0,0.38257,0.06133,93.15,58.9,2.0,1047.0,1.0,0.0,1.0,0.81562,0.59642,4.09262,0.0,0.0,0
1358.0,1357.0,278.0,239.43,18.0,0.36383,0.24171,1.79,19.36,0.0,457.0,0.0,0.0,0.0,2.38041,1.218,3.01366,0.0,1.0,1
1359.0,1358.0,150.0,177.84,0.0,0.36518,0.15489,113.48,33.92,0.0,467.0,1.0,0.0,0.0,3.03226,1.39433,3.55297,1.0,0.0,0
1360.0,1359.0,383.0,28.55,13.0,0.51281,0.09061,6.36,11.63,0.0,1724.0,2.0,0.0,1.0,0.80575,0.59098,2.53612,0.0,1.0,1
1361.0,1360.0,175.0,260.8,11.0,0.13619,0.01297,167.93,3.77,0.0,203.0,0.0,0.0,0.0,3.71815,1.55142,1.56263,0.0,0.0,0
1362.0,1361.0,262.0,474.84,5.0,0.0708,0.49899,17.31,18.39,0.0,681.0,1.0,0.0,1.0,1.7728,1.01986,2.96462,1.0,0.0,0
1363.0,1362.0,361.0,121.27,14.0,0.17651,0.34547,694.88,13.86,0.0,2032.0,1.0,0.0,1.0,0.87922,0.63086,2.6987,0.0,0.0,0
1364.0,1363.0,336.0,73.14,16.0,0.28423,0.16001,532.94,7.92,0.0,1874.0,4.0,0.0,1.0,1.89427,1.06273,2.18831,0.0,0.0,0
1365.0,1364.0,329.0,16.21,8.0,0.21443,0.29427,3.66,108.53,1.0,1930.0,7.0,1.0,1.0,0.79514,0.58509,4.69622,0.0,1.0,1
1366.0,1365.0,68.0,113.08,3.0,0.26347,0.14407,225.48,5.02,0.0,475.0,1.0,0.0,0.0,1.05776,0.72162,1.79577,1.0,0.0,0
1367.0,1366.0,260.0,14.69,14.0,0.67109,0.09299,263.49,4.94,0.0,417.0,2.0,0.0,0.0,0.46113,0.37921,1.78125,0.0,0.0,0
1368.0,1367.0,33.0,56.56,4.0,0.15583,0.08192,534.55,16.05,0.0,1939.0,2.0,0.0,1.0,0.33148,0.28629,2.8359,1.0,0.0,0
1369.0,1368.0,246.0,24.94,12.0,0.03115,0.04544,52.0,4.78,0.0,1513.0,1.0,0.0,0.0,0.47401,0.38798,1.75392,0.0,0.0,0
1370.0,1369.0,36.0,15.67,11.0,0.13208,0.14299,55.68,6.71,0.0,1392.0,1.0,0.0,1.0,0.60301,0.47189,2.04314,0.0,0.0,0
1371.0,1370.0,173.0,17.23,9.0,0.11206,0.29688,185.49,13.41,1.0,1982.0,4.0,0.0,1.0,0.54036,0.43201,2.66777,0.0,0.0,0
1372.0,1371.0,87.0,246.73,18.0,0.15239,0.01,177.96,73.86,1.0,1015.0,2.0,0.0,1.0,2.15536,1.1491,4.31564,0.0,0.0,0
1373.0,1372.0,412.0,22.79,9.0,0.1363,0.10529,235.57,26.68,0.0,243.0,3.0,0.0,0.0,0.38889,0.32851,3.32057,0.0,0.0,0
1374.0,1373.0,220.0,73.11,11.0,0.1509,0.08158,420.07,8.36,2.0,929.0,2.0,0.0,1.0,2.41074,1.22693,2.23638,0.0,0.0,0
1375.0,1374.0,328.0,236.3,9.0,0.07472,0.1789,22.98,30.36,1.0,884.0,1.0,0.0,1.0,3.58061,1.52183,3.44566,0.0,0.0,0
1376.0,1375.0,71.0,43.13,15.0,0.0235,0.19437,14.47,145.45,0.0,810.0,4.0,1.0,1.0,0.90976,0.64698,4.98668,0.0,0.0,0
1377.0,1376.0,392.0,95.58,14.0,0.10769,0.51725,0.46,40.41,1.0,1316.0,3.0,0.0,0.0,1.42159,0.88442,3.72344,0.0,1.0,1
1378.0,1377.0,319.0,64.0,7.0,0.24735,0.14938,289.61,2.5,1.0,1189.0,5.0,0.0,1.0,1.01581,0.70102,1.25413,0.0,0.0,0
1379.0,1378.0,391.0,122.45,12.0,0.16335,0.14876,301.26,2.79,0.0,234.0,1.0,0.0,1.0,1.85862,1.05034,1.33244,0.0,0.0,0
1380.0,1379.0,386.0,6.93,10.0,0.25042,0.02701,955.78,3.27,0.0,1740.0,1.0,0.0,0.0,0.26914,0.23834,1.45175,0.0,0.0,0
1381.0,1380.0,25.0,21.57,18.0,0.04287,0.13292,713.64,5.42,0.0,461.0,1.0,0.0,0.0,0.31615,0.27471,1.85994,0.0,0.0,0
1382.0,1381.0,93.0,87.92,14.0,0.27445,0.09617,120.43,18.65,2.0,1443.0,1.0,0.0,1.0,1.36038,0.85882,2.97818,0.0,0.0,0
1383.0,1382.0,114.0,27.8,7.0,0.12283,0.15282,196.75,11.46,1.0,1334.0,0.0,0.0,0.0,0.58084,0.45796,2.52254,0.0,0.0,0
1384.0,1383.0,330.0,154.52,9.0,0.3359,0.17382,432.1,10.99,1.0,1086.0,3.0,0.0,0.0,1.42289,0.88496,2.4841,0.0,0.0,0
1385.0,1384.0,375.0,710.3,8.0,0.38003,0.29037,2.35,67.74,0.0,338.0,7.0,1.0,0.0,5.1804,1.82138,4.23033,0.0,1.0,1
1386.0,1385.0,90.0,31.13,2.0,0.51585,0.0517,148.67,47.49,1.0,879.0,4.0,0.0,1.0,0.66028,0.50698,3.88133,1.0,0.0,0
1387.0,1386.0,401.0,191.26,19.0,0.36665,0.12846,235.3,2.54,0.0,301.0,0.0,0.0,1.0,2.1353,1.14272,1.26336,0.0,0.0,0
1388.0,1387.0,233.0,22.31,22.0,0.6293,0.15705,910.48,9.0,1.0,1453.0,3.0,0.0,1.0,0.80244,0.58914,2.30245,0.0,0.0,0
1389.0,1388.0,239.0,22.72,10.0,0.12738,0.15166,97.66,9.86,0.0,315.0,2.0,0.0,0.0,1.68474,0.98759,2.38539,0.0,0.0,1
1390.0,1389.0,315.0,31.62,11.0,0.35258,0.0183,89.22,5.15,1.0,1127.0,3.0,0.0,0.0,1.23169,0.80276,1.81658,0.0,0.0,0
1391.0,1390.0,118.0,135.01,17.0,0.28759,0.19515,248.47,4.9,0.0,73.0,3.0,0.0,0.0,1.59989,0.95547,1.77481,0.0,0.0,0
1392.0,1391.0,355.0,162.38,22.0,0.23547,0.05747,367.08,15.88,0.0,210.0,0.0,0.0,1.0,2.07398,1.12297,2.82584,0.0,0.0,0
1393.0,1392.0,374.0,50.73,10.0,0.20801,0.2271,361.29,46.43,2.0,1533.0,2.0,0.0,1.0,0.96453,0.67525,3.85935,0.0,0.0,0
1394.0,1393.0,240.0,55.62,12.0,0.53305,0.24379,529.88,8.66,0.0,1434.0,3.0,0.0,1.0,0.96941,0.67774,2.26753,0.0,0.0,0
1395.0,1394.0,23.0,37.46,12.0,0.21664,0.24674,166.64,37.31,0.0,2053.0,2.0,0.0,0.0,0.38558,0.32612,3.6458,0.0,0.0,0
1396.0,1395.0,187.0,92.05,17.0,0.13753,0.2032,520.48,7.83,1.0,960.0,4.0,0.0,1.0,1.30895,0.83679,2.17802,0.0,0.0,0
1397.0,1396.0,364.0,13.45,1.0,0.1675,0.10788,5.65,48.81,0.0,1357.0,1.0,0.0,1.0,0.92012,0.65239,3.90819,1.0,1.0,0
1398.0,1397.0,207.0,41.88,9.0,0.09128,0.07993,118.86,8.54,0.0,304.0,0.0,0.0,1.0,0.85863,0.61984,2.25517,0.0,0.0,0
1399.0,1398.0,23.0,75.1,21.0,0.27239,0.03505,183.16,24.27,0.0,2053.0,2.0,0.0,1.0,0.77295,0.57265,3.22945,0.0,0.0,1
1400.0,1399.0,37.0,95.09,4.0,0.5457,0.16374,133.68,8.05,1.0,1840.0,5.0,0.0,0.0,2.44396,1.23662,2.20293,1.0,0.0,0
1401.0,1400.0,103.0,33.64,13.0,0.411,0.06943,360.76,12.85,1.0,1513.0,3.0,0.0,0.0,0.64458,0.49748,2.62845,0.0,0.0,0
1402.0,1401.0,180.0,1049.09,10.0,0.21025,0.06551,326.32,24.98,0.0,1211.0,2.0,0.0,0.0,14.34746,2.73095,3.25734,0.0,0.0,1
1403.0,1402.0,169.0,69.37,17.0,0.1073,0.06874,151.3,2.66,0.0,989.0,3.0,0.0,0.0,1.03498,0.71048,1.29635,0.0,0.0,0
1404.0,1403.0,108.0,1292.01,20.0,0.35758,0.2746,58.27,26.08,0.0,1757.0,3.0,0.0,0.0,14.49533,2.74054,3.29862,0.0,0.0,1
1405.0,1404.0,361.0,107.97,8.0,0.38789,0.22898,4.87,4.98,0.0,2032.0,6.0,0.0,1.0,0.78283,0.5782,1.78838,0.0,1.0,0
1406.0,1405.0,49.0,159.02,17.0,0.44201,0.21815,98.21,4.09,1.0,980.0,3.0,0.0,1.0,9.24099,2.3264,1.62773,0.0,0.0,0
1407.0,1406.0,177.0,66.3,20.0,0.30523,0.11452,255.04,9.62,0.0,781.0,3.0,0.0,1.0,1.00251,0.6944,2.36257,0.0,0.0,0
1408.0,1407.0,261.0,30.63,10.0,0.31231,0.04203,90.72,13.35,0.0,539.0,0.0,0.0,1.0,1.2116,0.79371,2.66395,0.0,0.0,0
1409.0,1408.0,336.0,97.43,14.0,0.26629,0.01875,159.74,7.54,0.0,1874.0,1.0,0.0,1.0,2.5234,1.25943,2.14515,0.0,0.0,0
1410.0,1409.0,136.0,212.3,13.0,0.28269,0.04727,133.16,51.44,0.0,1185.0,2.0,0.0,1.0,2.11211,1.1353,3.95972,0.0,0.0,0
1411.0,1410.0,373.0,1557.89,10.0,0.46611,0.09734,137.49,2.28,0.0,907.0,0.0,0.0,1.0,14.666,2.75149,1.18736,0.0,0.0,0
1412.0,1411.0,173.0,31.68,14.0,0.29095,0.18824,334.42,67.45,0.0,1982.0,0.0,0.0,1.0,0.9935,0.68989,4.2261,0.0,0.0,0
1413.0,1412.0,168.0,47.45,14.0,0.13473,0.1832,55.78,1.47,1.0,740.0,0.0,0.0,1.0,1.4014,0.87605,0.90404,0.0,0.0,0
1414.0,1413.0,18.0,83.12,6.0,0.12592,0.04695,71.52,59.91,1.0,195.0,1.0,1.0,1.0,1.49378,0.9138,4.10942,0.0,0.0,0
1415.0,1414.0,260.0,28.07,11.0,0.12851,0.33729,455.24,4.49,0.0,417.0,1.0,0.0,1.0,0.88135,0.63199,1.70243,0.0,0.0,0
1416.0,1415.0,252.0,57.25,3.0,0.10849,0.06481,736.63,209.09,2.0,217.0,4.0,1.0,0.0,1.81618,1.03538,5.34752,1.0,0.0,1
1417.0,1416.0,1.0,132.37,14.0,0.1734,0.01306,135.8,5.45,2.0,1129.0,3.0,0.0,1.0,2.05201,1.1158,1.86451,0.0,0.0,0
1418.0,1417.0,32.0,66.72,11.0,0.23565,0.49308,736.94,4.03,0.0,880.0,1.0,0.0,1.0,2.93235,1.36924,1.61577,0.0,0.0,0
1419.0,1418.0,390.0,47.64,6.0,0.01,0.06607,77.51,17.73,0.0,184.0,0.0,0.0,1.0,0.68253,0.5203,2.93004,0.0,0.0,0
1420.0,1419.0,32.0,17.41,14.0,0.41372,0.08076,759.37,31.0,3.0,880.0,4.0,0.0,1.0,0.76526,0.5683,3.46563,0.0,0.0,1
1421.0,1420.0,141.0,43.96,1.0,0.16827,0.05269,240.36,23.59,0.0,1788.0,3.0,0.0,1.0,0.87389,0.62802,3.20216,1.0,0.0,0
1422.0,1421.0,372.0,11.64,16.0,0.36254,0.18983,341.23,8.17,0.0,1276.0,2.0,0.0,0.0,0.26158,0.23237,2.21627,0.0,0.0,0
1423.0,1422.0,298.0,27.37,17.0,0.10139,0.30481,433.73,72.97,1.0,1486.0,2.0,0.0,1.0,1.14101,0.76128,4.30369,0.0,0.0,0
1424.0,1423.0,315.0,41.55,15.0,0.16478,0.03863,4.55,4.84,2.0,1127.0,2.0,0.0,1.0,1.61858,0.96263,1.7651,0.0,1.0,0
1425.0,1424.0,177.0,43.22,4.0,0.26748,0.06652,250.05,7.07,1.0,781.0,2.0,0.0,1.0,0.65352,0.5029,2.08873,1.0,0.0,0
1426.0,1425.0,22.0,80.53,13.0,0.37037,0.37032,617.57,32.47,0.0,1861.0,2.0,0.0,1.0,3.15061,1.42325,3.51077,0.0,0.0,0
1427.0,1426.0,335.0,76.39,10.0,0.07393,0.28479,16.32,3.61,0.0,2088.0,2.0,0.0,1.0,0.97385,0.67998,1.52719,0.0,0.0,0
1428.0,1427.0,209.0,31.01,14.0,0.09823,0.01863,331.71,26.12,0.0,2176.0,2.0,0.0,0.0,0.52054,0.41906,3.30025,0.0,0.0,0
1429.0,1428.0,84.0,15.9,13.0,0.58049,0.41241,0.57,8.5,2.0,2178.0,3.0,0.0,1.0,0.36917,0.3142,2.25078,0.0,1.0,0
1430.0,1429.0,292.0,282.81,7.0,0.05928,0.15785,311.42,81.13,0.0,742.0,0.0,1.0,1.0,3.90599,1.59046,4.40831,0.0,0.0,0
1431.0,1430.0,163.0,12.29,3.0,0.23131,0.285,80.98,8.45,0.0,2188.0,0.0,0.0,1.0,0.40178,0.33774,2.24625,1.0,0.0,0
1432.0,1431.0,61.0,82.47,5.0,0.30501,0.06548,1.19,113.04,1.0,1496.0,1.0,1.0,1.0,1.6272,0.96592,4.73655,1.0,1.0,1
1433.0,1432.0,332.0,85.07,21.0,0.26422,0.13031,6.13,19.42,2.0,1585.0,0.0,0.0,1.0,1.91864,1.07112,3.01656,0.0,1.0,0
1434.0,1433.0,259.0,39.87,6.0,0.50159,0.21149,85.31,11.12,2.0,789.0,4.0,0.0,0.0,1.54191,0.93292,2.49471,0.0,0.0,0
1435.0,1434.0,321.0,59.42,14.0,0.2654,0.02314,55.03,14.19,0.0,1705.0,1.0,0.0,1.0,0.84152,0.61059,2.72074,0.0,0.0,0
1436.0,1435.0,115.0,85.77,14.0,0.05078,0.13043,546.55,41.83,1.0,1148.0,0.0,0.0,1.0,1.9398,1.07834,3.75724,0.0,0.0,0
1437.0,1436.0,206.0,6.84,4.0,0.38215,0.39481,103.87,27.77,0.0,1648.0,2.0,0.0,0.0,0.3184,0.27642,3.3594,1.0,0.0,0
1438.0,1437.0,23.0,103.42,11.0,0.37285,0.2726,513.75,483.39,1.0,2053.0,1.0,1.0,0.0,1.06446,0.72487,6.18289,0.0,0.0,0
1439.0,1438.0,152.0,34.03,10.0,0.09123,0.03346,393.12,3.44,0.0,1937.0,4.0,0.0,1.0,0.7422,0.55515,1.49005,0.0,0.0,0
1440.0,1439.0,61.0,41.98,16.0,0.49918,0.04741,718.39,13.33,0.0,1496.0,1.0,0.0,1.0,0.82823,0.60335,2.66214,0.0,0.0,0
1441.0,1440.0,299.0,49.85,4.0,0.23925,0.07662,142.61,2.41,0.0,1821.0,2.0,0.0,1.0,0.99045,0.68836,1.2281,1.0,0.0,1
1442.0,1441.0,325.0,64.58,7.0,0.28203,0.01014,176.84,50.1,1.0,1576.0,2.0,0.0,1.0,2.21233,1.167,3.93388,0.0,0.0,0
1443.0,1442.0,368.0,70.47,5.0,0.3043,0.07067,173.86,14.18,1.0,578.0,5.0,0.0,1.0,1.44786,0.89521,2.71991,1.0,0.0,0
1444.0,1443.0,181.0,51.15,8.0,0.55531,0.15261,172.6,33.57,2.0,1501.0,3.0,0.0,1.0,1.41091,0.88001,3.54301,0.0,0.0,0
1445.0,1444.0,386.0,34.32,8.0,0.34525,0.17619,3.76,14.58,0.0,1740.0,2.0,0.0,0.0,1.3321,0.84677,2.74605,0.0,1.0,0
1446.0,1445.0,163.0,15.08,13.0,0.44716,0.32785,277.86,13.36,0.0,2188.0,2.0,0.0,1.0,0.49304,0.40081,2.66459,0.0,0.0,0
1447.0,1446.0,102.0,124.91,16.0,0.22679,0.20302,0.31,5.63,2.0,471.0,1.0,0.0,1.0,3.53911,1.51273,1.89226,0.0,1.0,1
1448.0,1447.0,184.0,173.63,4.0,0.47465,0.08989,278.08,5.13,2.0,1630.0,2.0,0.0,1.0,0.73596,0.55156,1.81356,1.0,0.0,0
1449.0,1448.0,69.0,164.31,3.0,0.10372,0.09448,818.65,5.76,0.0,1782.0,1.0,0.0,1.0,4.00574,1.61058,1.91155,1.0,0.0,0
1450.0,1449.0,48.0,63.65,17.0,0.33919,0.31748,275.21,37.06,1.0,2144.0,2.0,0.0,1.0,0.92025,0.65246,3.63911,0.0,0.0,0
1451.0,1450.0,372.0,17.0,4.0,0.53407,0.30136,270.64,11.34,0.0,1276.0,3.0,0.0,1.0,0.38215,0.32364,2.51297,1.0,0.0,0
1452.0,1451.0,338.0,178.98,18.0,0.33318,0.0766,16.92,9.53,1.0,1230.0,2.0,0.0,1.0,1.4876,0.91132,2.35409,0.0,0.0,0
1453.0,1452.0,205.0,38.24,15.0,0.27096,0.04568,32.47,4.22,0.0,1879.0,3.0,0.0,0.0,0.29564,0.259,1.65295,0.0,0.0,0
1454.0,1453.0,181.0,63.43,16.0,0.35137,0.20085,57.97,12.53,1.0,1501.0,2.0,0.0,1.0,1.74963,1.01147,2.6051,0.0,0.0,0
1455.0,1454.0,322.0,18.8,14.0,0.05737,0.51583,916.46,20.25,1.0,1310.0,2.0,0.0,1.0,0.42086,0.35126,3.05655,0.0,0.0,0
1456.0,1455.0,271.0,171.85,15.0,0.09933,0.19752,80.27,16.55,1.0,1626.0,3.0,0.0,0.0,1.3756,0.86525,2.86508,0.0,0.0,0
1457.0,1456.0,132.0,26.07,13.0,0.32323,0.101,698.94,1.32,0.0,1676.0,3.0,0.0,1.0,0.44246,0.36635,0.84107,0.0,0.0,0
1458.0,1457.0,138.0,93.71,6.0,0.31834,0.2301,590.33,327.14,0.0,1772.0,3.0,1.0,1.0,2.02486,1.10687,5.79345,0.0,0.0,0
1459.0,1458.0,99.0,18.28,11.0,0.13402,0.03827,462.09,22.17,1.0,1555.0,4.0,0.0,1.0,0.53578,0.42904,3.14291,0.0,0.0,0
1460.0,1459.0,411.0,78.68,19.0,0.12321,0.31258,503.59,6.55,1.0,1445.0,2.0,0.0,0.0,0.87154,0.62676,2.02192,0.0,0.0,0
1461.0,1460.0,230.0,55.85,16.0,0.32387,0.16464,4.14,4.56,1.0,1266.0,1.0,0.0,1.0,0.68916,0.52423,1.71631,0.0,1.0,0
1462.0,1461.0,111.0,79.54,13.0,0.50095,0.13296,620.34,1782.38,2.0,1109.0,2.0,1.0,1.0,3.07732,1.40544,7.48627,0.0,0.0,0
1463.0,1462.0,41.0,22.42,16.0,0.15334,0.22069,191.26,0.52,1.0,1555.0,2.0,0.0,0.0,0.45837,0.37732,0.41845,0.0,0.0,0
1464.0,1463.0,189.0,64.31,21.0,0.15835,0.28319,39.3,40.54,0.0,575.0,1.0,0.0,1.0,1.69757,0.99235,3.72666,0.0,0.0,0
1465.0,1464.0,412.0,83.94,14.0,0.16335,0.03862,622.47,3.76,0.0,243.0,1.0,0.0,0.0,1.43212,0.88876,1.56044,0.0,0.0,0
1466.0,1465.0,171.0,40.14,18.0,0.24132,0.07214,82.55,69.94,0.0,1418.0,4.0,0.0,1.0,1.44503,0.89406,4.26183,0.0,0.0,0
1467.0,1466.0,194.0,4.18,13.0,0.33098,0.03038,283.76,19.98,0.0,1488.0,0.0,0.0,1.0,0.27229,0.24082,3.04343,0.0,0.0,0
1468.0,1467.0,291.0,31.83,14.0,0.13788,0.28246,22.81,41.57,0.0,2129.0,0.0,0.0,0.0,0.58361,0.45971,3.75121,0.0,0.0,0
1469.0,1468.0,18.0,45.13,0.0,0.32326,0.04364,171.12,40.14,0.0,195.0,0.0,0.0,1.0,0.81096,0.59386,3.71694,1.0,0.0,0
1470.0,1469.0,33.0,60.36,18.0,0.10331,0.31465,157.69,15.03,1.0,1939.0,2.0,0.0,1.0,0.35378,0.3029,2.77477,0.0,0.0,0
1471.0,1470.0,327.0,42.52,4.0,0.10311,0.01,250.95,6.96,2.0,2045.0,1.0,0.0,1.0,0.77618,0.57447,2.07442,1.0,0.0,1
1472.0,1471.0,250.0,60.49,9.0,0.24473,0.16951,304.57,9.47,0.0,1017.0,1.0,0.0,1.0,1.09301,0.7386,2.34804,0.0,0.0,0
1473.0,1472.0,180.0,32.6,16.0,0.59673,0.03424,399.61,16.14,1.0,1211.0,1.0,0.0,0.0,0.44581,0.36867,2.84138,0.0,0.0,1
1474.0,1473.0,80.0,30.52,14.0,0.45446,0.02591,0.61,5.52,2.0,301.0,1.0,0.0,1.0,0.95419,0.66997,1.87451,0.0,1.0,1
1475.0,1474.0,145.0,25.67,9.0,0.22099,0.04164,643.95,92.47,0.0,1658.0,5.0,1.0,1.0,0.6379,0.49341,4.53761,0.0,0.0,0
1476.0,1475.0,403.0,128.81,10.0,0.26352,0.05538,65.68,7.13,0.0,65.0,3.0,0.0,0.0,1.221,0.79796,2.09504,0.0,0.0,0
1477.0,1476.0,333.0,674.58,15.0,0.19413,0.05427,30.44,13.83,0.0,489.0,3.0,0.0,1.0,8.92192,2.29475,2.69651,0.0,0.0,0
1478.0,1477.0,61.0,529.85,10.0,0.22057,0.05338,183.21,5.39,1.0,1496.0,4.0,0.0,0.0,10.4538,2.43832,1.85413,0.0,0.0,0
1479.0,1478.0,35.0,30.97,18.0,0.55483,0.15014,607.71,18.93,0.0,224.0,1.0,0.0,0.0,0.66082,0.50731,2.99208,0.0,0.0,1
1480.0,1479.0,87.0,47.98,16.0,0.44968,0.0948,89.42,5.61,1.0,1015.0,3.0,0.0,0.0,0.41915,0.35006,1.88881,0.0,0.0,0
1481.0,1480.0,181.0,47.06,10.0,0.15684,0.20869,262.48,64.09,0.0,1501.0,1.0,1.0,1.0,1.29795,0.83202,4.17585,0.0,0.0,0
1482.0,1481.0,295.0,165.7,14.0,0.31077,0.11071,444.05,5.79,0.0,237.0,2.0,0.0,1.0,2.40176,1.22429,1.91584,0.0,0.0,0
1483.0,1482.0,38.0,37.64,1.0,0.35705,0.04535,311.48,14.73,0.0,311.0,3.0,0.0,1.0,0.95111,0.6684,2.75565,1.0,0.0,0
1484.0,1483.0,31.0,5.98,11.0,0.01366,0.09594,9.84,147.78,0.0,940.0,1.0,0.0,1.0,0.39797,0.33502,5.00246,0.0,0.0,0
1485.0,1484.0,17.0,24.5,13.0,0.14088,0.0711,149.65,11.9,0.0,1638.0,2.0,0.0,1.0,0.84201,0.61086,2.55708,0.0,0.0,0
1486.0,1485.0,234.0,101.98,12.0,0.15312,0.20121,978.05,30.47,0.0,1886.0,3.0,0.0,0.0,1.14882,0.76492,3.44919,0.0,0.0,0
1487.0,1486.0,33.0,144.38,17.0,0.03197,0.16263,5.94,9.51,0.0,1939.0,1.0,0.0,1.0,0.84619,0.61313,2.35232,0.0,1.0,0
1488.0,1487.0,240.0,49.09,14.0,0.13079,0.10022,557.78,24.56,2.0,1434.0,5.0,1.0,1.0,0.85554,0.61817,3.24112,0.0,0.0,0
1489.0,1488.0,17.0,93.27,10.0,0.10654,0.01,130.99,129.09,0.0,1638.0,1.0,1.0,1.0,3.206,1.43651,4.86823,0.0,0.0,0
1490.0,1489.0,233.0,19.3,7.0,0.23175,0.18772,595.73,3.11,0.0,1453.0,7.0,0.0,1.0,0.69388,0.52702,1.41433,0.0,0.0,0
1491.0,1490.0,103.0,62.65,15.0,0.55614,0.03221,153.63,11.51,0.0,1513.0,2.0,0.0,1.0,1.20049,0.78868,2.52648,0.0,0.0,0
1492.0,1491.0,9.0,243.35,9.0,0.37714,0.10594,335.3,5.28,1.0,1484.0,1.0,0.0,1.0,1.68928,0.98927,1.83711,0.0,0.0,0
1493.0,1492.0,65.0,107.31,14.0,0.25471,0.03496,639.2,35.22,0.0,1888.0,1.0,0.0,1.0,1.16667,0.77319,3.58955,0.0,0.0,0
1494.0,1493.0,107.0,45.23,8.0,0.44193,0.22761,544.21,25.94,0.0,498.0,3.0,0.0,0.0,1.65723,0.97729,3.29368,0.0,0.0,0
1495.0,1494.0,291.0,29.71,19.0,0.39405,0.07196,54.49,18.05,1.0,2129.0,1.0,0.0,1.0,0.54475,0.43486,2.94729,0.0,0.0,0
1496.0,1495.0,349.0,60.19,5.0,0.12176,0.03523,322.39,32.46,1.0,2005.0,4.0,0.0,1.0,0.39278,0.3313,3.51031,1.0,0.0,0
1497.0,1496.0,386.0,62.48,14.0,0.32804,0.06308,293.35,11.9,1.0,1740.0,2.0,0.0,1.0,2.4256,1.23128,2.55735,0.0,0.0,0
1498.0,1497.0,75.0,132.26,5.0,0.09285,0.24688,164.46,4.3,0.0,4.0,1.0,0.0,1.0,2.00007,1.09863,1.66746,1.0,0.0,1
1499.0,1498.0,377.0,238.89,8.0,0.14517,0.04862,845.33,3.99,1.0,616.0,1.0,0.0,0.0,2.47333,1.24511,1.60677,0.0,0.0,0
1500.0,1499.0,109.0,70.78,9.0,0.49564,0.14636,69.52,0.55,1.0,1723.0,3.0,0.0,1.0,1.27403,0.82155,0.43832,0.0,0.0,0
1501.0,1500.0,388.0,39.32,13.0,0.35514,0.06941,2.05,2.74,0.0,1720.0,1.0,0.0,1.0,0.53878,0.43099,1.3204,0.0,1.0,0
1502.0,1501.0,122.0,33.32,11.0,0.06121,0.19731,486.09,8.8,0.0,1135.0,2.0,0.0,0.0,2.25865,1.18131,2.28248,0.0,0.0,0
1503.0,1502.0,388.0,94.69,20.0,0.31887,0.17628,8.16,79.57,1.0,1720.0,3.0,1.0,0.0,1.29745,0.8318,4.38916,0.0,0.0,1
1504.0,1503.0,173.0,20.42,9.0,0.19986,0.23045,268.29,26.02,1.0,1982.0,2.0,0.0,1.0,0.64036,0.49491,3.2964,0.0,0.0,0
1505.0,1504.0,359.0,91.51,15.0,0.11618,0.32775,462.27,3.98,0.0,1172.0,1.0,0.0,0.0,1.11491,0.74901,1.60547,0.0,0.0,0
1506.0,1505.0,224.0,66.18,11.0,0.11893,0.11377,25.49,19.03,0.0,584.0,3.0,0.0,1.0,1.06352,0.72441,2.99706,0.0,0.0,0
1507.0,1506.0,154.0,73.43,18.0,0.0564,0.05449,888.55,46.82,0.0,1702.0,1.0,0.0,1.0,0.76195,0.56642,3.86742,0.0,0.0,0
1508.0,1507.0,11.0,13.17,8.0,0.17106,0.08394,169.75,20.46,2.0,295.0,2.0,0.0,1.0,0.37238,0.31654,3.06608,0.0,0.0,0
1509.0,1508.0,33.0,67.79,13.0,0.39333,0.2996,207.87,118.68,2.0,1939.0,1.0,0.0,1.0,0.39731,0.33455,4.78485,0.0,0.0,0
1510.0,1509.0,193.0,4.8,19.0,0.18541,0.13941,3.07,573.51,0.0,137.0,0.0,1.0,0.0,0.60043,0.47027,6.35351,0.0,1.0,0
1511.0,1510.0,412.0,79.27,14.0,0.119,0.06429,840.15,151.33,0.0,243.0,4.0,0.0,1.0,1.35238,0.85543,5.02603,0.0,0.0,0
1512.0,1511.0,35.0,87.66,13.0,0.16808,0.07101,687.56,8.43,2.0,224.0,3.0,0.0,1.0,1.87018,1.05438,2.24348,0.0,0.0,0
1513.0,1512.0,36.0,26.09,14.0,0.47383,0.21956,0.5,268.32,1.0,1392.0,1.0,1.0,1.0,1.00369,0.69499,5.5959,0.0,1.0,1
1514.0,1513.0,267.0,65.18,18.0,0.40503,0.49254,35.48,6.84,1.0,820.0,2.0,0.0,1.0,0.47812,0.39077,2.05945,0.0,0.0,0
1515.0,1514.0,295.0,48.51,15.0,0.13542,0.01,165.92,42.57,0.0,237.0,1.0,0.0,0.0,0.70315,0.53248,3.77441,0.0,0.0,0
1516.0,1515.0,348.0,78.98,6.0,0.08722,0.02573,270.52,11.46,0.0,1225.0,1.0,0.0,0.0,0.70786,0.53524,2.52247,0.0,0.0,0
1517.0,1516.0,77.0,44.8,18.0,0.32013,0.11244,173.73,5.85,1.0,698.0,3.0,0.0,0.0,0.54563,0.43543,1.92394,0.0,0.0,0
1518.0,1517.0,328.0,24.14,14.0,0.23214,0.17673,36.39,28.1,0.0,884.0,3.0,0.0,1.0,0.36573,0.31169,3.37066,0.0,0.0,0
1519.0,1518.0,150.0,26.45,16.0,0.2358,0.10572,62.95,58.06,0.0,467.0,4.0,0.0,1.0,0.45101,0.37226,4.07851,0.0,0.0,0
1520.0,1519.0,159.0,29.46,18.0,0.19855,0.0377,405.72,1.52,0.0,1564.0,2.0,0.0,1.0,0.75853,0.56448,0.92538,0.0,0.0,0
1521.0,1520.0,84.0,94.95,3.0,0.43405,0.01,175.09,2.5,1.0,2178.0,3.0,0.0,1.0,2.2044,1.16453,1.25185,1.0,0.0,0
1522.0,1521.0,307.0,74.27,9.0,0.6648,0.21401,4.91,38.57,2.0,2026.0,4.0,0.0,0.0,0.88132,0.63197,3.67798,0.0,1.0,1
1523.0,1522.0,393.0,22.28,4.0,0.07739,0.163,221.7,12.57,0.0,908.0,1.0,0.0,0.0,1.3062,0.8356,2.60754,1.0,0.0,0
1524.0,1523.0,140.0,118.63,7.0,0.09386,0.08396,209.39,5.38,0.0,720.0,0.0,0.0,1.0,0.92577,0.65532,1.85275,0.0,0.0,0
1525.0,1524.0,239.0,5.57,21.0,0.5191,0.027,131.15,45.17,0.0,315.0,5.0,0.0,0.0,0.41272,0.34552,3.83227,0.0,0.0,0
1526.0,1525.0,213.0,23.97,14.0,0.37472,0.12823,85.91,37.66,1.0,1047.0,1.0,0.0,1.0,0.59059,0.46411,3.65487,0.0,0.0,0
1527.0,1526.0,400.0,53.11,12.0,0.23573,0.05457,162.14,56.02,0.0,783.0,4.0,0.0,1.0,1.31601,0.83984,4.04344,0.0,0.0,0
1528.0,1527.0,121.0,55.76,7.0,0.243,0.13816,136.14,5.99,1.0,1295.0,1.0,0.0,1.0,2.97947,1.38115,1.94456,0.0,0.0,0
1529.0,1528.0,367.0,97.85,9.0,0.1746,0.23318,90.99,87.92,0.0,1754.0,0.0,1.0,0.0,1.3715,0.86352,4.48775,0.0,0.0,0
1530.0,1529.0,277.0,68.65,16.0,0.43522,0.02501,442.64,94.33,0.0,198.0,5.0,1.0,0.0,1.75038,1.01174,4.55732,0.0,0.0,0
1531.0,1530.0,353.0,23.85,12.0,0.27501,0.04573,214.79,22.88,1.0,1053.0,1.0,0.0,0.0,0.58967,0.46353,3.17313,0.0,0.0,0
1532.0,1531.0,23.0,170.45,14.0,0.11173,0.20587,467.23,7.45,1.0,2053.0,2.0,0.0,1.0,1.7544,1.0132,2.13453,0.0,0.0,0
1533.0,1532.0,391.0,116.94,4.0,0.30559,0.03711,2.19,7.6,1.0,234.0,1.0,0.0,0.0,1.775,1.02065,2.15183,1.0,1.0,1
1534.0,1533.0,342.0,28.04,16.0,0.43234,0.04576,424.13,4.34,0.0,453.0,2.0,0.0,0.0,0.99875,0.69252,1.67563,0.0,0.0,0
1535.0,1534.0,84.0,24.08,9.0,0.07938,0.23939,651.66,29.51,0.0,2178.0,1.0,1.0,1.0,0.55919,0.44416,3.41819,0.0,0.0,0
1536.0,1535.0,121.0,6.44,7.0,0.29006,0.09356,227.86,12.81,0.0,1295.0,3.0,0.0,0.0,0.34408,0.29571,2.62556,0.0,0.0,0
1537.0,1536.0,393.0,20.45,11.0,0.25221,0.26842,107.22,204.94,1.0,908.0,3.0,1.0,0.0,1.19912,0.78806,5.32756,0.0,0.0,0
1538.0,1537.0,101.0,69.33,8.0,0.45498,0.01669,83.08,33.03,0.0,167.0,1.0,0.0,1.0,1.75369,1.01294,3.52737,0.0,0.0,0
1539.0,1538.0,157.0,104.51,9.0,0.19945,0.14069,168.35,284.33,1.0,1321.0,3.0,1.0,0.0,1.18682,0.78245,5.65366,0.0,0.0,0
1540.0,1539.0,44.0,164.6,5.0,0.42424,0.0708,143.0,30.49,1.0,237.0,1.0,0.0,1.0,2.48312,1.24793,3.44973,1.0,0.0,1
1541.0,1540.0,18.0,128.06,2.0,0.19816,0.07793,159.82,2.3,0.0,195.0,3.0,0.0,1.0,2.30128,1.19431,1.19337,1.0,0.0,0
1542.0,1541.0,243.0,54.53,20.0,0.28789,0.10927,590.92,5.33,0.0,1841.0,2.0,0.0,1.0,0.75982,0.56521,1.84469,0.0,0.0,0
1543.0,1542.0,202.0,49.77,10.0,0.54407,0.01632,181.79,14.79,1.0,1329.0,2.0,0.0,1.0,0.59206,0.46503,2.75938,0.0,0.0,0
1544.0,1543.0,388.0,42.34,7.0,0.63356,0.19313,2.57,26.05,4.0,1720.0,4.0,0.0,1.0,0.58018,0.45754,3.29774,0.0,1.0,0
1545.0,1544.0,309.0,7.86,11.0,0.34212,0.1308,552.34,9.98,1.0,1963.0,0.0,0.0,0.0,0.3194,0.27718,2.39641,0.0,0.0,0
1546.0,1545.0,230.0,38.11,14.0,0.50915,0.0778,391.42,6.7,1.0,1266.0,3.0,0.0,0.0,0.47021,0.38541,2.04183,0.0,0.0,0
1547.0,1546.0,411.0,421.87,12.0,0.25372,0.42973,563.64,4.39,1.0,1445.0,1.0,0.0,1.0,4.67317,1.73575,1.68418,0.0,0.0,0
1548.0,1547.0,373.0,163.68,16.0,0.37087,0.19131,80.42,3.12,0.0,907.0,1.0,0.0,1.0,1.54089,0.93251,1.41516,0.0,0.0,0
1549.0,1548.0,148.0,165.83,4.0,0.07153,0.15479,149.98,10.37,0.0,1988.0,0.0,0.0,0.0,5.37369,1.85218,2.43093,1.0,0.0,1
1550.0,1549.0,239.0,4.98,12.0,0.39395,0.06556,3.69,2.18,0.0,315.0,2.0,0.0,1.0,0.36956,0.31449,1.15815,0.0,1.0,0
1551.0,1550.0,204.0,105.73,11.0,0.41435,0.0339,436.12,2.12,2.0,2066.0,8.0,0.0,0.0,1.89077,1.06152,1.13799,0.0,0.0,0
1552.0,1551.0,218.0,33.99,8.0,0.19119,0.06206,635.06,6.55,1.0,2081.0,0.0,0.0,1.0,0.78046,0.57687,2.02096,0.0,0.0,0
1553.0,1552.0,200.0,237.33,10.0,0.05822,0.24477,166.37,3.51,0.0,1138.0,1.0,0.0,1.0,1.94535,1.08023,1.5068,0.0,0.0,0
1554.0,1553.0,64.0,11.24,17.0,0.08503,0.03508,43.0,15.41,0.0,445.0,3.0,0.0,1.0,0.12744,0.11995,2.79776,0.0,0.0,0
1555.0,1554.0,198.0,158.62,12.0,0.54592,0.36519,892.24,57.35,2.0,843.0,2.0,0.0,0.0,4.00007,1.60945,4.06639,0.0,0.0,1
1556.0,1555.0,237.0,70.4,15.0,0.10925,0.19337,483.31,2.51,0.0,1485.0,0.0,0.0,0.0,1.47723,0.90714,1.25559,0.0,0.0,0
1557.0,1556.0,66.0,148.05,13.0,0.11697,0.3127,296.72,19.59,1.0,99.0,3.0,0.0,1.0,1.75734,1.01427,3.02467,0.0,0.0,0
1558.0,1557.0,68.0,168.58,16.0,0.1999,0.37849,215.41,20.05,0.0,475.0,1.0,1.0,1.0,1.57691,0.94659,3.04698,0.0,0.0,0
1559.0,1558.0,345.0,73.37,12.0,0.19845,0.03024,291.49,19.92,0.0,1962.0,3.0,0.0,1.0,2.16333,1.15163,3.04064,0.0,0.0,0
1560.0,1559.0,310.0,12.73,13.0,0.38837,0.10747,234.72,8.4,0.0,516.0,3.0,0.0,1.0,0.29361,0.25744,2.24087,0.0,0.0,0
1561.0,1560.0,52.0,48.2,5.0,0.15446,0.12718,216.57,1081.62,1.0,649.0,4.0,1.0,1.0,0.44811,0.37026,6.98714,1.0,0.0,0
1562.0,1561.0,363.0,24.1,15.0,0.25208,0.10884,468.48,81.09,0.0,552.0,1.0,0.0,0.0,0.39834,0.33528,4.40784,0.0,0.0,0
1563.0,1562.0,96.0,35.65,19.0,0.20768,0.33513,693.4,10.4,1.0,1917.0,3.0,0.0,1.0,0.73658,0.55192,2.43321,0.0,0.0,0
1564.0,1563.0,124.0,58.81,19.0,0.55817,0.12153,64.46,19.06,0.0,60.0,2.0,0.0,1.0,1.54867,0.93557,2.9986,0.0,0.0,0
1565.0,1564.0,63.0,67.2,13.0,0.45764,0.12469,206.52,5.1,0.0,636.0,2.0,0.0,1.0,0.59381,0.46613,1.80835,0.0,0.0,0
1566.0,1565.0,180.0,302.15,16.0,0.11341,0.1326,352.68,26.47,0.0,1211.0,0.0,0.0,1.0,4.13228,1.63555,3.31313,0.0,0.0,0
1567.0,1566.0,356.0,25.41,12.0,0.20386,0.04425,744.19,1.46,1.0,413.0,1.0,0.0,1.0,0.68822,0.52368,0.90046,0.0,0.0,0
1568.0,1567.0,122.0,12.88,8.0,0.13981,0.13552,417.86,17.15,1.0,1135.0,3.0,0.0,0.0,0.87315,0.62762,2.89862,0.0,0.0,0
1569.0,1568.0,416.0,365.85,9.0,0.51155,0.1668,28.93,1.3,3.0,737.0,4.0,0.0,0.0,2.44419,1.23669,0.83243,0.0,0.0,1
1570.0,1569.0,171.0,369.51,12.0,0.12822,0.02897,104.56,2.44,0.0,1418.0,2.0,0.0,1.0,13.30312,2.66048,1.23432,0.0,0.0,0
1571.0,1570.0,178.0,182.97,17.0,0.4969,0.18528,0.85,27.26,1.0,563.0,2.0,0.0,0.0,0.97662,0.68139,3.34147,0.0,1.0,0
1572.0,1571.0,274.0,39.86,12.0,0.3608,0.13112,236.12,4.84,0.0,571.0,2.0,0.0,1.0,0.29995,0.26232,1.76436,0.0,0.0,0
1573.0,1572.0,87.0,78.8,13.0,0.61743,0.04391,123.45,16.06,1.0,1015.0,3.0,0.0,1.0,0.68838,0.52377,2.83674,0.0,0.0,0
1574.0,1573.0,386.0,35.78,18.0,0.35748,0.1039,330.51,20.43,1.0,1740.0,1.0,0.0,1.0,1.38911,0.87092,3.06468,0.0,0.0,0
1575.0,1574.0,325.0,21.38,20.0,0.19722,0.32873,2.31,18.87,0.0,1576.0,4.0,0.0,0.0,0.73222,0.5494,2.98922,0.0,1.0,0
1576.0,1575.0,215.0,64.4,14.0,0.17966,0.25804,534.49,6.72,0.0,1529.0,0.0,0.0,0.0,1.5765,0.94643,2.04375,0.0,0.0,0
1577.0,1576.0,392.0,73.64,7.0,0.42727,0.23155,338.29,28.99,0.0,1316.0,1.0,0.0,1.0,1.09521,0.73965,3.40077,0.0,0.0,0
1578.0,1577.0,126.0,35.01,10.0,0.22538,0.07643,132.89,15.36,1.0,1167.0,2.0,0.0,1.0,0.68947,0.52442,2.7948,0.0,0.0,0
1579.0,1578.0,314.0,98.07,4.0,0.0933,0.25597,159.6,12.75,0.0,1324.0,0.0,0.0,0.0,2.83362,1.34381,2.62084,1.0,0.0,0
1580.0,1579.0,155.0,41.17,7.0,0.03574,0.04592,316.51,16.66,1.0,1161.0,2.0,0.0,1.0,0.71335,0.53845,2.87144,0.0,0.0,0
1581.0,1580.0,365.0,61.77,21.0,0.34771,0.24854,478.4,1.93,1.0,60.0,1.0,0.0,1.0,0.62405,0.48492,1.0767,0.0,0.0,0
1582.0,1581.0,207.0,265.16,16.0,0.2335,0.18248,290.59,5.06,0.0,304.0,4.0,0.0,0.0,5.43663,1.86201,1.80144,0.0,0.0,0
1583.0,1582.0,40.0,130.5,8.0,0.06536,0.31956,594.46,19.75,1.0,1992.0,2.0,0.0,1.0,1.48832,0.91161,3.03258,0.0,0.0,0
1584.0,1583.0,173.0,89.77,21.0,0.37142,0.13007,141.98,9.16,0.0,1982.0,2.0,0.0,1.0,2.81507,1.33896,2.3188,0.0,0.0,0
1585.0,1584.0,354.0,10.49,13.0,0.3816,0.16941,558.59,37.82,0.0,1115.0,3.0,0.0,1.0,0.39199,0.33074,3.65882,0.0,0.0,0
1586.0,1585.0,332.0,20.7,12.0,0.4351,0.03415,221.82,153.67,1.0,1585.0,5.0,1.0,0.0,0.46679,0.38308,5.04131,0.0,0.0,0
1587.0,1586.0,156.0,54.34,14.0,0.23715,0.04825,535.9,10.98,0.0,1986.0,3.0,0.0,0.0,1.00153,0.69391,2.48311,0.0,0.0,1
1588.0,1587.0,74.0,30.88,9.0,0.04186,0.15003,52.47,10.26,0.0,1555.0,3.0,0.0,0.0,0.52084,0.41927,2.42111,0.0,0.0,0
1589.0,1588.0,252.0,48.85,12.0,0.01435,0.20117,377.7,45.82,0.0,217.0,1.0,0.0,1.0,1.5497,0.93598,3.84631,0.0,0.0,0
1590.0,1589.0,259.0,58.02,8.0,0.13657,0.17597,72.75,49.54,0.0,789.0,2.0,0.0,1.0,2.24387,1.17677,3.92275,0.0,0.0,0
1591.0,1590.0,316.0,44.33,9.0,0.21723,0.09202,151.51,1.44,1.0,693.0,2.0,0.0,0.0,0.70017,0.53073,0.89382,0.0,0.0,0
1592.0,1591.0,46.0,43.22,18.0,0.17808,0.40748,3.09,71.34,0.0,281.0,4.0,1.0,0.0,1.3967,0.87409,4.28136,0.0,1.0,1
1593.0,1592.0,242.0,26.05,13.0,0.19984,0.0382,516.39,6.65,0.0,311.0,1.0,0.0,1.0,0.72781,0.54686,2.03516,0.0,0.0,0
1594.0,1593.0,347.0,324.93,15.0,0.28856,0.01,44.77,11.16,0.0,1085.0,5.0,0.0,0.0,1.34241,0.85118,2.49818,0.0,0.0,0
1595.0,1594.0,250.0,204.67,11.0,0.09387,0.10548,221.45,203.3,0.0,1017.0,1.0,1.0,1.0,3.69848,1.54724,5.3196,0.0,0.0,0
1596.0,1595.0,18.0,26.18,1.0,0.18655,0.07389,161.57,40.37,1.0,195.0,2.0,0.0,0.0,0.47045,0.38557,3.72253,1.0,0.0,1
1597.0,1596.0,179.0,25.35,11.0,0.42363,0.10927,275.19,32.17,0.0,1808.0,3.0,0.0,1.0,0.3639,0.31035,3.50168,0.0,0.0,0
1598.0,1597.0,22.0,194.79,12.0,0.13826,0.14157,554.27,23.4,2.0,1861.0,1.0,0.0,0.0,7.62108,2.15421,3.19475,0.0,0.0,0
1599.0,1598.0,68.0,88.76,13.0,0.53026,0.20772,78.03,16.37,0.0,475.0,3.0,0.0,1.0,0.83022,0.60444,2.85484,0.0,0.0,0
1600.0,1599.0,283.0,95.15,4.0,0.02426,0.13381,5.54,124.45,0.0,69.0,1.0,0.0,1.0,2.11565,1.13644,4.8319,1.0,1.0,0
1601.0,1600.0,4.0,130.14,14.0,0.13287,0.2699,3.59,25.02,0.0,1142.0,1.0,0.0,0.0,2.21886,1.16903,3.25884,0.0,1.0,0
1602.0,1601.0,50.0,33.34,19.0,0.18069,0.10351,61.48,14.08,0.0,1298.0,3.0,0.0,0.0,0.46108,0.37917,2.71317,0.0,0.0,0
1603.0,1602.0,391.0,56.99,15.0,0.24799,0.26729,110.38,38.26,1.0,234.0,1.0,0.0,1.0,0.86501,0.62327,3.67027,0.0,0.0,0
1604.0,1603.0,283.0,48.8,11.0,0.32642,0.26134,34.88,15.25,0.0,69.0,1.0,0.0,0.0,1.08513,0.73483,2.78783,0.0,0.0,0
1605.0,1604.0,171.0,60.07,12.0,0.1129,0.42431,62.49,40.97,0.0,1418.0,3.0,0.0,0.0,2.16262,1.1514,3.73696,0.0,0.0,0
1606.0,1605.0,284.0,33.35,11.0,0.15817,0.16689,747.74,12.31,1.0,427.0,2.0,0.0,1.0,1.15937,0.76982,2.58877,0.0,0.0,0
1607.0,1606.0,270.0,12.3,14.0,0.12941,0.11579,110.26,10.9,1.0,912.0,0.0,0.0,1.0,0.44995,0.37153,2.47662,0.0,0.0,0
1608.0,1607.0,158.0,22.57,12.0,0.49892,0.05278,646.08,12.85,2.0,1685.0,4.0,0.0,0.0,0.65798,0.5056,2.6285,0.0,0.0,0
1609.0,1608.0,232.0,55.33,8.0,0.26633,0.10284,553.33,5.54,0.0,532.0,1.0,0.0,1.0,1.01113,0.6987,1.8786,0.0,0.0,0
1610.0,1609.0,67.0,9.37,13.0,0.29438,0.10745,151.82,19.37,1.0,1146.0,3.0,0.0,0.0,0.69882,0.52993,3.01413,0.0,0.0,0
1611.0,1610.0,40.0,40.7,10.0,0.2636,0.13908,478.89,69.62,0.0,1992.0,2.0,0.0,1.0,0.46421,0.38132,4.25732,0.0,0.0,0
1612.0,1611.0,109.0,120.0,11.0,0.06988,0.28278,6.51,71.47,0.0,1723.0,4.0,0.0,1.0,2.15993,1.15055,4.28322,0.0,1.0,0
1613.0,1612.0,129.0,13.84,10.0,0.16826,0.24565,367.79,4.98,0.0,927.0,3.0,0.0,1.0,0.31709,0.27542,1.78817,0.0,0.0,0
1614.0,1613.0,333.0,84.99,11.0,0.06804,0.09314,84.32,16.99,0.0,489.0,6.0,0.0,1.0,1.12404,0.75332,2.88959,0.0,0.0,0
1615.0,1614.0,31.0,78.31,14.0,0.43791,0.08513,18.11,52.95,0.0,940.0,0.0,0.0,0.0,5.2076,1.82577,3.98806,0.0,0.0,1
1616.0,1615.0,21.0,111.09,3.0,0.08672,0.06454,90.95,30.39,0.0,1095.0,2.0,0.0,1.0,1.30394,0.83462,3.4465,1.0,0.0,0
1617.0,1616.0,319.0,29.58,12.0,0.32713,0.21938,62.96,16.03,0.0,1189.0,1.0,0.0,1.0,0.46955,0.38496,2.83506,0.0,0.0,0
1618.0,1617.0,253.0,15.93,11.0,0.09075,0.12042,515.19,20.17,0.0,1586.0,2.0,0.0,0.0,0.38136,0.32307,3.05263,0.0,0.0,0
1619.0,1618.0,147.0,98.74,8.0,0.36943,0.04039,304.04,10.2,0.0,214.0,4.0,0.0,0.0,0.83675,0.608,2.41586,0.0,0.0,0
1620.0,1619.0,411.0,59.27,8.0,0.05959,0.30325,309.33,62.5,2.0,1445.0,1.0,0.0,1.0,0.65658,0.50476,4.151,0.0,0.0,0
1621.0,1620.0,136.0,63.43,10.0,0.48699,0.15278,408.88,94.01,0.0,1185.0,2.0,1.0,0.0,0.63103,0.48921,4.554,0.0,0.0,0
1622.0,1621.0,199.0,43.27,17.0,0.54393,0.104,157.4,7.98,0.0,957.0,4.0,0.0,1.0,0.67976,0.51865,2.19492,0.0,0.0,0
1623.0,1622.0,299.0,61.68,8.0,0.31107,0.10326,431.51,18.44,1.0,1821.0,3.0,0.0,1.0,1.22556,0.80001,2.9671,0.0,0.0,0
1624.0,1623.0,307.0,26.38,15.0,0.07723,0.21986,592.53,7.83,0.0,2026.0,2.0,0.0,1.0,0.31303,0.27234,2.17837,0.0,0.0,0
1625.0,1624.0,35.0,65.44,4.0,0.22809,0.07841,4.7,4.82,0.0,224.0,1.0,0.0,0.0,1.39614,0.87386,1.76098,1.0,1.0,0
1626.0,1625.0,297.0,86.73,16.0,0.25267,0.12812,2.05,94.84,2.0,1797.0,3.0,0.0,1.0,0.47126,0.38612,4.56269,0.0,1.0,0
1627.0,1626.0,373.0,53.31,17.0,0.21466,0.41794,102.22,7.52,0.0,907.0,1.0,0.0,0.0,0.50186,0.4067,2.14257,0.0,0.0,0
1628.0,1627.0,65.0,64.58,9.0,0.33932,0.02096,246.41,5.36,1.0,1888.0,3.0,0.0,0.0,0.7021,0.53186,1.85053,0.0,0.0,0
1629.0,1628.0,394.0,98.25,11.0,0.14962,0.01059,142.1,8.69,0.0,2033.0,3.0,0.0,1.0,1.39779,0.87455,2.27123,0.0,0.0,0
1630.0,1629.0,27.0,148.8,10.0,0.34148,0.19459,74.6,39.87,0.0,1949.0,4.0,1.0,0.0,2.59489,1.27951,3.71035,0.0,0.0,1
1631.0,1630.0,149.0,621.75,21.0,0.54198,0.15879,7.36,20.31,1.0,651.0,3.0,0.0,0.0,9.63705,2.36434,3.05902,0.0,0.0,1
1632.0,1631.0,264.0,28.38,16.0,0.12227,0.06981,281.41,2.24,0.0,1841.0,2.0,0.0,0.0,1.33939,0.84989,1.17594,0.0,0.0,0
1633.0,1632.0,350.0,4144.02,11.0,0.03176,0.23082,196.78,155.41,0.0,1123.0,1.0,1.0,1.0,26.91159,3.32904,5.05249,0.0,0.0,1
1634.0,1633.0,310.0,95.24,14.0,0.05878,0.06754,711.07,13.02,0.0,516.0,2.0,0.0,1.0,2.19597,1.16189,2.64046,0.0,0.0,1
1635.0,1634.0,404.0,39.64,5.0,0.14354,0.2837,249.51,71.8,0.0,840.0,2.0,1.0,1.0,1.48887,0.91183,4.28767,1.0,0.0,0
1636.0,1635.0,22.0,241.05,16.0,0.3289,0.11642,281.56,49.55,2.0,1861.0,3.0,0.0,1.0,9.43094,2.34478,3.92306,0.0,0.0,0
1637.0,1636.0,281.0,50.64,13.0,0.2024,0.04355,49.12,6.91,0.0,2147.0,0.0,0.0,1.0,2.63361,1.29023,2.06787,0.0,0.0,0
1638.0,1637.0,352.0,163.82,6.0,0.42977,0.1088,49.87,4.55,1.0,1181.0,3.0,0.0,0.0,1.84539,1.0457,1.71462,0.0,0.0,0
1639.0,1638.0,366.0,269.67,10.0,0.06233,0.06214,849.83,3.25,1.0,794.0,1.0,0.0,1.0,9.89326,2.38814,1.44614,0.0,0.0,0
1640.0,1639.0,264.0,58.26,5.0,0.12883,0.21525,49.3,73.26,0.0,1841.0,1.0,0.0,1.0,2.74901,1.32149,4.30751,1.0,0.0,0
1641.0,1640.0,145.0,29.88,9.0,0.12792,0.15561,355.75,3.16,1.0,1658.0,2.0,0.0,0.0,0.74252,0.55533,1.42662,0.0,0.0,0
1642.0,1641.0,341.0,20.55,10.0,0.02547,0.12474,661.71,6.32,1.0,1560.0,1.0,0.0,1.0,0.39122,0.33018,1.99115,0.0,0.0,0
1643.0,1642.0,246.0,72.92,6.0,0.10724,0.09212,21.9,9.54,0.0,1513.0,0.0,0.0,0.0,1.38584,0.86955,2.35536,0.0,0.0,0
1644.0,1643.0,325.0,146.12,16.0,0.18892,0.1431,197.73,110.65,1.0,1576.0,2.0,0.0,1.0,5.00533,1.79265,4.71539,0.0,0.0,0
1645.0,1644.0,280.0,40.96,5.0,0.30786,0.4298,97.83,64.98,0.0,1448.0,0.0,1.0,0.0,1.49417,0.91396,4.18939,1.0,0.0,1
1646.0,1645.0,379.0,92.26,10.0,0.18052,0.17411,368.02,6.27,0.0,230.0,0.0,0.0,1.0,4.25844,1.65983,1.98323,0.0,0.0,1
1647.0,1646.0,133.0,33.71,5.0,0.27871,0.04661,553.93,165.98,1.0,1183.0,3.0,1.0,0.0,0.63453,0.49135,5.1179,1.0,0.0,0
1648.0,1647.0,274.0,239.08,11.0,0.14878,0.07874,282.71,10.52,1.0,571.0,1.0,0.0,0.0,1.79896,1.02925,2.4442,0.0,0.0,0
1649.0,1648.0,35.0,84.98,18.0,0.02869,0.17261,164.47,10.39,0.0,224.0,1.0,0.0,0.0,1.81301,1.03426,2.4326,0.0,0.0,0
1650.0,1649.0,412.0,58.14,7.0,0.25675,0.13924,602.12,34.54,0.0,243.0,0.0,0.0,0.0,0.99196,0.68912,3.57071,0.0,0.0,0
1651.0,1650.0,302.0,25.02,17.0,0.57536,0.1069,306.61,23.65,1.0,1172.0,2.0,0.0,0.0,0.34048,0.29303,3.20476,0.0,0.0,0
1652.0,1651.0,105.0,531.48,9.0,0.05769,0.14455,795.81,8.16,0.0,1540.0,0.0,0.0,0.0,3.12966,1.4182,2.21479,0.0,0.0,0
1653.0,1652.0,337.0,111.68,13.0,0.18451,0.04226,299.1,89.37,0.0,1228.0,2.0,0.0,0.0,2.83381,1.34386,4.50392,0.0,0.0,0
1654.0,1653.0,268.0,43.97,12.0,0.22967,0.3258,242.53,163.99,1.0,423.0,6.0,0.0,1.0,0.82739,0.60289,5.10591,0.0,0.0,0
1655.0,1654.0,46.0,92.12,15.0,0.20597,0.35855,266.27,16.45,0.0,281.0,2.0,0.0,0.0,2.97692,1.38051,2.85914,0.0,0.0,0
1656.0,1655.0,189.0,74.2,17.0,0.14913,0.09248,22.26,14.38,1.0,575.0,0.0,0.0,0.0,1.95844,1.08466,2.73292,0.0,0.0,0
1657.0,1656.0,184.0,64.39,17.0,0.21633,0.08728,914.97,9.14,1.0,1630.0,2.0,0.0,0.0,0.27292,0.24131,2.31641,0.0,0.0,0
1658.0,1657.0,242.0,28.73,13.0,0.01,0.18565,188.22,4.67,0.0,311.0,1.0,0.0,0.0,0.80288,0.58939,1.73588,0.0,0.0,0
1659.0,1658.0,248.0,46.35,15.0,0.05042,0.48415,67.28,6.76,1.0,1951.0,3.0,0.0,0.0,0.76368,0.5674,2.04942,0.0,0.0,0
1660.0,1659.0,231.0,3966.09,10.0,0.27469,0.02375,6.22,2.08,0.0,1188.0,1.0,0.0,0.0,20.3712,3.06204,1.12599,0.0,1.0,0
1661.0,1660.0,247.0,17.99,19.0,0.11158,0.1588,376.23,10.18,0.0,1577.0,2.0,0.0,0.0,1.00786,0.69707,2.41427,0.0,0.0,0
1662.0,1661.0,202.0,94.35,17.0,0.18132,0.15209,181.15,8.66,0.0,1329.0,0.0,0.0,1.0,1.12232,0.75251,2.26788,0.0,0.0,0
1663.0,1662.0,272.0,59.26,11.0,0.19899,0.17983,72.42,4.11,0.0,922.0,0.0,0.0,1.0,1.2371,0.80518,1.63068,0.0,0.0,0
1664.0,1663.0,210.0,66.63,15.0,0.29105,0.29172,192.1,8.99,0.0,471.0,2.0,0.0,1.0,1.06331,0.72431,2.30162,0.0,0.0,0
1665.0,1664.0,37.0,52.77,15.0,0.1224,0.18163,180.46,16.14,1.0,1840.0,0.0,0.0,1.0,1.35635,0.85711,2.8414,0.0,0.0,0
1666.0,1665.0,353.0,39.22,10.0,0.39898,0.06365,240.6,31.11,1.0,1053.0,2.0,0.0,1.0,0.96961,0.67784,3.46913,0.0,0.0,0
1667.0,1666.0,110.0,87.82,15.0,0.43218,0.12445,165.67,19.46,0.0,1886.0,2.0,0.0,0.0,1.79358,1.02733,3.0185,0.0,0.0,0
1668.0,1667.0,135.0,103.26,14.0,0.12621,0.08726,18.55,38.7,0.0,1091.0,2.0,0.0,0.0,2.69258,1.30633,3.68143,0.0,0.0,0
1669.0,1668.0,142.0,126.45,10.0,0.30499,0.25699,312.04,7.17,0.0,1675.0,3.0,0.0,0.0,0.85694,0.61893,2.10046,0.0,0.0,0
1670.0,1669.0,22.0,25.83,14.0,0.15892,0.01302,618.46,10.26,1.0,1861.0,1.0,0.0,0.0,1.01052,0.69839,2.42085,0.0,0.0,0
1671.0,1670.0,28.0,35.71,16.0,0.17852,0.18593,394.77,6.4,0.0,826.0,0.0,0.0,0.0,0.72386,0.54457,2.0009,0.0,0.0,0
1672.0,1671.0,125.0,92.85,12.0,0.30134,0.30089,263.52,7.56,2.0,520.0,1.0,0.0,0.0,1.3868,0.86995,2.14702,0.0,0.0,0
1673.0,1672.0,101.0,13.33,16.0,0.11696,0.02508,250.05,4.59,2.0,167.0,5.0,0.0,1.0,0.33729,0.29065,1.72178,0.0,0.0,0
1674.0,1673.0,213.0,42.9,16.0,0.4841,0.09883,83.04,12.14,1.0,1047.0,1.0,0.0,0.0,1.05721,0.72135,2.57531,0.0,0.0,0
1675.0,1674.0,349.0,224.5,8.0,0.08405,0.01,351.95,25.67,0.0,2005.0,0.0,0.0,1.0,1.46499,0.90219,3.28353,0.0,0.0,0
1676.0,1675.0,340.0,83.0,14.0,0.1717,0.03686,4.19,161.73,0.0,1090.0,0.0,1.0,1.0,1.05546,0.7205,5.09211,0.0,1.0,0
1677.0,1676.0,26.0,36.15,13.0,0.3026,0.02448,350.75,5.3,0.0,325.0,1.0,0.0,0.0,0.96378,0.67487,1.83998,0.0,0.0,0
1678.0,1677.0,101.0,196.29,6.0,0.03649,0.23435,278.52,2.01,2.0,167.0,1.0,0.0,1.0,4.9651,1.78593,1.10337,0.0,0.0,0
1679.0,1678.0,221.0,160.15,18.0,0.21133,0.05798,459.84,367.44,0.0,110.0,2.0,1.0,0.0,2.17377,1.15492,5.90928,0.0,0.0,0
1680.0,1679.0,85.0,93.6,14.0,0.07662,0.02783,393.5,6.77,0.0,1815.0,0.0,0.0,1.0,3.9122,1.59172,2.05009,0.0,0.0,0
1681.0,1680.0,312.0,58.76,16.0,0.42333,0.01772,87.36,7.94,0.0,748.0,2.0,0.0,0.0,0.47157,0.38633,2.19082,0.0,0.0,0
1682.0,1681.0,391.0,49.81,8.0,0.48551,0.38169,77.94,0.81,3.0,234.0,1.0,0.0,0.0,0.75608,0.56308,0.59087,0.0,0.0,0
1683.0,1682.0,20.0,238.71,4.0,0.4371,0.43697,23.63,6.01,1.0,50.0,4.0,0.0,0.0,1.41257,0.88069,1.94741,1.0,0.0,1
1684.0,1683.0,185.0,17.45,11.0,0.58869,0.12205,240.8,4.66,1.0,1619.0,4.0,0.0,1.0,0.29583,0.25915,1.73383,0.0,0.0,0
1685.0,1684.0,144.0,61.09,15.0,0.29952,0.04448,285.24,134.44,1.0,153.0,4.0,1.0,0.0,0.82094,0.59935,4.90852,0.0,0.0,0
1686.0,1685.0,123.0,59.44,19.0,0.42664,0.16576,2.13,11.78,1.0,414.0,1.0,0.0,0.0,1.04006,0.71298,2.54761,0.0,1.0,1
1687.0,1686.0,160.0,1769.11,10.0,0.42011,0.43808,33.83,151.25,1.0,626.0,4.0,1.0,1.0,12.60296,2.61029,5.02554,0.0,0.0,1
1688.0,1687.0,40.0,70.83,14.0,0.3607,0.37371,6.98,13.29,3.0,1992.0,3.0,0.0,0.0,0.80779,0.5921,2.65953,0.0,1.0,0
1689.0,1688.0,309.0,22.23,7.0,0.2279,0.10458,669.27,3.34,0.0,1963.0,2.0,0.0,1.0,0.90377,0.64384,1.46769,0.0,0.0,0
1690.0,1689.0,235.0,21.27,18.0,0.3513,0.27297,172.59,34.77,0.0,1659.0,3.0,0.0,1.0,0.55735,0.44299,3.57702,0.0,0.0,0
1691.0,1690.0,237.0,35.44,10.0,0.54354,0.04674,540.12,42.49,1.0,1485.0,2.0,0.0,1.0,0.74359,0.55594,3.77258,0.0,0.0,0
1692.0,1691.0,387.0,32.46,11.0,0.15399,0.23746,841.71,12.0,1.0,638.0,2.0,0.0,1.0,1.03222,0.70913,2.56464,0.0,0.0,0
1693.0,1692.0,263.0,12.95,13.0,0.32089,0.16112,417.83,9.65,1.0,975.0,2.0,0.0,1.0,0.32001,0.27764,2.36598,0.0,0.0,0
1694.0,1693.0,250.0,49.15,6.0,0.50478,0.24612,329.25,34.9,1.0,1017.0,3.0,0.0,0.0,0.88817,0.63561,3.58075,0.0,0.0,0
1695.0,1694.0,33.0,165.3,15.0,0.47393,0.06894,145.21,15.6,0.0,1939.0,3.0,0.0,0.0,0.96877,0.67741,2.80917,0.0,0.0,0
1696.0,1695.0,325.0,19.7,5.0,0.19214,0.13892,389.83,18.83,1.0,1576.0,1.0,0.0,1.0,0.67483,0.51571,2.98699,1.0,0.0,1
1697.0,1696.0,101.0,30.03,11.0,0.17706,0.01039,201.63,21.84,0.0,167.0,5.0,0.0,0.0,0.75958,0.56508,3.12841,0.0,0.0,0
1698.0,1697.0,141.0,41.62,16.0,0.09147,0.25589,533.75,11.08,0.0,1788.0,2.0,0.0,0.0,0.8274,0.6029,2.4915,0.0,0.0,0
1699.0,1698.0,336.0,17.16,14.0,0.16669,0.15241,582.28,2.95,0.0,1874.0,2.0,0.0,0.0,0.44446,0.36773,1.37421,0.0,0.0,0
1700.0,1699.0,356.0,28.86,17.0,0.45071,0.01787,476.82,8.54,1.0,413.0,3.0,0.0,1.0,0.78186,0.57766,2.25581,0.0,0.0,0
1701.0,1700.0,186.0,16.8,8.0,0.2162,0.04881,230.68,73.44,1.0,1076.0,2.0,1.0,1.0,0.59394,0.46621,4.31005,0.0,0.0,0
1702.0,1701.0,193.0,5.34,6.0,0.26894,0.2015,202.67,72.17,2.0,137.0,2.0,1.0,0.0,0.66697,0.51101,4.29275,0.0,0.0,0
1703.0,1702.0,267.0,1231.46,16.0,0.30867,0.30845,45.69,55.94,0.0,820.0,2.0,1.0,1.0,9.03284,2.30586,4.04208,0.0,0.0,1
1704.0,1703.0,301.0,64.29,11.0,0.34325,0.07287,1.53,33.47,0.0,485.0,1.0,0.0,1.0,2.41557,1.22834,3.54018,0.0,1.0,1
1705.0,1704.0,314.0,68.97,18.0,0.34607,0.06244,205.21,53.48,0.0,1324.0,2.0,0.0,1.0,1.99285,1.09623,3.99784,0.0,0.0,0
1706.0,1705.0,298.0,6.42,17.0,0.59376,0.27043,4.77,4.02,0.0,1486.0,3.0,0.0,0.0,0.2676,0.23713,1.61299,0.0,1.0,0
1707.0,1706.0,409.0,64.56,6.0,0.19294,0.06699,3.47,13.46,0.0,1009.0,2.0,0.0,1.0,1.59397,0.95319,2.6716,0.0,1.0,0
1708.0,1707.0,168.0,15.23,7.0,0.11447,0.27811,90.36,7.27,0.0,740.0,2.0,0.0,1.0,0.44974,0.37138,2.11241,0.0,0.0,0
1709.0,1708.0,399.0,52.88,12.0,0.37786,0.12441,362.65,17.04,0.0,326.0,2.0,0.0,0.0,1.44568,0.89432,2.89263,0.0,0.0,0
1710.0,1709.0,252.0,98.79,5.0,0.14644,0.33355,409.3,11.93,0.0,217.0,0.0,0.0,0.0,3.13407,1.41926,2.55945,1.0,0.0,0
1711.0,1710.0,308.0,25.68,17.0,0.51728,0.10091,86.96,17.44,1.0,534.0,3.0,0.0,1.0,0.40134,0.33743,2.91439,0.0,0.0,0
1712.0,1711.0,33.0,97.6,10.0,0.18322,0.23828,278.5,8.21,0.0,1939.0,2.0,0.0,0.0,0.57202,0.45236,2.22059,0.0,0.0,0
1713.0,1712.0,112.0,51.97,16.0,0.04076,0.01,200.11,19.28,0.0,1102.0,2.0,0.0,1.0,0.53314,0.42732,3.00956,0.0,0.0,0
1714.0,1713.0,231.0,441.35,14.0,0.21024,0.32097,4.08,2.67,1.0,1188.0,2.0,0.0,1.0,2.26695,1.18386,1.30032,0.0,1.0,1
1715.0,1714.0,98.0,8.51,5.0,0.35137,0.05465,187.06,166.32,0.0,208.0,2.0,1.0,1.0,0.32894,0.28438,5.11991,1.0,0.0,0
1716.0,1715.0,167.0,94.4,14.0,0.20483,0.10009,143.01,93.9,0.0,1471.0,4.0,1.0,1.0,2.1121,1.1353,4.55281,0.0,0.0,0
1717.0,1716.0,4.0,19.56,12.0,0.36876,0.18042,2.5,3.65,2.0,1142.0,2.0,0.0,1.0,0.33345,0.28777,1.53693,0.0,1.0,0
1718.0,1717.0,258.0,37.43,17.0,0.18055,0.11614,249.81,42.63,0.0,1488.0,1.0,0.0,0.0,0.77801,0.57549,3.77582,0.0,0.0,0
1719.0,1718.0,33.0,112.67,9.0,0.38141,0.01,119.19,8.76,2.0,1939.0,3.0,0.0,0.0,0.66034,0.50702,2.27834,0.0,0.0,0
1720.0,1719.0,153.0,28.38,7.0,0.49558,0.01,41.69,66.25,1.0,2084.0,4.0,1.0,1.0,0.84186,0.61077,4.20838,0.0,0.0,0
1721.0,1720.0,213.0,15.12,7.0,0.15342,0.06128,63.29,64.03,2.0,1047.0,3.0,0.0,1.0,0.37253,0.31666,4.17483,0.0,0.0,0
1722.0,1721.0,351.0,242.64,8.0,0.12201,0.15558,790.7,32.35,1.0,1619.0,1.0,0.0,0.0,3.21147,1.43781,3.50697,0.0,0.0,0
1723.0,1722.0,398.0,32.77,13.0,0.36068,0.26829,98.88,18.06,1.0,2173.0,1.0,0.0,1.0,0.70396,0.53295,2.94763,0.0,0.0,0
1724.0,1723.0,43.0,97.56,17.0,0.52982,0.07659,117.44,22.69,4.0,637.0,5.0,0.0,1.0,1.42237,0.88475,3.16504,0.0,0.0,1
1725.0,1724.0,70.0,17.02,3.0,0.2833,0.10681,672.94,40.41,1.0,2097.0,2.0,0.0,1.0,0.52456,0.42171,3.72363,1.0,0.0,0
1726.0,1725.0,321.0,84.91,16.0,0.15597,0.39343,6.11,23.59,3.0,1705.0,3.0,0.0,1.0,1.20254,0.78961,3.2023,0.0,1.0,0
1727.0,1726.0,160.0,241.03,14.0,0.46716,0.23798,15.34,13.37,0.0,626.0,2.0,0.0,1.0,1.71708,0.99956,2.66547,0.0,0.0,0
1728.0,1727.0,307.0,56.66,17.0,0.38512,0.03879,493.15,6.66,0.0,2026.0,3.0,0.0,1.0,0.6724,0.51426,2.03537,0.0,0.0,0
1729.0,1728.0,413.0,133.84,12.0,0.4885,0.28004,290.28,9.22,1.0,1692.0,3.0,0.0,1.0,1.09781,0.7409,2.32439,0.0,0.0,0
1730.0,1729.0,368.0,37.94,4.0,0.05589,0.13273,151.11,24.51,1.0,578.0,6.0,0.0,0.0,0.77955,0.57636,3.2391,1.0,0.0,1
1731.0,1730.0,318.0,294.23,20.0,0.1504,0.06948,345.25,13.26,0.0,866.0,0.0,0.0,0.0,3.54683,1.51443,2.65748,0.0,0.0,0
1732.0,1731.0,370.0,59.15,8.0,0.28226,0.0165,402.74,26.26,0.0,49.0,1.0,0.0,1.0,2.38626,1.21973,3.30525,0.0,0.0,0
1733.0,1732.0,259.0,38.83,17.0,0.34759,0.11869,103.19,6.46,1.0,789.0,3.0,0.0,1.0,1.50153,0.9169,2.00913,0.0,0.0,0
1734.0,1733.0,120.0,36.22,2.0,0.53585,0.01095,293.87,2.56,2.0,1861.0,1.0,0.0,0.0,0.6039,0.47244,1.26907,1.0,0.0,0
1735.0,1734.0,338.0,30.47,11.0,0.23121,0.21122,4.48,7.4,1.0,1230.0,2.0,0.0,0.0,0.25327,0.22575,2.12863,0.0,1.0,1
1736.0,1735.0,411.0,194.38,10.0,0.14273,0.04501,6.78,87.8,1.0,1445.0,2.0,0.0,0.0,2.15322,1.14842,4.48641,0.0,1.0,1
1737.0,1736.0,82.0,6.83,7.0,0.26642,0.24,86.82,35.54,0.0,439.0,4.0,0.0,1.0,0.43712,0.36264,3.59838,0.0,0.0,0
1738.0,1737.0,392.0,87.26,5.0,0.5758,0.07886,557.39,12.29,3.0,1316.0,2.0,0.0,1.0,1.29783,0.83197,2.58673,1.0,0.0,0
1739.0,1738.0,261.0,26.42,11.0,0.0724,0.16438,156.2,1.86,1.0,539.0,2.0,0.0,0.0,1.04486,0.71533,1.04944,0.0,0.0,0
1740.0,1739.0,33.0,154.39,11.0,0.32328,0.31962,555.04,6.34,0.0,1939.0,0.0,0.0,1.0,0.90484,0.6444,1.99364,0.0,0.0,0
1741.0,1740.0,195.0,6.06,13.0,0.23968,0.30766,195.84,1.94,0.0,1472.0,2.0,0.0,0.0,0.49658,0.40318,1.0799,0.0,0.0,0
1742.0,1741.0,268.0,181.28,13.0,0.2767,0.22631,333.64,51.41,0.0,423.0,1.0,1.0,1.0,3.41135,1.48418,3.95912,0.0,0.0,0
1743.0,1742.0,352.0,1709.96,12.0,0.3547,0.03003,56.01,8.63,0.0,1181.0,1.0,0.0,1.0,19.26275,3.00878,2.26526,0.0,0.0,0
1744.0,1743.0,92.0,35.73,15.0,0.20652,0.18815,811.78,0.91,0.0,83.0,4.0,0.0,0.0,1.10971,0.74655,0.646,0.0,0.0,0
1745.0,1744.0,376.0,33.8,9.0,0.16515,0.15381,6.48,10.8,0.0,462.0,0.0,0.0,0.0,0.48034,0.39227,2.46782,0.0,1.0,0
1746.0,1745.0,368.0,25.56,18.0,0.2659,0.07652,4.84,17.0,3.0,578.0,3.0,0.0,1.0,0.52526,0.42216,2.89015,0.0,1.0,0
1747.0,1746.0,247.0,4.86,15.0,0.30406,0.09243,191.11,25.65,0.0,1577.0,6.0,0.0,1.0,0.27238,0.24089,3.28291,0.0,0.0,0
1748.0,1747.0,330.0,78.46,15.0,0.12704,0.2452,226.38,30.07,0.0,1086.0,0.0,0.0,0.0,0.7225,0.54377,3.43622,0.0,0.0,0
1749.0,1748.0,386.0,12.13,15.0,0.50234,0.1236,897.29,48.25,0.0,1740.0,4.0,0.0,1.0,0.47085,0.38584,3.89694,0.0,0.0,0
1750.0,1749.0,413.0,69.55,11.0,0.12999,0.17982,486.1,11.7,0.0,1692.0,1.0,0.0,1.0,0.57053,0.45141,2.54143,0.0,0.0,0
1751.0,1750.0,377.0,36.48,10.0,0.25638,0.25224,792.73,10.02,2.0,616.0,4.0,0.0,1.0,0.37766,0.32039,2.40014,0.0,0.0,0
1752.0,1751.0,409.0,36.32,14.0,0.18462,0.10208,338.94,22.06,0.0,1009.0,0.0,0.0,1.0,0.89676,0.64014,3.13808,0.0,0.0,0
1753.0,1752.0,246.0,85.46,9.0,0.09241,0.06117,25.97,3.23,3.0,1513.0,3.0,0.0,1.0,1.6243,0.96481,1.44279,0.0,0.0,0
1754.0,1753.0,10.0,109.33,21.0,0.2675,0.408,312.91,18.77,0.0,1497.0,1.0,0.0,1.0,2.53855,1.26372,2.98439,0.0,0.0,0
1755.0,1754.0,256.0,215.39,15.0,0.29959,0.03121,124.55,105.3,0.0,1545.0,4.0,1.0,1.0,1.93038,1.07513,4.66628,0.0,0.0,1
1756.0,1755.0,114.0,54.05,13.0,0.28784,0.22834,182.13,39.67,0.0,1334.0,0.0,0.0,0.0,1.12926,0.75577,3.70543,0.0,0.0,0
1757.0,1756.0,118.0,23.43,2.0,0.19448,0.14682,227.11,70.31,0.0,73.0,0.0,0.0,0.0,0.27759,0.24498,4.26705,1.0,0.0,0
1758.0,1757.0,62.0,30.81,15.0,0.15594,0.07047,217.69,2.61,0.0,424.0,1.0,0.0,1.0,0.92248,0.65361,1.28504,0.0,0.0,0
1759.0,1758.0,196.0,22.88,16.0,0.13626,0.34335,93.6,13.0,0.0,1865.0,2.0,0.0,1.0,0.61704,0.48059,2.63917,0.0,0.0,0
1760.0,1759.0,360.0,6.06,12.0,0.2071,0.01931,979.14,6.8,0.0,2194.0,1.0,0.0,1.0,0.32308,0.27997,2.05403,0.0,0.0,0
1761.0,1760.0,180.0,146.58,15.0,0.16626,0.14976,250.33,7.67,0.0,1211.0,0.0,0.0,1.0,2.00471,1.10018,2.16015,0.0,0.0,0
1762.0,1761.0,349.0,143.26,16.0,0.08033,0.09062,241.75,28.73,0.0,2005.0,0.0,0.0,0.0,0.93486,0.66003,3.39204,0.0,0.0,0
1763.0,1762.0,366.0,136.96,16.0,0.17836,0.22053,626.23,12.0,0.0,794.0,1.0,0.0,1.0,5.02462,1.79585,2.56502,0.0,0.0,0
1764.0,1763.0,357.0,70.45,6.0,0.11938,0.15117,165.05,18.7,0.0,566.0,1.0,0.0,1.0,1.41077,0.87995,2.98084,0.0,0.0,0
1765.0,1764.0,244.0,37.5,10.0,0.07212,0.41469,158.62,4.27,0.0,1923.0,0.0,0.0,0.0,0.98305,0.68464,1.66112,0.0,0.0,0
1766.0,1765.0,47.0,6.18,18.0,0.17165,0.15077,36.58,8.26,2.0,1011.0,3.0,0.0,1.0,0.70583,0.53405,2.22557,0.0,0.0,0
1767.0,1766.0,61.0,39.07,15.0,0.14507,0.22361,505.63,4.84,0.0,1496.0,2.0,0.0,1.0,0.77083,0.57145,1.76397,0.0,0.0,0
1768.0,1767.0,93.0,112.34,11.0,0.57643,0.41338,188.57,8.63,0.0,1443.0,0.0,0.0,0.0,1.73815,1.00728,2.26447,0.0,0.0,0
1769.0,1768.0,94.0,25.32,14.0,0.13323,0.11859,135.82,12.39,0.0,906.0,3.0,0.0,1.0,0.65835,0.50582,2.59448,0.0,0.0,0
1770.0,1769.0,24.0,104.14,10.0,0.15466,0.09948,716.74,5.24,0.0,817.0,1.0,0.0,1.0,3.52853,1.5104,1.83144,0.0,0.0,0
1771.0,1770.0,271.0,156.98,13.0,0.36794,0.13558,93.03,11.09,1.0,1626.0,3.0,0.0,0.0,1.2566,0.81386,2.49203,0.0,0.0,0
1772.0,1771.0,147.0,79.28,18.0,0.18168,0.08267,307.22,45.5,2.0,214.0,1.0,0.0,0.0,0.67183,0.51392,3.83947,0.0,0.0,0
1773.0,1772.0,83.0,149.93,11.0,0.55187,0.12694,86.18,23.45,1.0,1023.0,3.0,0.0,0.0,2.66919,1.29997,3.19675,0.0,0.0,0
1774.0,1773.0,184.0,1201.42,17.0,0.21626,0.22601,283.52,6.54,0.0,1630.0,0.0,0.0,1.0,5.09238,1.80704,2.01962,0.0,0.0,0
1775.0,1774.0,210.0,50.11,17.0,0.19028,0.09249,187.31,41.48,0.0,471.0,2.0,0.0,0.0,0.7996,0.58757,3.74907,0.0,0.0,0
1776.0,1775.0,81.0,54.47,20.0,0.03766,0.05961,285.27,83.67,0.0,1575.0,1.0,1.0,0.0,0.73397,0.55041,4.43872,0.0,0.0,0
1777.0,1776.0,5.0,37.42,12.0,0.59516,0.07278,117.29,24.36,0.0,1734.0,3.0,0.0,1.0,0.48259,0.39379,3.23327,0.0,0.0,0
1778.0,1777.0,313.0,44.39,15.0,0.3433,0.24564,552.67,2.26,0.0,229.0,3.0,0.0,0.0,1.87226,1.0551,1.18217,0.0,0.0,0
1779.0,1778.0,292.0,89.98,15.0,0.04958,0.0676,72.73,5.75,1.0,742.0,2.0,0.0,0.0,1.24273,0.80769,1.90907,0.0,0.0,1
1780.0,1779.0,147.0,132.2,11.0,0.37353,0.0224,159.94,41.35,0.0,214.0,4.0,0.0,0.0,1.12027,0.75154,3.746,0.0,0.0,0
1781.0,1780.0,74.0,88.35,14.0,0.39541,0.01,2.28,42.5,2.0,1555.0,8.0,0.0,1.0,1.49014,0.91234,3.77287,0.0,1.0,1
1782.0,1781.0,176.0,94.6,8.0,0.13768,0.03416,248.03,107.56,2.0,1175.0,3.0,1.0,1.0,1.78672,1.02487,4.68733,0.0,0.0,0
1783.0,1782.0,16.0,541.95,9.0,0.07079,0.3644,579.73,3.43,0.0,1013.0,1.0,0.0,1.0,10.48834,2.44133,1.48736,0.0,0.0,1
1784.0,1783.0,271.0,64.45,19.0,0.19119,0.12672,4.3,4.65,0.0,1626.0,2.0,0.0,1.0,0.51591,0.41601,1.73243,0.0,1.0,0
1785.0,1784.0,226.0,25.9,10.0,0.11608,0.17887,292.29,10.74,1.0,1331.0,0.0,0.0,1.0,0.82012,0.5989,2.46263,0.0,0.0,0
1786.0,1785.0,265.0,14.73,11.0,0.45891,0.08019,222.73,43.07,0.0,1924.0,3.0,0.0,1.0,0.81265,0.59479,3.78572,0.0,0.0,0
1787.0,1786.0,284.0,34.95,14.0,0.1452,0.21112,443.75,11.19,0.0,427.0,1.0,0.0,1.0,1.21481,0.79517,2.50023,0.0,0.0,0
1788.0,1787.0,396.0,29.69,11.0,0.31644,0.3213,63.58,9.96,0.0,1942.0,1.0,0.0,1.0,0.9458,0.66567,2.39432,0.0,0.0,0
1789.0,1788.0,389.0,153.44,11.0,0.29561,0.29728,573.82,33.6,1.0,140.0,3.0,0.0,0.0,3.80385,1.56942,3.54373,0.0,0.0,0
1790.0,1789.0,320.0,64.1,17.0,0.05893,0.05248,52.41,40.73,1.0,1666.0,0.0,0.0,1.0,1.28462,0.8262,3.73113,0.0,0.0,1
1791.0,1790.0,35.0,21.48,13.0,0.34529,0.10681,253.84,3.27,1.0,224.0,0.0,0.0,1.0,0.45831,0.37728,1.4525,0.0,0.0,0
1792.0,1791.0,4.0,118.32,12.0,0.23439,0.06347,5.82,21.92,0.0,1142.0,1.0,0.0,1.0,2.01737,1.10438,3.13197,0.0,1.0,0
1793.0,1792.0,142.0,55.65,10.0,0.26009,0.08341,402.1,15.54,2.0,1675.0,3.0,0.0,1.0,0.37717,0.32003,2.8055,0.0,0.0,0
1794.0,1793.0,99.0,26.29,2.0,0.19225,0.03177,379.3,4.72,0.0,1555.0,1.0,0.0,0.0,0.77055,0.57129,1.74406,1.0,0.0,0
1795.0,1794.0,267.0,121.21,14.0,0.22463,0.06805,62.77,4.79,0.0,820.0,1.0,0.0,1.0,0.88912,0.63611,1.75561,0.0,0.0,0
1796.0,1795.0,352.0,117.21,15.0,0.09611,0.1046,44.9,234.88,1.0,1181.0,3.0,1.0,1.0,1.32039,0.84173,5.46333,0.0,0.0,0
1797.0,1796.0,373.0,30.34,11.0,0.301,0.35289,111.12,79.02,0.0,907.0,2.0,0.0,1.0,0.28565,0.25126,4.38232,0.0,0.0,0
1798.0,1797.0,255.0,283.59,8.0,0.12528,0.03791,348.89,8.82,0.0,1608.0,1.0,0.0,0.0,2.62866,1.28886,2.28483,0.0,0.0,0
1799.0,1798.0,133.0,39.47,15.0,0.22838,0.10973,313.82,5.21,0.0,1183.0,5.0,0.0,0.0,0.74301,0.55561,1.82635,0.0,0.0,0
1800.0,1799.0,217.0,186.78,17.0,0.14068,0.20287,180.04,20.47,1.0,213.0,2.0,0.0,1.0,1.44797,0.89526,3.06658,0.0,0.0,0
1801.0,1800.0,301.0,6.43,7.0,0.52447,0.17702,261.33,9.55,1.0,485.0,3.0,0.0,1.0,0.24168,0.21647,2.356,0.0,0.0,0
1802.0,1801.0,273.0,777.93,5.0,0.11037,0.13723,133.69,8.44,0.0,601.0,1.0,0.0,1.0,4.80097,1.75802,2.24519,1.0,0.0,0
1803.0,1802.0,299.0,41.35,17.0,0.3443,0.12563,668.06,12.75,0.0,1821.0,1.0,0.0,1.0,0.82161,0.59972,2.62138,0.0,0.0,0
1804.0,1803.0,398.0,22.44,18.0,0.10749,0.37664,111.2,22.6,0.0,2173.0,1.0,0.0,1.0,0.48208,0.39345,3.16105,0.0,0.0,0
1805.0,1804.0,92.0,111.53,11.0,0.19612,0.2524,275.04,15.18,0.0,83.0,0.0,0.0,1.0,3.46354,1.49594,2.78408,0.0,0.0,0
1806.0,1805.0,319.0,50.11,15.0,0.34002,0.28252,160.39,750.76,0.0,1189.0,3.0,1.0,1.0,0.79541,0.58524,6.62242,0.0,0.0,0
1807.0,1806.0,57.0,28.01,9.0,0.25962,0.18853,3.16,9.82,3.0,1136.0,2.0,0.0,0.0,1.12067,0.75173,2.38143,0.0,1.0,0
1808.0,1807.0,226.0,43.32,13.0,0.22686,0.13553,515.26,24.29,3.0,1331.0,2.0,0.0,1.0,1.372,0.86373,3.2306,0.0,0.0,0
1809.0,1808.0,379.0,500.24,8.0,0.28596,0.02325,300.0,20.61,0.0,230.0,1.0,0.0,0.0,23.08906,3.18176,3.07328,0.0,0.0,0
1810.0,1809.0,59.0,97.56,8.0,0.22535,0.1425,627.92,4.83,1.0,42.0,2.0,0.0,0.0,1.60388,0.957,1.76313,0.0,0.0,0
1811.0,1810.0,230.0,104.65,17.0,0.3842,0.13194,251.81,6.69,0.0,1266.0,0.0,0.0,1.0,1.29129,0.82912,2.04034,0.0,0.0,0
1812.0,1811.0,165.0,48.1,4.0,0.45488,0.10517,672.09,7.03,1.0,1180.0,2.0,0.0,1.0,0.73703,0.55218,2.08283,1.0,0.0,0
1813.0,1812.0,223.0,14.0,16.0,0.51648,0.04855,69.68,14.1,1.0,28.0,3.0,0.0,0.0,0.3515,0.30122,2.71456,0.0,0.0,0
1814.0,1813.0,259.0,15.76,14.0,0.45717,0.03671,147.44,3.22,2.0,789.0,5.0,0.0,1.0,0.60938,0.47585,1.4403,0.0,0.0,0
1815.0,1814.0,158.0,22.89,16.0,0.21115,0.13605,6.09,25.1,0.0,1685.0,1.0,0.0,1.0,0.66718,0.51113,3.26208,0.0,1.0,0
1816.0,1815.0,123.0,53.31,20.0,0.05762,0.15887,187.27,29.68,1.0,414.0,2.0,0.0,0.0,0.93284,0.65899,3.42361,0.0,0.0,0
1817.0,1816.0,253.0,32.69,11.0,0.30416,0.10875,545.9,3.91,3.0,1586.0,4.0,0.0,0.0,0.78247,0.578,1.5918,0.0,0.0,0
1818.0,1817.0,45.0,20.32,12.0,0.74218,0.20344,218.4,13.19,0.0,647.0,3.0,0.0,0.0,0.36156,0.30863,2.65235,0.0,0.0,0
1819.0,1818.0,38.0,35.17,4.0,0.51152,0.08931,495.82,8.23,2.0,311.0,7.0,0.0,1.0,0.88885,0.63597,2.22256,1.0,0.0,0
1820.0,1819.0,367.0,117.57,16.0,0.25689,0.29098,73.83,24.95,0.0,1754.0,4.0,0.0,1.0,1.64791,0.97377,3.25599,0.0,0.0,0
1821.0,1820.0,275.0,23.88,15.0,0.36345,0.33582,46.25,7.48,2.0,327.0,3.0,0.0,1.0,0.45992,0.37838,2.13724,0.0,0.0,0
1822.0,1821.0,346.0,446.6,14.0,0.40781,0.06925,164.11,16.39,0.0,2186.0,1.0,0.0,0.0,3.16407,1.42649,2.85561,0.0,0.0,0
1823.0,1822.0,10.0,94.29,1.0,0.36151,0.42421,149.41,30.06,0.0,1497.0,3.0,0.0,0.0,2.18934,1.15981,3.43583,1.0,0.0,1
1824.0,1823.0,280.0,11.94,11.0,0.58109,0.15514,236.29,7.47,1.0,1448.0,0.0,0.0,1.0,0.43558,0.36157,2.13621,0.0,0.0,0
1825.0,1824.0,42.0,40.69,14.0,0.54986,0.08444,6.83,6.25,2.0,1866.0,6.0,0.0,0.0,2.48723,1.24911,1.98068,0.0,1.0,1
1826.0,1825.0,367.0,24.82,8.0,0.12771,0.12907,69.32,139.01,0.0,1754.0,2.0,0.0,1.0,0.34788,0.29853,4.9417,0.0,0.0,0
1827.0,1826.0,47.0,6.53,4.0,0.19486,0.06183,43.08,13.31,0.0,1011.0,4.0,0.0,0.0,0.74518,0.55686,2.66115,1.0,0.0,0
1828.0,1827.0,235.0,20.21,15.0,0.29366,0.01158,157.65,26.31,1.0,1659.0,3.0,0.0,1.0,0.52952,0.42495,3.30713,0.0,0.0,0
1829.0,1828.0,80.0,38.91,16.0,0.31682,0.05367,574.24,12.33,0.0,301.0,0.0,0.0,1.0,1.21659,0.79597,2.58967,0.0,0.0,0
1830.0,1829.0,167.0,22.83,16.0,0.46324,0.20999,40.22,9.79,0.0,1471.0,1.0,0.0,1.0,0.51085,0.41267,2.379,0.0,0.0,0
1831.0,1830.0,225.0,42.99,8.0,0.51418,0.07065,153.7,40.54,0.0,1543.0,2.0,0.0,1.0,2.061,1.11874,3.72664,0.0,0.0,0
1832.0,1831.0,213.0,61.06,11.0,0.43006,0.17283,74.43,11.89,1.0,1047.0,4.0,0.0,0.0,1.50471,0.91817,2.55617,0.0,0.0,0
1833.0,1832.0,125.0,26.35,4.0,0.05168,0.04874,444.11,8.46,0.0,520.0,3.0,0.0,1.0,0.39353,0.33184,2.24745,1.0,0.0,0
1834.0,1833.0,86.0,72.94,18.0,0.35125,0.16367,260.66,4.11,0.0,1829.0,3.0,0.0,1.0,0.61867,0.4816,1.63059,0.0,0.0,0
1835.0,1834.0,270.0,46.83,13.0,0.28262,0.02387,161.84,1.11,0.0,912.0,2.0,0.0,1.0,1.71316,0.99812,0.74737,0.0,0.0,0
1836.0,1835.0,227.0,126.07,15.0,0.21615,0.19634,3.6,44.12,1.0,640.0,1.0,0.0,1.0,0.9137,0.64904,3.80939,0.0,1.0,0
1837.0,1836.0,215.0,22.95,8.0,0.08746,0.02631,601.24,17.44,0.0,1529.0,1.0,0.0,1.0,0.5619,0.44591,2.91451,0.0,0.0,0
1838.0,1837.0,304.0,172.0,7.0,0.0997,0.2513,659.58,8.63,1.0,1312.0,4.0,0.0,0.0,3.34424,1.46885,2.26498,0.0,0.0,0
1839.0,1838.0,191.0,20.06,6.0,0.48476,0.19191,500.95,27.76,0.0,1719.0,3.0,0.0,1.0,0.76711,0.56934,3.35897,0.0,0.0,0
1840.0,1839.0,213.0,8.65,15.0,0.12459,0.01,95.97,4.83,1.0,1047.0,2.0,0.0,1.0,0.21305,0.19313,1.76217,0.0,0.0,0
1841.0,1840.0,27.0,49.01,10.0,0.19754,0.04281,188.24,345.0,1.0,1949.0,3.0,1.0,1.0,0.85461,0.61768,5.84644,0.0,0.0,0
1842.0,1841.0,165.0,19.37,10.0,0.18162,0.38758,672.51,63.27,0.0,1180.0,2.0,0.0,0.0,0.29682,0.25991,4.16314,0.0,0.0,0
1843.0,1842.0,197.0,267.44,19.0,0.1765,0.08886,177.63,2.84,0.0,90.0,0.0,0.0,1.0,3.28492,1.4551,1.34668,0.0,0.0,1
1844.0,1843.0,185.0,26.88,9.0,0.43768,0.17745,377.12,10.91,2.0,1619.0,3.0,0.0,0.0,0.45556,0.37539,2.47755,0.0,0.0,0
1845.0,1844.0,31.0,20.2,20.0,0.51822,0.0604,1.95,15.67,1.0,940.0,3.0,0.0,1.0,1.34359,0.85168,2.81341,0.0,1.0,0
1846.0,1845.0,218.0,39.67,13.0,0.34996,0.16264,533.25,15.51,1.0,2081.0,3.0,0.0,1.0,0.9108,0.64752,2.80375,0.0,0.0,0
1847.0,1846.0,237.0,58.11,15.0,0.05428,0.03158,490.8,6.05,2.0,1485.0,6.0,0.0,1.0,1.21943,0.79725,1.95317,0.0,0.0,0
1848.0,1847.0,153.0,10.86,17.0,0.1831,0.12096,159.76,3.79,2.0,2084.0,0.0,0.0,1.0,0.32203,0.27917,1.56715,0.0,0.0,0
1849.0,1848.0,363.0,275.57,3.0,0.41528,0.13249,120.99,2.34,1.0,552.0,1.0,0.0,0.0,4.55449,1.71461,1.20687,1.0,0.0,1
1850.0,1849.0,392.0,67.63,8.0,0.59762,0.16325,1029.16,6.48,1.0,1316.0,2.0,0.0,1.0,1.00587,0.69608,2.01266,0.0,0.0,0
1851.0,1850.0,369.0,38.61,9.0,0.17346,0.12812,85.37,4.5,0.0,1832.0,1.0,0.0,0.0,1.71291,0.99802,1.70466,0.0,0.0,0
1852.0,1851.0,64.0,34.48,6.0,0.42165,0.18989,40.34,26.25,0.0,445.0,0.0,0.0,1.0,0.39085,0.32992,3.30505,0.0,0.0,0
1853.0,1852.0,318.0,71.62,11.0,0.36136,0.15874,345.21,31.94,0.0,866.0,4.0,0.0,0.0,0.86331,0.62235,3.4946,0.0,0.0,0
1854.0,1853.0,18.0,454.11,14.0,0.23261,0.03054,55.68,31.15,0.0,195.0,1.0,0.0,0.0,8.16066,2.21492,3.47044,0.0,0.0,1
1855.0,1854.0,73.0,7.78,13.0,0.28529,0.28481,278.76,128.26,2.0,1339.0,3.0,1.0,1.0,0.1381,0.12936,4.86184,0.0,0.0,1
1856.0,1855.0,382.0,17.93,17.0,0.18662,0.01,4.41,346.21,1.0,264.0,2.0,1.0,0.0,0.74484,0.55666,5.84994,0.0,1.0,0
1857.0,1856.0,6.0,4.99,12.0,0.25637,0.15921,23.1,53.84,0.0,421.0,1.0,0.0,0.0,0.34702,0.29789,4.00442,0.0,0.0,0
1858.0,1857.0,225.0,21.16,10.0,0.11891,0.10849,5.34,0.69,0.0,1543.0,3.0,0.0,1.0,1.01428,0.70026,0.52671,0.0,1.0,0
1859.0,1858.0,30.0,57.64,16.0,0.26551,0.04118,3.41,241.58,1.0,945.0,0.0,1.0,0.0,1.62477,0.96499,5.49133,0.0,1.0,1
1860.0,1859.0,157.0,112.49,20.0,0.35309,0.04433,560.29,3.07,0.0,1321.0,2.0,0.0,0.0,1.27739,0.82303,1.40348,0.0,0.0,0
1861.0,1860.0,77.0,113.41,18.0,0.07248,0.1183,77.72,13.38,0.0,698.0,1.0,0.0,0.0,1.3813,0.86765,2.66569,0.0,0.0,0
1862.0,1861.0,227.0,117.87,9.0,0.2809,0.06237,405.05,6.43,0.0,640.0,0.0,0.0,1.0,0.85426,0.61749,2.00498,0.0,0.0,0
1863.0,1862.0,183.0,80.73,16.0,0.11831,0.17261,34.64,4.21,1.0,474.0,0.0,0.0,0.0,0.96858,0.67731,1.65088,0.0,0.0,0
1864.0,1863.0,212.0,37.49,16.0,0.433,0.07183,99.11,13.36,0.0,1636.0,1.0,0.0,0.0,1.18965,0.78374,2.66436,0.0,0.0,0
1865.0,1864.0,206.0,317.44,20.0,0.64564,0.10475,1.44,8.75,3.0,1648.0,2.0,0.0,1.0,14.77424,2.75838,2.27725,0.0,1.0,1
1866.0,1865.0,257.0,3202.25,12.0,0.41221,0.39179,269.02,3.13,0.0,2159.0,2.0,0.0,1.0,20.19889,3.05395,1.41908,0.0,0.0,1
1867.0,1866.0,302.0,59.78,21.0,0.16254,0.24979,291.34,9.31,1.0,1172.0,1.0,0.0,0.0,0.81362,0.59533,2.33345,0.0,0.0,0
1868.0,1867.0,329.0,9.01,9.0,0.2957,0.24123,9.84,19.76,1.0,1930.0,2.0,0.0,1.0,0.44162,0.36577,3.03302,0.0,0.0,0
1869.0,1868.0,223.0,626.9,17.0,0.20654,0.04563,69.19,11.07,1.0,28.0,2.0,0.0,0.0,15.73827,2.8177,2.49092,0.0,0.0,1
1870.0,1869.0,239.0,16.35,13.0,0.32217,0.34842,127.06,41.77,2.0,315.0,3.0,0.0,0.0,1.21247,0.79411,3.75593,0.0,0.0,1
1871.0,1870.0,146.0,59.36,16.0,0.30061,0.0113,601.74,8.55,0.0,771.0,4.0,0.0,0.0,0.99529,0.69079,2.25614,0.0,0.0,0
1872.0,1871.0,355.0,148.73,13.0,0.16956,0.0828,521.44,13.22,1.0,210.0,1.0,0.0,1.0,1.89969,1.0646,2.65496,0.0,0.0,0
1873.0,1872.0,368.0,105.19,12.0,0.60961,0.14318,196.88,36.13,1.0,578.0,1.0,0.0,0.0,2.16126,1.15097,3.61433,0.0,0.0,0
1874.0,1873.0,188.0,540.31,14.0,0.2159,0.18875,302.96,43.58,2.0,909.0,3.0,1.0,0.0,3.69845,1.54723,3.7972,0.0,0.0,0
1875.0,1874.0,94.0,16.4,12.0,0.15742,0.11191,210.7,2.73,0.0,906.0,0.0,0.0,0.0,0.42639,0.35514,1.31582,0.0,0.0,0
1876.0,1875.0,62.0,26.33,21.0,0.33906,0.01989,350.11,1.45,0.0,424.0,0.0,0.0,0.0,0.78828,0.58125,0.89469,0.0,0.0,0
1877.0,1876.0,103.0,71.27,4.0,0.12165,0.14011,192.56,15.55,0.0,1513.0,4.0,0.0,1.0,1.36565,0.86105,2.8064,1.0,0.0,0
1878.0,1877.0,74.0,50.42,0.0,0.19263,0.12664,109.56,6.47,0.0,1555.0,5.0,0.0,1.0,0.85038,0.61539,2.01047,1.0,0.0,0
1879.0,1878.0,260.0,122.74,8.0,0.51277,0.25183,625.87,20.66,1.0,417.0,1.0,0.0,1.0,3.85394,1.57979,3.07535,0.0,0.0,0
1880.0,1879.0,11.0,83.7,15.0,0.09661,0.19594,69.92,56.72,1.0,295.0,3.0,0.0,1.0,2.36741,1.21414,4.05552,0.0,0.0,0
1881.0,1880.0,189.0,15.46,11.0,0.117,0.02226,13.36,133.21,0.0,575.0,0.0,0.0,1.0,0.40815,0.34227,4.89941,0.0,0.0,0
1882.0,1881.0,115.0,53.09,17.0,0.31875,0.0775,519.38,85.54,0.0,1148.0,1.0,1.0,0.0,1.20068,0.78877,4.46057,0.0,0.0,0
1883.0,1882.0,96.0,118.97,9.0,0.13217,0.08787,235.58,3.55,0.0,1917.0,1.0,0.0,1.0,2.45792,1.24067,1.51501,0.0,0.0,0
1884.0,1883.0,356.0,65.02,6.0,0.03347,0.15385,226.86,6.53,0.0,413.0,1.0,0.0,1.0,1.76138,1.01573,2.01928,0.0,0.0,0
1885.0,1884.0,177.0,36.69,5.0,0.27461,0.21471,379.21,14.68,0.0,781.0,3.0,0.0,0.0,0.55486,0.44139,2.75254,1.0,0.0,0
1886.0,1885.0,246.0,226.39,17.0,0.17018,0.3368,70.13,104.42,0.0,1513.0,0.0,1.0,1.0,4.3028,1.66823,4.65797,0.0,0.0,1
1887.0,1886.0,75.0,76.04,15.0,0.07773,0.23131,153.17,7.65,0.0,4.0,0.0,0.0,0.0,1.14985,0.7654,2.15786,0.0,0.0,0
1888.0,1887.0,347.0,135.77,4.0,0.1948,0.13902,165.55,10.34,1.0,1085.0,3.0,0.0,0.0,0.56093,0.44528,2.42841,1.0,0.0,0
1889.0,1888.0,234.0,77.28,16.0,0.22944,0.06494,412.48,6.31,0.0,1886.0,3.0,0.0,1.0,0.8705,0.6262,1.98945,0.0,0.0,0
1890.0,1889.0,260.0,21.04,20.0,0.78487,0.04841,502.23,27.84,0.0,417.0,6.0,0.0,0.0,0.66058,0.50717,3.36174,0.0,0.0,0
1891.0,1890.0,254.0,79.15,20.0,0.13334,0.29352,137.79,578.32,0.0,336.0,1.0,1.0,1.0,1.25766,0.81433,6.36186,0.0,0.0,0
1892.0,1891.0,355.0,95.32,5.0,0.56954,0.0359,548.16,2.42,1.0,210.0,2.0,0.0,1.0,1.21745,0.79636,1.22994,1.0,0.0,0
1893.0,1892.0,266.0,113.87,20.0,0.6161,0.04668,429.27,58.17,0.0,1157.0,2.0,1.0,1.0,0.759,0.56475,4.08038,0.0,0.0,0
1894.0,1893.0,306.0,102.13,11.0,0.23226,0.06942,334.54,6.81,1.0,716.0,4.0,0.0,1.0,0.85165,0.61608,2.05504,0.0,0.0,0
1895.0,1894.0,145.0,27.16,19.0,0.17503,0.22474,935.89,7.13,0.0,1658.0,1.0,0.0,1.0,0.67493,0.51577,2.09577,0.0,0.0,0
1896.0,1895.0,3.0,22.5,18.0,0.07652,0.18802,599.41,2.18,0.0,817.0,3.0,0.0,1.0,0.40655,0.34114,1.15678,0.0,0.0,0
1897.0,1896.0,298.0,15.29,6.0,0.40983,0.32876,311.69,70.37,1.0,1486.0,4.0,1.0,1.0,0.63738,0.4931,4.26788,0.0,0.0,0
1898.0,1897.0,270.0,37.27,10.0,0.29116,0.08792,0.39,17.4,1.0,912.0,2.0,0.0,0.0,1.36326,0.86004,2.91228,0.0,1.0,1
1899.0,1898.0,44.0,32.49,14.0,0.33719,0.27043,219.1,8.41,0.0,237.0,3.0,0.0,1.0,0.49008,0.39883,2.24146,0.0,0.0,0
1900.0,1899.0,245.0,134.79,8.0,0.26036,0.10091,4.71,12.12,0.0,1444.0,2.0,0.0,1.0,1.09156,0.73791,2.5741,0.0,1.0,0
1901.0,1900.0,150.0,47.07,5.0,0.22458,0.06492,43.21,14.79,1.0,467.0,1.0,0.0,1.0,0.80256,0.58921,2.75919,1.0,0.0,0
1902.0,1901.0,29.0,19.16,14.0,0.07412,0.20974,1.9,13.92,2.0,498.0,0.0,0.0,1.0,0.40191,0.33783,2.70291,0.0,1.0,0
1903.0,1902.0,161.0,139.64,18.0,0.28847,0.13875,412.92,3.2,0.0,1806.0,2.0,0.0,0.0,3.12661,1.41746,1.43422,0.0,0.0,1
1904.0,1903.0,71.0,77.75,10.0,0.31775,0.12352,64.71,10.47,0.0,810.0,0.0,0.0,1.0,1.64007,0.97081,2.43941,0.0,0.0,0
1905.0,1904.0,304.0,38.58,11.0,0.44615,0.12275,485.94,12.61,0.0,1312.0,2.0,0.0,0.0,0.75018,0.55972,2.61045,0.0,0.0,0
1906.0,1905.0,333.0,78.39,6.0,0.0614,0.06754,79.61,16.79,0.0,489.0,2.0,0.0,1.0,1.03674,0.71135,2.87855,0.0,0.0,0
1907.0,1906.0,200.0,42.78,10.0,0.19452,0.13714,6.4,8.35,0.0,1138.0,2.0,0.0,1.0,0.3507,0.30063,2.23569,0.0,1.0,0
1908.0,1907.0,116.0,57.28,10.0,0.2754,0.27881,54.14,8.27,0.0,2119.0,2.0,0.0,1.0,0.40113,0.33728,2.22666,0.0,0.0,0
1909.0,1908.0,28.0,19.09,11.0,0.25988,0.01269,1.05,4.64,0.0,826.0,1.0,0.0,0.0,0.38695,0.32711,1.72954,0.0,1.0,0
1910.0,1909.0,281.0,18.13,3.0,0.04136,0.32515,16.16,4.38,3.0,2147.0,3.0,0.0,0.0,0.94286,0.66416,1.68226,1.0,0.0,0
1911.0,1910.0,252.0,46.96,6.0,0.28545,0.02188,458.39,18.85,0.0,217.0,3.0,0.0,1.0,1.48968,0.91215,2.98813,0.0,0.0,0
1912.0,1911.0,19.0,77.29,8.0,0.01799,0.18912,343.2,4.91,0.0,1732.0,1.0,0.0,1.0,0.70942,0.53615,1.77711,0.0,0.0,0
1913.0,1912.0,245.0,129.84,16.0,0.20789,0.2504,165.94,8.07,0.0,1444.0,0.0,0.0,0.0,1.05154,0.71859,2.20506,0.0,0.0,0
1914.0,1913.0,227.0,83.9,7.0,0.26552,0.03672,404.54,8.75,0.0,640.0,0.0,0.0,1.0,0.60804,0.47502,2.27721,0.0,0.0,0
1915.0,1914.0,192.0,26.46,15.0,0.19041,0.22382,159.15,0.88,1.0,408.0,0.0,0.0,0.0,0.92928,0.65715,0.63349,0.0,0.0,0
1916.0,1915.0,45.0,248.4,8.0,0.21666,0.05452,255.89,7.53,1.0,647.0,0.0,0.0,1.0,4.41992,1.69008,2.14327,0.0,0.0,0
1917.0,1916.0,24.0,18.57,14.0,0.16991,0.16242,645.06,11.12,0.0,817.0,3.0,0.0,1.0,0.62926,0.48813,2.49514,0.0,0.0,0
1918.0,1917.0,43.0,494.21,2.0,0.66766,0.19021,59.75,8.44,0.0,637.0,2.0,0.0,0.0,7.20506,2.10475,2.24488,1.0,0.0,1
1919.0,1918.0,136.0,78.46,14.0,0.47792,0.03681,295.83,8.29,1.0,1185.0,2.0,0.0,1.0,0.78061,0.57695,2.22867,0.0,0.0,0
1920.0,1919.0,227.0,58.1,16.0,0.11135,0.16772,461.98,4.75,1.0,640.0,3.0,0.0,0.0,0.42109,0.35142,1.74867,0.0,0.0,0
1921.0,1920.0,59.0,42.16,12.0,0.13707,0.39741,667.46,26.84,0.0,42.0,1.0,0.0,0.0,0.69319,0.52662,3.32662,0.0,0.0,0
1922.0,1921.0,140.0,241.02,16.0,0.0304,0.24207,5.96,45.95,0.0,720.0,1.0,0.0,1.0,1.88087,1.05809,3.84913,0.0,1.0,0
1923.0,1922.0,171.0,23.44,12.0,0.1241,0.17954,113.28,49.48,0.0,1418.0,1.0,0.0,1.0,0.84376,0.61181,3.92153,0.0,0.0,0
1924.0,1923.0,314.0,17.51,10.0,0.0729,0.1893,58.41,4.98,0.0,1324.0,2.0,0.0,1.0,0.50588,0.40938,1.78843,0.0,0.0,0
1925.0,1924.0,211.0,170.4,12.0,0.29445,0.0434,182.79,13.45,2.0,883.0,2.0,0.0,0.0,1.21179,0.7938,2.67059,0.0,0.0,0
1926.0,1925.0,323.0,19.38,19.0,0.12409,0.38608,102.64,45.16,2.0,1520.0,4.0,0.0,0.0,0.46932,0.3848,3.83204,0.0,0.0,0
1927.0,1926.0,87.0,126.86,6.0,0.01015,0.57497,122.02,4.34,0.0,1015.0,2.0,0.0,1.0,1.10818,0.74582,1.67489,0.0,0.0,0
1928.0,1927.0,361.0,354.96,13.0,0.01,0.16538,349.7,5.79,0.0,2032.0,3.0,0.0,0.0,2.57354,1.27356,1.9158,0.0,0.0,0
1929.0,1928.0,276.0,329.04,13.0,0.12189,0.18824,592.15,111.45,1.0,2164.0,1.0,0.0,1.0,2.61435,1.28491,4.72255,0.0,0.0,0
1930.0,1929.0,407.0,49.82,14.0,0.13222,0.21816,483.87,129.05,0.0,835.0,0.0,0.0,1.0,1.12003,0.75143,4.86794,0.0,0.0,0
1931.0,1930.0,253.0,77.1,14.0,0.25943,0.09841,705.9,7.99,0.0,1586.0,1.0,0.0,0.0,1.84562,1.04578,2.1961,0.0,0.0,0
1932.0,1931.0,378.0,299.5,15.0,0.28659,0.09985,572.06,3.36,1.0,844.0,2.0,0.0,0.0,5.30752,1.84174,1.47259,0.0,0.0,0
1933.0,1932.0,12.0,17.55,14.0,0.38491,0.1459,353.87,4.25,0.0,1896.0,1.0,0.0,1.0,0.30344,0.26501,1.65884,0.0,0.0,0
1934.0,1933.0,147.0,2649.45,7.0,0.44068,0.03647,610.6,10.87,0.0,214.0,2.0,0.0,1.0,22.45214,3.15496,2.47375,0.0,0.0,1
1935.0,1934.0,224.0,50.2,15.0,0.20735,0.07576,20.45,6.25,2.0,584.0,2.0,0.0,1.0,0.80669,0.5915,1.98037,0.0,0.0,0
1936.0,1935.0,153.0,50.15,15.0,0.43475,0.3758,138.71,236.11,0.0,2084.0,1.0,1.0,1.0,1.48774,0.91137,5.46853,0.0,0.0,0
1937.0,1936.0,203.0,48.16,8.0,0.3384,0.17232,276.87,6.01,0.0,1953.0,2.0,0.0,1.0,0.78101,0.57718,1.94751,0.0,0.0,0
1938.0,1937.0,372.0,58.43,20.0,0.28879,0.05925,487.05,1.99,0.0,1276.0,0.0,0.0,0.0,1.31316,0.83861,1.0958,0.0,0.0,0
1939.0,1938.0,217.0,55.19,11.0,0.64098,0.02833,151.88,5.78,0.0,213.0,1.0,0.0,0.0,0.42785,0.35617,1.91344,0.0,0.0,0
1940.0,1939.0,221.0,112.18,20.0,0.03848,0.36278,719.51,44.12,0.0,110.0,3.0,1.0,1.0,1.52266,0.92531,3.80925,0.0,0.0,0
1941.0,1940.0,411.0,170.31,8.0,0.05149,0.25867,724.76,8.01,0.0,1445.0,1.0,0.0,1.0,1.88654,1.06006,2.19866,0.0,0.0,0
1942.0,1941.0,51.0,34.58,18.0,0.54578,0.21929,53.42,27.7,1.0,876.0,2.0,0.0,0.0,0.58154,0.4584,3.35684,0.0,0.0,0
1943.0,1942.0,363.0,109.37,15.0,0.28574,0.1313,367.76,39.29,1.0,552.0,1.0,0.0,1.0,1.80754,1.03231,3.69614,0.0,0.0,0
1944.0,1943.0,246.0,36.3,10.0,0.06802,0.02778,26.45,2.51,0.0,1513.0,1.0,0.0,0.0,0.68987,0.52465,1.2552,0.0,0.0,0
1945.0,1944.0,286.0,136.94,16.0,0.11266,0.32797,286.57,29.53,1.0,1906.0,2.0,0.0,1.0,0.97379,0.67996,3.41877,0.0,0.0,0
1946.0,1945.0,266.0,210.56,11.0,0.1572,0.02132,548.61,13.04,1.0,1157.0,1.0,0.0,1.0,1.40351,0.87693,2.64199,0.0,0.0,0
1947.0,1946.0,189.0,21.89,16.0,0.48462,0.24545,12.64,26.52,1.0,575.0,3.0,0.0,1.0,0.57777,0.45601,3.31489,0.0,0.0,0
1948.0,1947.0,303.0,50.25,16.0,0.2537,0.12526,618.34,75.29,2.0,306.0,3.0,0.0,1.0,1.34519,0.85237,4.33461,0.0,0.0,0
1949.0,1948.0,278.0,99.3,11.0,0.20375,0.23862,505.41,4.06,1.0,457.0,2.0,0.0,1.0,0.98719,0.68672,1.6219,0.0,0.0,0
1950.0,1949.0,258.0,19.5,22.0,0.44267,0.2983,212.58,6.59,1.0,1488.0,4.0,0.0,1.0,0.40528,0.34023,2.02709,0.0,0.0,0
1951.0,1950.0,90.0,77.33,19.0,0.17277,0.08264,148.74,44.68,0.0,879.0,3.0,0.0,0.0,1.63995,0.97076,3.8216,0.0,0.0,0
1952.0,1951.0,95.0,75.95,6.0,0.53042,0.11461,445.05,9.34,0.0,1379.0,1.0,0.0,0.0,1.48646,0.91086,2.33614,0.0,0.0,0
1953.0,1952.0,342.0,11.01,14.0,0.35596,0.40349,403.3,14.14,0.0,453.0,2.0,0.0,1.0,0.39228,0.33094,2.71723,0.0,0.0,0
1954.0,1953.0,206.0,20.44,12.0,0.35493,0.01934,114.53,50.2,1.0,1648.0,2.0,0.0,1.0,0.95136,0.66853,3.93567,0.0,0.0,0
1955.0,1954.0,286.0,41.03,16.0,0.13129,0.01,534.31,39.52,0.0,1906.0,0.0,0.0,0.0,0.29176,0.25601,3.7018,0.0,0.0,0
1956.0,1955.0,209.0,41.76,10.0,0.17791,0.30159,147.27,209.3,0.0,2176.0,2.0,1.0,1.0,0.70096,0.53119,5.34853,0.0,0.0,0
1957.0,1956.0,228.0,35.84,9.0,0.08412,0.10669,136.42,18.12,0.0,1813.0,1.0,0.0,1.0,0.72757,0.54671,2.95064,0.0,0.0,0
1958.0,1957.0,16.0,92.6,18.0,0.49948,0.15631,149.71,25.23,1.0,1013.0,1.0,0.0,0.0,1.79206,1.02678,3.26708,0.0,0.0,0
1959.0,1958.0,337.0,95.94,18.0,0.14715,0.13946,239.07,26.76,0.0,1228.0,0.0,0.0,0.0,2.43445,1.23386,3.32367,0.0,0.0,0
1960.0,1959.0,149.0,92.43,12.0,0.29062,0.03104,3.38,2.36,1.0,651.0,5.0,0.0,1.0,1.43269,0.889,1.21312,0.0,1.0,0
1961.0,1960.0,141.0,34.17,12.0,0.27125,0.04806,386.21,19.49,1.0,1788.0,2.0,0.0,0.0,0.67922,0.51833,3.02017,0.0,0.0,0
1962.0,1961.0,243.0,47.39,6.0,0.16724,0.26542,610.88,14.53,0.0,1841.0,0.0,0.0,1.0,0.66028,0.50699,2.74246,0.0,0.0,0
1963.0,1962.0,113.0,45.13,12.0,0.04596,0.30852,352.93,2.32,0.0,1906.0,2.0,0.0,0.0,0.46734,0.38345,1.20016,0.0,0.0,0
1964.0,1963.0,206.0,23.95,11.0,0.56313,0.11148,116.74,5.01,0.0,1648.0,3.0,0.0,0.0,1.11487,0.74899,1.79383,0.0,0.0,0
1965.0,1964.0,220.0,87.55,16.0,0.06449,0.32725,1.36,76.08,1.0,929.0,1.0,0.0,1.0,2.88666,1.35755,4.34487,0.0,1.0,0
1966.0,1965.0,298.0,22.98,8.0,0.30328,0.22845,169.33,284.23,1.0,1486.0,4.0,1.0,1.0,0.95773,0.67179,5.65329,0.0,0.0,0
1967.0,1966.0,391.0,38.87,15.0,0.16534,0.07557,164.71,9.92,1.0,234.0,2.0,0.0,1.0,0.58998,0.46372,2.39053,0.0,0.0,1
1968.0,1967.0,281.0,15.75,14.0,0.1348,0.27603,31.63,74.73,0.0,2147.0,2.0,0.0,0.0,0.81911,0.59835,4.32714,0.0,0.0,0
1969.0,1968.0,204.0,57.04,13.0,0.43109,0.20358,612.41,8.17,1.0,2066.0,1.0,0.0,1.0,1.02012,0.70316,2.2162,0.0,0.0,0
1970.0,1969.0,354.0,78.36,13.0,0.22218,0.21593,163.61,14.64,0.0,1115.0,1.0,0.0,0.0,2.92708,1.3679,2.75005,0.0,0.0,0
1971.0,1970.0,226.0,11.25,9.0,0.05224,0.11023,359.09,10.06,1.0,1331.0,1.0,0.0,1.0,0.35638,0.30482,2.40329,0.0,0.0,0
1972.0,1971.0,201.0,169.73,19.0,0.07537,0.01654,367.58,3.63,0.0,108.0,2.0,0.0,1.0,2.12316,1.13885,1.53254,0.0,0.0,0
1973.0,1972.0,164.0,163.03,6.0,0.0856,0.12886,18.86,15.35,0.0,2001.0,2.0,0.0,1.0,0.84404,0.61196,2.79441,0.0,0.0,0
1974.0,1973.0,19.0,66.74,10.0,0.23445,0.23885,339.01,7.14,0.0,1732.0,0.0,0.0,0.0,0.61259,0.47784,2.09638,0.0,0.0,0
1975.0,1974.0,48.0,44.94,3.0,0.04812,0.02191,151.6,5.69,0.0,2144.0,1.0,0.0,1.0,0.64969,0.50059,1.90117,1.0,0.0,0
1976.0,1975.0,30.0,334.25,20.0,0.58044,0.06946,7.61,11.09,2.0,945.0,1.0,0.0,0.0,9.42269,2.34399,2.49213,0.0,0.0,1
1977.0,1976.0,20.0,4236.86,16.0,0.24457,0.23237,132.16,5.1,0.0,50.0,1.0,0.0,0.0,25.07121,3.26083,1.80749,0.0,0.0,1
1978.0,1977.0,122.0,48.14,19.0,0.08985,0.08289,296.24,30.47,0.0,1135.0,3.0,1.0,1.0,3.26302,1.44998,3.44899,0.0,0.0,0
1979.0,1978.0,322.0,71.71,18.0,0.07032,0.04366,4.09,21.6,0.0,1310.0,2.0,1.0,1.0,1.60539,0.95758,3.11813,0.0,1.0,0
1980.0,1979.0,113.0,36.17,8.0,0.41825,0.18718,290.72,3.61,0.0,1906.0,2.0,0.0,0.0,0.3746,0.31817,1.5273,0.0,0.0,0
1981.0,1980.0,190.0,35.54,13.0,0.27597,0.09475,253.28,831.57,2.0,401.0,5.0,1.0,1.0,0.99343,0.68985,6.72452,0.0,0.0,0
1982.0,1981.0,296.0,67.01,3.0,0.12612,0.21662,154.46,24.82,0.0,658.0,2.0,0.0,1.0,1.51031,0.92041,3.251,1.0,0.0,0
1983.0,1982.0,369.0,76.07,19.0,0.10007,0.09302,210.47,2.85,0.0,1832.0,1.0,0.0,0.0,3.37515,1.47594,1.34736,0.0,0.0,0
1984.0,1983.0,361.0,133.41,10.0,0.33737,0.17782,428.11,7.75,3.0,2032.0,3.0,0.0,1.0,0.96724,0.67663,2.16884,0.0,0.0,0
1985.0,1984.0,390.0,40.42,14.0,0.40192,0.21712,196.52,20.31,1.0,184.0,3.0,0.0,0.0,0.57907,0.45684,3.0593,0.0,0.0,0
1986.0,1985.0,244.0,179.57,19.0,0.03538,0.09871,349.99,11.31,0.0,1923.0,1.0,0.0,1.0,4.70758,1.7418,2.51008,0.0,0.0,0
1987.0,1986.0,359.0,153.85,9.0,0.09498,0.01699,542.64,8.8,1.0,1172.0,3.0,0.0,1.0,1.8744,1.05585,2.28254,0.0,0.0,0
1988.0,1987.0,215.0,55.63,11.0,0.28883,0.01586,306.68,19.29,0.0,1529.0,2.0,0.0,0.0,1.36172,0.85939,3.01029,0.0,0.0,0
1989.0,1988.0,57.0,46.32,14.0,0.25423,0.16973,382.0,6.07,0.0,1136.0,3.0,0.0,1.0,1.85332,1.04848,1.95518,0.0,0.0,0
1990.0,1989.0,95.0,38.42,12.0,0.18871,0.02673,354.13,9.38,0.0,1379.0,0.0,0.0,0.0,0.7519,0.5607,2.34008,0.0,0.0,0
1991.0,1990.0,139.0,41.01,15.0,0.1678,0.04159,235.95,16.59,0.0,87.0,3.0,0.0,1.0,1.01302,0.69963,2.86707,0.0,0.0,0
1992.0,1991.0,364.0,30.34,1.0,0.38031,0.15985,516.93,35.13,2.0,1357.0,6.0,0.0,1.0,2.0754,1.12343,3.58717,1.0,0.0,0
1993.0,1992.0,296.0,16.69,13.0,0.19397,0.01,137.68,3.18,1.0,658.0,0.0,0.0,1.0,0.37616,0.3193,1.43104,0.0,0.0,0
1994.0,1993.0,330.0,86.1,19.0,0.15407,0.14217,580.8,94.67,0.0,1086.0,1.0,0.0,0.0,0.79286,0.58381,4.56086,0.0,0.0,0
1995.0,1994.0,152.0,27.24,18.0,0.57259,0.13507,617.38,3.75,1.0,1937.0,2.0,0.0,0.0,0.59414,0.46633,1.55906,0.0,0.0,0
1996.0,1995.0,348.0,91.39,13.0,0.02369,0.04286,307.58,1.06,1.0,1225.0,2.0,0.0,1.0,0.81911,0.59835,0.72312,0.0,0.0,0
1997.0,1996.0,4.0,21.37,3.0,0.326,0.06824,2.65,85.88,0.0,1142.0,1.0,1.0,1.0,0.36444,0.31074,4.46452,1.0,1.0,1
1998.0,1997.0,70.0,53.05,7.0,0.12795,0.45048,1.14,64.04,0.0,2097.0,6.0,0.0,0.0,1.63479,0.9688,4.175,0.0,1.0,0
1999.0,1998.0,44.0,243.47,11.0,0.15512,0.28353,153.83,27.0,0.0,237.0,2.0,0.0,1.0,3.67278,1.54175,3.33237,0.0,0.0,0
2000.0,1999.0,311.0,50.83,16.0,0.13063,0.01737,714.88,15.34,0.0,2122.0,2.0,0.0,0.0,2.24816,1.17809,2.79359,0.0,0.0,0
2001.0,2000.0,254.0,34.88,8.0,0.46931,0.08849,151.64,5.87,2.0,336.0,4.0,0.0,1.0,0.55425,0.44099,1.92711,0.0,0.0,0
2002.0,2001.0,128.0,68.04,14.0,0.10194,0.15458,656.62,22.7,1.0,1019.0,0.0,0.0,1.0,1.11861,0.75076,3.16555,0.0,0.0,0
2003.0,2002.0,148.0,43.91,3.0,0.04953,0.41086,137.27,22.69,0.0,1988.0,2.0,0.0,0.0,1.423,0.88501,3.16509,1.0,0.0,1
2004.0,2003.0,243.0,52.93,20.0,0.23264,0.35276,466.1,10.2,1.0,1841.0,2.0,0.0,1.0,0.73753,0.55246,2.41635,0.0,0.0,0
2005.0,2004.0,61.0,18.22,4.0,0.31945,0.09479,764.96,33.11,2.0,1496.0,2.0,0.0,1.0,0.3595,0.30711,3.52969,1.0,0.0,0
2006.0,2005.0,326.0,36.53,15.0,0.45636,0.62313,103.33,53.26,0.0,1283.0,0.0,0.0,1.0,1.16768,0.77366,3.99384,0.0,0.0,0
2007.0,2006.0,95.0,212.85,17.0,0.13196,0.55259,830.36,6.39,0.0,1379.0,0.0,0.0,0.0,4.16586,1.64207,1.99987,0.0,0.0,0
2008.0,2007.0,334.0,76.25,15.0,0.1485,0.20014,423.56,2.13,0.0,1391.0,1.0,0.0,1.0,2.4682,1.24363,1.14179,0.0,0.0,0
2009.0,2008.0,114.0,89.2,0.0,0.41351,0.01241,87.23,2.35,0.0,1334.0,2.0,0.0,0.0,1.86349,1.05204,1.20834,1.0,0.0,0
2010.0,2009.0,243.0,63.48,18.0,0.17347,0.52519,362.01,5.64,0.0,1841.0,1.0,0.0,0.0,0.88451,0.63367,1.89363,0.0,0.0,0
2011.0,2010.0,200.0,84.8,14.0,0.38666,0.14657,64.8,10.73,1.0,1138.0,4.0,0.0,1.0,0.69512,0.52775,2.46187,0.0,0.0,0
2012.0,2011.0,189.0,144.03,8.0,0.5128,0.55849,18.97,11.88,0.0,575.0,4.0,0.0,0.0,3.80172,1.56897,2.5554,0.0,0.0,1
2013.0,2012.0,190.0,32.68,17.0,0.61565,0.08778,365.95,43.12,2.0,401.0,4.0,0.0,0.0,0.91347,0.64892,3.78688,0.0,0.0,0
2014.0,2013.0,365.0,388.87,12.0,0.0526,0.27949,370.45,72.43,1.0,60.0,2.0,1.0,1.0,3.92868,1.59507,4.29635,0.0,0.0,0
2015.0,2014.0,326.0,21.73,5.0,0.34321,0.1529,5.51,2.61,1.0,1283.0,2.0,0.0,1.0,0.69445,0.52736,1.28282,1.0,1.0,0
2016.0,2015.0,207.0,50.96,15.0,0.12928,0.01,150.0,3.51,0.0,304.0,2.0,0.0,0.0,1.04479,0.71529,1.50671,0.0,0.0,0
2017.0,2016.0,346.0,475.52,5.0,0.50788,0.10318,162.97,19.54,1.0,2186.0,0.0,0.0,0.0,3.36898,1.47453,3.02239,1.0,0.0,0
2018.0,2017.0,401.0,67.84,15.0,0.0492,0.02018,710.68,6.79,1.0,301.0,1.0,0.0,0.0,0.75741,0.56384,2.05234,0.0,0.0,0
2019.0,2018.0,64.0,75.4,14.0,0.50286,0.08918,39.57,4.8,1.0,445.0,1.0,0.0,0.0,0.85462,0.61768,1.75796,0.0,0.0,0
2020.0,2019.0,102.0,8.09,21.0,0.27324,0.19804,174.48,8.25,1.0,471.0,1.0,0.0,1.0,0.22931,0.20645,2.22446,0.0,0.0,0
2021.0,2020.0,135.0,40.04,17.0,0.26557,0.01,17.14,8.69,1.0,1091.0,2.0,0.0,1.0,1.04404,0.71493,2.27091,0.0,0.0,0
2022.0,2021.0,62.0,24.49,15.0,0.04757,0.01,472.1,74.09,0.0,424.0,2.0,0.0,1.0,0.73323,0.54999,4.31865,0.0,0.0,0
2023.0,2022.0,126.0,43.78,11.0,0.5064,0.0401,2.53,1.65,0.0,1167.0,2.0,0.0,1.0,0.86215,0.62173,0.97558,0.0,1.0,0
2024.0,2023.0,369.0,10.32,14.0,0.46856,0.01962,368.35,7.55,3.0,1832.0,3.0,0.0,1.0,0.45789,0.37699,2.14536,0.0,0.0,0
2025.0,2024.0,316.0,69.9,8.0,0.46603,0.17271,477.19,125.89,0.0,693.0,3.0,1.0,1.0,1.10408,0.74388,4.8433,0.0,0.0,0
2026.0,2025.0,279.0,599.37,3.0,0.44245,0.22953,680.45,238.17,2.0,2113.0,7.0,1.0,1.0,9.76558,2.37635,5.47717,1.0,0.0,1
2027.0,2026.0,303.0,262.72,13.0,0.21212,0.26265,694.88,11.9,0.0,306.0,2.0,0.0,0.0,7.03288,2.08354,2.55737,0.0,0.0,0
2028.0,2027.0,334.0,10.24,15.0,0.38476,0.03936,328.72,35.74,0.0,1391.0,2.0,0.0,1.0,0.33148,0.28629,3.60392,0.0,0.0,0
2029.0,2028.0,414.0,49.39,14.0,0.14375,0.02704,179.48,1.72,0.0,40.0,2.0,0.0,0.0,2.497,1.25191,1.00037,0.0,0.0,0
2030.0,2029.0,386.0,40.04,16.0,0.26025,0.0762,743.63,13.47,0.0,1740.0,0.0,0.0,1.0,1.55436,0.9378,2.67188,0.0,0.0,0
2031.0,2030.0,248.0,68.16,14.0,0.13195,0.11107,38.26,2.25,0.0,1951.0,1.0,0.0,0.0,1.12318,0.75291,1.17721,0.0,0.0,0
2032.0,2031.0,126.0,29.91,7.0,0.38683,0.07255,141.5,54.39,0.0,1167.0,2.0,0.0,1.0,0.58909,0.46316,4.01434,0.0,0.0,0
2033.0,2032.0,197.0,100.43,8.0,0.47121,0.23499,3.69,33.83,1.0,90.0,4.0,0.0,1.0,1.23353,0.80358,3.55055,0.0,1.0,0
2034.0,2033.0,238.0,201.6,9.0,0.39269,0.11411,6.79,14.38,1.0,1643.0,4.0,0.0,0.0,7.98671,2.19575,2.73296,0.0,1.0,1
2035.0,2034.0,45.0,57.91,21.0,0.13834,0.21201,260.44,12.8,0.0,647.0,2.0,0.0,1.0,1.03051,0.70829,2.62434,0.0,0.0,0
2036.0,2035.0,385.0,127.81,7.0,0.14209,0.25008,247.8,106.26,0.0,915.0,0.0,1.0,1.0,2.66407,1.29858,4.6753,0.0,0.0,0
2037.0,2036.0,213.0,33.41,16.0,0.41261,0.16291,154.47,5.63,0.0,1047.0,1.0,0.0,0.0,0.82326,0.60062,1.89194,0.0,0.0,0
2038.0,2037.0,260.0,75.59,18.0,0.17686,0.14349,404.92,50.73,1.0,417.0,4.0,0.0,0.0,2.37352,1.21596,3.94596,0.0,0.0,1
2039.0,2038.0,282.0,48.3,14.0,0.09919,0.12185,304.85,51.28,0.0,2082.0,2.0,1.0,1.0,0.28969,0.2544,3.95666,0.0,0.0,0
2040.0,2039.0,33.0,94.94,19.0,0.15497,0.05974,267.57,2.5,0.0,1939.0,4.0,0.0,0.0,0.55642,0.44239,1.254,0.0,0.0,0
2041.0,2040.0,302.0,393.3,7.0,0.19676,0.02136,381.61,144.7,0.0,1172.0,1.0,1.0,0.0,5.35256,1.84886,4.98152,0.0,0.0,0
2042.0,2041.0,259.0,25.8,8.0,0.2188,0.31554,49.33,23.86,1.0,789.0,2.0,0.0,1.0,0.99772,0.69201,3.21342,0.0,0.0,0
2043.0,2042.0,164.0,154.4,10.0,0.43727,0.21618,12.96,202.49,1.0,2001.0,3.0,0.0,1.0,0.7994,0.58745,5.3156,0.0,0.0,0
2044.0,2043.0,51.0,59.27,12.0,0.30373,0.21333,78.43,14.62,0.0,876.0,2.0,0.0,1.0,0.99675,0.69152,2.74886,0.0,0.0,0
2045.0,2044.0,131.0,103.41,10.0,0.41477,0.07796,193.71,11.68,0.0,335.0,2.0,0.0,0.0,1.55427,0.93777,2.53996,0.0,0.0,0
2046.0,2045.0,402.0,166.01,15.0,0.20564,0.07749,685.86,13.0,1.0,891.0,1.0,0.0,1.0,2.24217,1.17624,2.63936,0.0,0.0,0
2047.0,2046.0,398.0,44.35,12.0,0.03478,0.26404,63.57,7.89,0.0,2173.0,0.0,0.0,1.0,0.95283,0.66928,2.18494,0.0,0.0,0
2048.0,2047.0,383.0,16.43,9.0,0.34127,0.07704,222.05,11.24,0.0,1724.0,2.0,0.0,0.0,0.46391,0.38111,2.50458,0.0,0.0,0
2049.0,2048.0,130.0,54.82,17.0,0.1589,0.22262,685.88,31.06,1.0,1759.0,1.0,0.0,0.0,1.10054,0.74219,3.46761,0.0,0.0,0
2050.0,2049.0,130.0,116.41,5.0,0.70291,0.08837,685.33,1.53,1.0,1759.0,2.0,0.0,1.0,2.33694,1.20506,0.92935,1.0,0.0,0
2051.0,2050.0,91.0,25.68,12.0,0.3341,0.12644,368.97,7.16,0.0,258.0,2.0,0.0,1.0,0.66461,0.50959,2.09982,0.0,0.0,0
2052.0,2051.0,55.0,139.61,18.0,0.02589,0.12811,456.28,3.64,0.0,1157.0,4.0,0.0,1.0,1.84307,1.04489,1.53569,0.0,0.0,0
2053.0,2052.0,302.0,38.3,19.0,0.05266,0.17893,0.72,8.68,0.0,1172.0,0.0,0.0,1.0,0.52124,0.41953,2.26985,0.0,1.0,0
2054.0,2053.0,240.0,42.03,16.0,0.26545,0.08274,4.05,19.05,0.0,1434.0,3.0,0.0,1.0,0.73245,0.54954,2.99811,0.0,1.0,0
2055.0,2054.0,371.0,194.13,9.0,0.15513,0.05591,3.49,1.69,1.0,487.0,2.0,0.0,1.0,2.80671,1.33676,0.99112,0.0,1.0,0
2056.0,2055.0,139.0,36.13,17.0,0.40299,0.0335,694.76,1.14,1.0,87.0,1.0,0.0,1.0,0.89228,0.63778,0.761,0.0,0.0,0
2057.0,2056.0,243.0,145.49,8.0,0.35335,0.20945,250.77,8.75,0.0,1841.0,2.0,0.0,0.0,2.02714,1.10762,2.27758,0.0,0.0,0
2058.0,2057.0,154.0,320.3,19.0,0.18556,0.05462,698.5,8.33,0.0,1702.0,2.0,0.0,1.0,3.32367,1.4641,2.23346,0.0,0.0,0
2059.0,2058.0,93.0,33.91,14.0,0.50924,0.17561,142.95,53.36,2.0,1443.0,7.0,1.0,1.0,0.52463,0.42175,3.9957,0.0,0.0,1
2060.0,2059.0,329.0,11.01,1.0,0.2601,0.3554,3.49,5.8,1.0,1930.0,1.0,0.0,0.0,0.54019,0.4319,1.91651,1.0,1.0,1
2061.0,2060.0,59.0,78.71,14.0,0.20073,0.14395,639.9,60.38,0.0,42.0,3.0,0.0,1.0,1.29396,0.83028,4.11704,0.0,0.0,0
2062.0,2061.0,177.0,98.62,18.0,0.19974,0.29182,748.2,277.64,0.0,781.0,2.0,1.0,1.0,1.49124,0.91278,5.62991,0.0,0.0,0
2063.0,2062.0,253.0,79.67,10.0,0.2384,0.11486,232.6,35.29,1.0,1586.0,2.0,0.0,1.0,1.90722,1.0672,3.59152,0.0,0.0,0
2064.0,2063.0,37.0,41.37,18.0,0.04541,0.30185,49.69,9.0,0.0,1840.0,1.0,0.0,1.0,1.06326,0.72429,2.30213,0.0,0.0,0
2065.0,2064.0,277.0,16.93,9.0,0.10262,0.05184,339.38,5.44,0.0,198.0,1.0,0.0,0.0,0.43163,0.35881,1.862,0.0,0.0,0
2066.0,2065.0,251.0,73.51,10.0,0.29835,0.09913,320.6,11.68,1.0,1493.0,1.0,0.0,1.0,1.24775,0.80993,2.54026,0.0,0.0,0
2067.0,2066.0,50.0,77.0,8.0,0.03828,0.0382,28.08,62.33,0.0,1298.0,3.0,1.0,1.0,1.06499,0.72512,4.14838,0.0,0.0,0
2068.0,2067.0,41.0,92.52,15.0,0.10385,0.06023,5.55,12.08,0.0,1555.0,2.0,0.0,0.0,1.89134,1.06172,2.5713,0.0,1.0,0
2069.0,2068.0,372.0,82.45,7.0,0.38026,0.08558,430.49,8.66,0.0,1276.0,1.0,0.0,0.0,1.85306,1.04839,2.26826,0.0,0.0,0
2070.0,2069.0,188.0,141.73,9.0,0.50201,0.17774,490.49,26.2,1.0,909.0,4.0,0.0,1.0,0.97013,0.6781,3.30334,0.0,0.0,1
2071.0,2070.0,6.0,15.92,10.0,0.33702,0.22738,109.32,13.91,1.0,421.0,3.0,0.0,1.0,1.10809,0.74578,2.70215,0.0,0.0,0
2072.0,2071.0,294.0,76.29,4.0,0.40208,0.06765,40.2,13.17,0.0,1821.0,2.0,0.0,1.0,1.03661,0.71129,2.65122,1.0,0.0,0
2073.0,2072.0,38.0,27.14,3.0,0.24483,0.15039,467.86,4.06,0.0,311.0,2.0,0.0,1.0,0.68584,0.52227,1.62099,1.0,0.0,0
2074.0,2073.0,150.0,67.41,14.0,0.2466,0.01,41.91,36.37,0.0,467.0,1.0,0.0,1.0,1.14937,0.76518,3.62097,0.0,0.0,0
2075.0,2074.0,284.0,16.94,20.0,0.34107,0.08199,489.6,5.91,2.0,427.0,0.0,0.0,1.0,0.58887,0.46302,1.93269,0.0,0.0,0
2076.0,2075.0,246.0,38.71,7.0,0.21348,0.28638,5.73,145.74,1.0,1513.0,3.0,1.0,1.0,0.73568,0.5514,4.98867,0.0,1.0,1
2077.0,2076.0,406.0,40.23,13.0,0.05526,0.07052,326.41,21.3,0.0,2103.0,1.0,0.0,1.0,0.90477,0.64436,3.10463,0.0,0.0,0
2078.0,2077.0,14.0,245.83,17.0,0.33818,0.07964,243.77,7.01,0.0,274.0,1.0,0.0,0.0,2.53266,1.26205,2.08123,0.0,0.0,0
2079.0,2078.0,181.0,28.6,11.0,0.24411,0.20185,298.16,2.6,1.0,1501.0,2.0,0.0,1.0,0.78891,0.58161,1.28227,0.0,0.0,0
2080.0,2079.0,331.0,31.22,5.0,0.19903,0.0938,54.83,2.52,0.0,212.0,2.0,0.0,1.0,0.63551,0.49196,1.25903,1.0,0.0,1
2081.0,2080.0,339.0,80.47,14.0,0.12665,0.10091,294.25,35.34,0.0,1709.0,6.0,1.0,1.0,2.29467,1.1923,3.5928,0.0,0.0,1
2082.0,2081.0,270.0,10.01,10.0,0.31697,0.11954,328.67,6.13,2.0,912.0,0.0,0.0,1.0,0.366,0.31188,1.9648,0.0,0.0,0
2083.0,2082.0,201.0,93.08,19.0,0.09281,0.36184,3.3,6.49,0.0,108.0,4.0,0.0,0.0,1.16437,0.77213,2.01352,0.0,1.0,0
2084.0,2083.0,396.0,33.39,17.0,0.25065,0.05172,200.57,29.3,0.0,1942.0,0.0,0.0,0.0,1.06378,0.72454,3.41109,0.0,0.0,0
2085.0,2084.0,75.0,101.98,9.0,0.33436,0.24522,208.97,127.91,3.0,4.0,1.0,1.0,0.0,1.5422,0.93303,4.85915,0.0,0.0,0
2086.0,2085.0,298.0,29.01,12.0,0.37355,0.27505,258.9,21.34,0.0,1486.0,2.0,0.0,0.0,1.20901,0.79255,3.10627,0.0,0.0,0
2087.0,2086.0,7.0,81.93,12.0,0.27443,0.3658,6.93,8.8,1.0,1086.0,4.0,0.0,1.0,1.8931,1.06233,2.28281,0.0,1.0,0
2088.0,2087.0,365.0,248.9,11.0,0.50667,0.14461,589.22,5.08,1.0,60.0,0.0,0.0,1.0,2.51465,1.25694,1.80554,0.0,0.0,0
2089.0,2088.0,337.0,164.98,6.0,0.62586,0.32261,419.1,5.03,1.0,1228.0,0.0,0.0,0.0,4.18642,1.64604,1.79731,0.0,0.0,0
2090.0,2089.0,121.0,7.0,22.0,0.25872,0.2899,570.46,4.79,1.0,1295.0,2.0,0.0,1.0,0.37428,0.31793,1.75572,0.0,0.0,0
2091.0,2090.0,409.0,421.03,15.0,0.66817,0.10143,345.87,7.17,3.0,1009.0,3.0,0.0,1.0,10.39465,2.43314,2.10008,0.0,0.0,0
2092.0,2091.0,88.0,36.13,3.0,0.09864,0.25281,64.35,10.09,0.0,982.0,1.0,0.0,1.0,0.35366,0.30281,2.40592,1.0,0.0,0
2093.0,2092.0,414.0,8.95,17.0,0.15537,0.05953,1.56,171.09,2.0,40.0,3.0,1.0,1.0,0.45228,0.37313,5.14799,0.0,1.0,1
2094.0,2093.0,231.0,169.87,18.0,0.21878,0.30997,2.26,8.83,0.0,1188.0,4.0,0.0,1.0,0.87253,0.62729,2.28545,0.0,1.0,0
2095.0,2094.0,411.0,86.65,16.0,0.52298,0.19456,355.9,11.77,0.0,1445.0,2.0,0.0,1.0,0.95988,0.67288,2.5473,0.0,0.0,0
2096.0,2095.0,17.0,34.89,12.0,0.26317,0.06243,105.79,48.38,0.0,1638.0,2.0,1.0,0.0,1.19941,0.78819,3.89961,0.0,0.0,0
2097.0,2096.0,335.0,199.34,14.0,0.11392,0.29837,33.67,26.03,0.0,2088.0,2.0,0.0,1.0,2.54136,1.26451,3.29704,0.0,0.0,0
2098.0,2097.0,120.0,48.46,9.0,0.22724,0.03625,233.14,1.53,1.0,1861.0,1.0,0.0,1.0,0.80798,0.59221,0.92872,0.0,0.0,0
2099.0,2098.0,49.0,15.65,11.0,0.16738,0.14024,140.52,28.84,0.0,980.0,0.0,0.0,1.0,0.90952,0.64685,3.39598,0.0,0.0,0
2100.0,2099.0,32.0,19.17,11.0,0.0815,0.04419,227.86,10.31,1.0,880.0,3.0,0.0,1.0,0.84252,0.61114,2.42531,0.0,0.0,0
2101.0,2100.0,356.0,17.12,12.0,0.39668,0.13423,700.06,12.11,1.0,413.0,0.0,0.0,1.0,0.46391,0.38111,2.57308,0.0,0.0,0
2102.0,2101.0,141.0,17.71,7.0,0.1383,0.22289,406.22,77.82,0.0,1788.0,2.0,1.0,1.0,0.35198,0.30157,4.36712,0.0,0.0,0
2103.0,2102.0,150.0,81.01,4.0,0.44984,0.38279,39.6,88.68,0.0,467.0,4.0,1.0,1.0,1.38121,0.86761,4.49629,1.0,0.0,0
2104.0,2103.0,160.0,187.6,12.0,0.69419,0.2278,1.08,23.97,1.0,626.0,3.0,0.0,0.0,1.33646,0.84864,3.21756,0.0,1.0,1
2105.0,2104.0,235.0,60.34,15.0,0.06307,0.13106,317.67,42.01,0.0,1659.0,5.0,1.0,1.0,1.58077,0.94809,3.76134,0.0,0.0,0
2106.0,2105.0,18.0,22.31,19.0,0.22321,0.41799,85.34,48.43,0.0,195.0,0.0,1.0,0.0,0.40093,0.33714,3.90057,0.0,0.0,1
2107.0,2106.0,36.0,15.07,12.0,0.54704,0.1172,98.43,43.32,0.0,1392.0,1.0,0.0,0.0,0.5798,0.4573,3.79155,0.0,0.0,0
2108.0,2107.0,13.0,63.48,18.0,0.49366,0.07302,5.93,11.12,0.0,1331.0,2.0,0.0,1.0,0.88211,0.63239,2.49465,0.0,1.0,0
2109.0,2108.0,224.0,35.05,11.0,0.20012,0.0995,10.92,6.27,1.0,584.0,6.0,0.0,1.0,0.56329,0.44679,1.98341,0.0,0.0,0
2110.0,2109.0,314.0,78.14,15.0,0.0715,0.28144,67.47,6.45,0.0,1324.0,0.0,0.0,0.0,2.25786,1.18107,2.00842,0.0,0.0,0
2111.0,2110.0,353.0,53.89,5.0,0.04328,0.17528,124.31,10.24,1.0,1053.0,1.0,0.0,1.0,1.33222,0.84682,2.4195,1.0,0.0,0
2112.0,2111.0,177.0,102.54,12.0,0.61413,0.1335,699.07,4.59,6.0,781.0,4.0,0.0,1.0,1.55054,0.9363,1.72132,0.0,0.0,1
2113.0,2112.0,191.0,4.92,10.0,0.36612,0.15299,749.0,16.5,0.0,1719.0,4.0,0.0,1.0,0.18816,0.1724,2.86212,0.0,0.0,0
2114.0,2113.0,71.0,169.43,8.0,0.07199,0.16622,4.07,32.15,0.0,810.0,1.0,1.0,1.0,3.57385,1.52036,3.50104,0.0,1.0,0
2115.0,2114.0,373.0,1815.25,9.0,0.44667,0.03853,99.93,8.24,0.0,907.0,2.0,0.0,0.0,17.08876,2.89529,2.22393,0.0,0.0,0
2116.0,2115.0,311.0,52.86,8.0,0.01278,0.28129,905.17,36.84,0.0,2122.0,1.0,0.0,0.0,2.33802,1.20538,3.63329,0.0,0.0,0
2117.0,2116.0,339.0,24.15,12.0,0.23761,0.2394,290.32,33.35,1.0,1709.0,2.0,0.0,1.0,0.68858,0.52389,3.53674,0.0,0.0,0
2118.0,2117.0,113.0,91.69,18.0,0.38676,0.4618,541.36,30.8,0.0,1906.0,3.0,0.0,1.0,0.94961,0.66763,3.4596,0.0,0.0,0
2119.0,2118.0,12.0,31.19,13.0,0.06988,0.2676,629.95,24.72,0.0,1896.0,0.0,0.0,1.0,0.53929,0.43132,3.2474,0.0,0.0,0
2120.0,2119.0,365.0,317.46,16.0,0.28097,0.11902,538.8,2.27,0.0,60.0,4.0,0.0,1.0,3.20723,1.4368,1.18418,0.0,0.0,0
2121.0,2120.0,253.0,74.68,3.0,0.4087,0.07104,548.4,23.67,0.0,1586.0,1.0,0.0,0.0,1.78774,1.02523,3.20574,1.0,0.0,1
2122.0,2121.0,230.0,194.78,13.0,0.15418,0.25171,267.23,23.93,0.0,1266.0,2.0,0.0,0.0,2.40333,1.22476,3.21588,0.0,0.0,0
2123.0,2122.0,312.0,44.56,16.0,0.06222,0.04348,66.54,45.76,1.0,748.0,2.0,0.0,0.0,0.35764,0.30575,3.84504,0.0,0.0,0
2124.0,2123.0,34.0,15.51,15.0,0.2737,0.24819,227.84,27.59,0.0,400.0,3.0,0.0,0.0,0.18461,0.16941,3.35291,0.0,0.0,0
2125.0,2124.0,346.0,983.27,14.0,0.12332,0.12263,208.25,32.41,1.0,2186.0,2.0,0.0,0.0,6.96635,2.07523,3.50892,0.0,0.0,0
2126.0,2125.0,61.0,162.15,8.0,0.76735,0.02462,472.71,308.08,0.0,1496.0,1.0,1.0,0.0,3.19917,1.43489,5.7336,0.0,0.0,0
2127.0,2126.0,244.0,106.28,10.0,0.15962,0.09306,104.81,9.45,0.0,1923.0,5.0,0.0,1.0,2.78628,1.33138,2.34634,0.0,0.0,0
2128.0,2127.0,380.0,81.33,2.0,0.26598,0.25428,354.94,17.16,0.0,1896.0,3.0,0.0,0.0,1.83573,1.0423,2.8994,1.0,0.0,0
2129.0,2128.0,294.0,133.5,7.0,0.15894,0.031,14.42,3.12,0.0,1821.0,5.0,0.0,1.0,1.81399,1.0346,1.41507,0.0,0.0,0
2130.0,2129.0,337.0,187.03,4.0,0.36256,0.31668,355.1,6.42,0.0,1228.0,5.0,0.0,0.0,4.74587,1.74848,2.00417,1.0,0.0,1
2131.0,2130.0,199.0,18.81,13.0,0.31278,0.18941,116.4,5.28,1.0,957.0,2.0,0.0,0.0,0.29548,0.25888,1.83794,0.0,0.0,0
2132.0,2131.0,322.0,444.93,6.0,0.61053,0.07087,306.03,4.05,0.0,1310.0,2.0,0.0,0.0,9.96103,2.39435,1.61855,0.0,0.0,0
2133.0,2132.0,238.0,27.06,21.0,0.54703,0.10102,4.98,12.06,2.0,1643.0,0.0,0.0,1.0,1.07191,0.72847,2.56975,0.0,1.0,0
2134.0,2133.0,49.0,21.56,18.0,0.23637,0.07541,130.34,28.03,2.0,980.0,5.0,0.0,1.0,1.25276,0.81216,3.36838,0.0,0.0,0
2135.0,2134.0,359.0,74.14,9.0,0.2266,0.04899,350.67,13.87,1.0,1172.0,1.0,0.0,0.0,0.90321,0.64354,2.69913,0.0,0.0,0
2136.0,2135.0,315.0,435.04,19.0,0.24882,0.03863,64.23,17.74,2.0,1127.0,2.0,0.0,0.0,16.9476,2.88746,2.93056,0.0,0.0,0
2137.0,2136.0,301.0,184.01,10.0,0.36129,0.04047,61.89,24.48,0.0,485.0,1.0,0.0,1.0,6.91427,2.06867,3.23808,0.0,0.0,0
2138.0,2137.0,320.0,88.43,16.0,0.1808,0.23332,1.58,5.9,0.0,1666.0,2.0,0.0,1.0,1.77219,1.01964,1.93081,0.0,1.0,0
2139.0,2138.0,225.0,11.66,17.0,0.16987,0.21179,203.74,6.32,0.0,1543.0,2.0,0.0,0.0,0.55882,0.44393,1.99118,0.0,0.0,0
2140.0,2139.0,205.0,106.96,15.0,0.16402,0.11568,29.24,10.42,0.0,1879.0,3.0,0.0,0.0,0.82696,0.60265,2.43503,0.0,0.0,0
2141.0,2140.0,198.0,81.15,17.0,0.33214,0.19853,727.33,17.34,0.0,843.0,3.0,0.0,1.0,2.04641,1.11396,2.90924,0.0,0.0,0
2142.0,2141.0,215.0,33.69,1.0,0.40885,0.18664,119.18,33.16,0.0,1529.0,2.0,0.0,1.0,0.82467,0.6014,3.53093,1.0,0.0,0
2143.0,2142.0,161.0,33.59,9.0,0.44065,0.08696,411.29,6.84,0.0,1806.0,3.0,0.0,0.0,0.75213,0.56083,2.05971,0.0,0.0,0
2144.0,2143.0,70.0,20.86,13.0,0.39789,0.12729,211.13,2.13,0.0,2097.0,1.0,0.0,1.0,0.6428,0.4964,1.14107,0.0,0.0,0
2145.0,2144.0,30.0,55.07,17.0,0.23853,0.01,8.34,36.32,1.0,945.0,0.0,0.0,0.0,1.55243,0.93705,3.61947,0.0,0.0,0
2146.0,2145.0,352.0,187.64,21.0,0.28292,0.25761,85.31,110.24,1.0,1181.0,1.0,1.0,1.0,2.11375,1.13583,4.71173,0.0,0.0,0
2147.0,2146.0,165.0,51.16,7.0,0.18263,0.06737,402.13,8.34,0.0,1180.0,0.0,0.0,1.0,0.7839,0.5788,2.23443,0.0,0.0,0
2148.0,2147.0,51.0,564.93,16.0,0.28263,0.38558,135.08,47.9,0.0,876.0,3.0,0.0,0.0,9.50029,2.3514,3.88978,0.0,0.0,0
2149.0,2148.0,72.0,26.37,11.0,0.08118,0.3456,191.68,37.47,0.0,513.0,1.0,0.0,1.0,0.31878,0.27671,3.64988,0.0,0.0,0
2150.0,2149.0,5.0,242.1,11.0,0.19416,0.55805,180.32,36.04,2.0,1734.0,1.0,0.0,1.0,3.12233,1.41642,3.61207,0.0,0.0,0
2151.0,2150.0,349.0,82.04,10.0,0.71058,0.30954,115.59,18.72,0.0,2005.0,5.0,0.0,1.0,0.53535,0.42876,2.98159,0.0,0.0,0
2152.0,2151.0,405.0,181.38,3.0,0.05861,0.07909,305.54,5.62,0.0,1562.0,2.0,0.0,1.0,2.54615,1.26586,1.89,1.0,0.0,0
2153.0,2152.0,356.0,61.59,11.0,0.33291,0.20788,624.84,5.43,1.0,413.0,1.0,0.0,1.0,1.66841,0.98148,1.86062,0.0,0.0,0
2154.0,2153.0,316.0,34.96,9.0,0.12427,0.08705,333.27,100.01,0.0,693.0,0.0,0.0,0.0,0.55218,0.43966,4.61519,0.0,0.0,0
2155.0,2154.0,384.0,43.48,4.0,0.28393,0.06888,1.55,24.66,0.0,1549.0,3.0,0.0,0.0,1.5798,0.94771,3.24496,1.0,1.0,1
2156.0,2155.0,257.0,398.88,16.0,0.43185,0.0375,617.59,21.5,0.0,2159.0,2.0,0.0,1.0,2.51604,1.25734,3.11351,0.0,0.0,0
2157.0,2156.0,21.0,126.75,15.0,0.11261,0.22287,194.96,335.59,1.0,1095.0,5.0,1.0,0.0,1.48776,0.91138,5.81887,0.0,0.0,0
2158.0,2157.0,308.0,79.39,9.0,0.05458,0.16054,94.13,29.43,1.0,534.0,2.0,0.0,1.0,1.24071,0.80679,3.41533,0.0,0.0,0
2159.0,2158.0,92.0,15.44,14.0,0.01941,0.18075,629.61,15.19,0.0,83.0,0.0,0.0,0.0,0.47951,0.39171,2.78412,0.0,0.0,0
2160.0,2159.0,18.0,18.77,17.0,0.1733,0.20339,84.04,18.01,0.0,195.0,1.0,0.0,1.0,0.3373,0.29065,2.94508,0.0,0.0,0
2161.0,2160.0,356.0,56.8,7.0,0.09853,0.23652,435.22,8.58,0.0,413.0,3.0,0.0,0.0,1.5388,0.93169,2.26007,0.0,0.0,0
2162.0,2161.0,128.0,31.41,9.0,0.18217,0.20291,268.82,36.36,1.0,1019.0,2.0,0.0,1.0,0.51647,0.41638,3.62061,0.0,0.0,0
2163.0,2162.0,29.0,47.87,15.0,0.11166,0.39124,30.16,6.87,0.0,498.0,1.0,0.0,1.0,1.0042,0.69525,2.06274,0.0,0.0,0
2164.0,2163.0,112.0,128.86,16.0,0.34306,0.06749,178.13,4.69,1.0,1102.0,5.0,0.0,0.0,1.32193,0.8424,1.7392,0.0,0.0,0
2165.0,2164.0,180.0,1883.15,22.0,0.1133,0.06587,4.76,18.16,1.0,1211.0,0.0,0.0,1.0,25.75425,3.28669,2.95263,0.0,1.0,1
2166.0,2165.0,293.0,12.62,16.0,0.22598,0.20034,381.82,11.51,1.0,1213.0,3.0,0.0,1.0,0.44367,0.36719,2.52645,0.0,0.0,0
2167.0,2166.0,172.0,88.2,11.0,0.34221,0.25719,77.32,12.35,0.0,1027.0,3.0,0.0,0.0,1.22522,0.79986,2.59123,0.0,0.0,0
2168.0,2167.0,231.0,711.11,16.0,0.23565,0.07613,3.04,20.43,1.0,1188.0,4.0,0.0,1.0,3.65252,1.53741,3.06471,0.0,1.0,0
2169.0,2168.0,53.0,167.07,19.0,0.37969,0.01294,215.72,47.11,1.0,2169.0,6.0,0.0,1.0,1.69319,0.99073,3.8735,0.0,0.0,0
2170.0,2169.0,339.0,85.54,14.0,0.03388,0.10336,609.91,3.91,0.0,1709.0,2.0,0.0,0.0,2.4391,1.23521,1.59152,0.0,0.0,0
2171.0,2170.0,279.0,188.52,7.0,0.0917,0.06325,186.62,37.16,0.0,2113.0,0.0,0.0,1.0,3.07152,1.40402,3.64186,0.0,0.0,0
2172.0,2171.0,394.0,63.53,18.0,0.14811,0.01,297.34,5.65,1.0,2033.0,0.0,0.0,1.0,0.90388,0.6439,1.89413,0.0,0.0,0
2173.0,2172.0,174.0,97.93,19.0,0.34285,0.07826,900.0,5.64,1.0,1212.0,1.0,0.0,1.0,1.47454,0.90605,1.89267,0.0,0.0,0
2174.0,2173.0,286.0,61.91,10.0,0.36302,0.20341,227.44,55.59,0.0,1906.0,5.0,0.0,1.0,0.44026,0.36482,4.03588,0.0,0.0,0
2175.0,2174.0,287.0,351.19,9.0,0.54255,0.11198,346.42,5.91,1.0,261.0,2.0,0.0,0.0,2.9291,1.36841,1.93322,0.0,0.0,0
2176.0,2175.0,384.0,26.19,15.0,0.36046,0.23374,547.33,16.43,1.0,1549.0,1.0,0.0,0.0,0.95148,0.66859,2.85795,0.0,0.0,0
2177.0,2176.0,292.0,334.0,16.0,0.06102,0.24382,2.04,201.04,0.0,742.0,1.0,0.0,1.0,4.61307,1.7251,5.30845,0.0,1.0,0
2178.0,2177.0,323.0,20.92,9.0,0.1869,0.2032,2.46,29.0,0.0,1520.0,3.0,0.0,0.0,0.50659,0.40985,3.40116,0.0,1.0,0
2179.0,2178.0,52.0,270.58,2.0,0.03894,0.48451,569.21,60.4,0.0,649.0,4.0,1.0,1.0,2.51539,1.25715,4.11744,1.0,0.0,0
2180.0,2179.0,339.0,24.21,14.0,0.14658,0.14195,202.11,23.64,1.0,1709.0,5.0,0.0,0.0,0.6904,0.52496,3.20446,0.0,0.0,0
2181.0,2180.0,182.0,72.1,11.0,0.05334,0.11753,266.19,5.15,0.0,1976.0,2.0,0.0,1.0,0.7983,0.58684,1.81609,0.0,0.0,0
2182.0,2181.0,360.0,28.17,7.0,0.05154,0.21394,706.51,8.46,0.0,2194.0,1.0,0.0,1.0,1.50061,0.91653,2.24686,0.0,0.0,0
2183.0,2182.0,361.0,274.66,18.0,0.54104,0.2257,709.59,2.77,1.0,2032.0,2.0,0.0,1.0,1.99135,1.09573,1.32578,0.0,0.0,0
2184.0,2183.0,97.0,72.09,7.0,0.14592,0.20198,307.96,33.08,1.0,114.0,1.0,0.0,1.0,0.87085,0.62639,3.52866,0.0,0.0,0
2185.0,2184.0,166.0,156.56,7.0,0.17159,0.05883,543.91,16.92,0.0,414.0,5.0,0.0,1.0,1.0678,0.72649,2.88582,0.0,0.0,0
2186.0,2185.0,267.0,327.91,2.0,0.13481,0.1052,110.56,64.75,1.0,820.0,1.0,0.0,1.0,2.40526,1.22532,4.18591,1.0,0.0,0
2187.0,2186.0,360.0,29.33,14.0,0.40814,0.10732,188.3,15.23,1.0,2194.0,1.0,0.0,1.0,1.56261,0.94102,2.78698,0.0,0.0,0
2188.0,2187.0,81.0,56.65,4.0,0.30112,0.22622,277.53,8.64,1.0,1575.0,1.0,0.0,1.0,0.76334,0.56721,2.26543,1.0,0.0,0
2189.0,2188.0,118.0,49.0,11.0,0.15998,0.47943,158.68,17.05,1.0,73.0,3.0,0.0,0.0,0.58061,0.45781,2.89296,0.0,0.0,0
2190.0,2189.0,223.0,53.84,3.0,0.35052,0.01527,106.11,18.88,0.0,28.0,2.0,0.0,1.0,1.35176,0.85516,2.98965,1.0,0.0,0
2191.0,2190.0,375.0,53.18,10.0,0.06821,0.32852,536.26,13.24,1.0,338.0,0.0,0.0,0.0,0.38785,0.32775,2.65618,0.0,0.0,0
2192.0,2191.0,46.0,57.69,14.0,0.19731,0.32866,186.47,186.34,0.0,281.0,4.0,1.0,0.0,1.86414,1.05227,5.23294,0.0,0.0,0
2193.0,2192.0,120.0,58.09,15.0,0.05086,0.10286,286.89,7.91,1.0,1861.0,1.0,0.0,1.0,0.96853,0.67729,2.18723,0.0,0.0,0
2194.0,2193.0,113.0,49.52,18.0,0.14159,0.08518,352.27,35.49,0.0,1906.0,2.0,0.0,1.0,0.51288,0.41402,3.59705,0.0,0.0,0
2195.0,2194.0,198.0,34.94,19.0,0.62619,0.12618,295.24,30.91,1.0,843.0,2.0,0.0,0.0,0.88113,0.63187,3.46287,0.0,0.0,0
2196.0,2195.0,131.0,33.52,7.0,0.54657,0.0927,108.99,5.44,1.0,335.0,2.0,0.0,1.0,0.50386,0.40804,1.86193,0.0,0.0,0
2197.0,2196.0,236.0,27.41,17.0,0.30375,0.08249,250.86,7.43,0.0,1333.0,6.0,0.0,1.0,0.73936,0.55352,2.13176,0.0,0.0,0
2198.0,2197.0,383.0,34.21,7.0,0.23727,0.14523,378.75,35.32,0.0,1724.0,3.0,0.0,0.0,0.96573,0.67586,3.59247,0.0,0.0,0
2199.0,2198.0,64.0,139.48,5.0,0.46293,0.12199,20.91,170.5,0.0,445.0,2.0,0.0,1.0,1.58091,0.94814,5.14457,1.0,0.0,1
2200.0,2199.0,347.0,285.28,18.0,0.1907,0.05953,166.05,47.16,0.0,1085.0,1.0,0.0,1.0,1.1786,0.77868,3.87451,0.0,0.0,0
2201.0,2200.0,172.0,30.07,10.0,0.34128,0.17611,121.38,120.0,1.0,1027.0,5.0,1.0,1.0,0.41771,0.34905,4.7958,0.0,0.0,0
2202.0,2201.0,155.0,21.78,12.0,0.0917,0.07582,285.45,276.92,0.0,1161.0,3.0,1.0,0.0,0.37746,0.32024,5.62733,0.0,0.0,0
2203.0,2202.0,187.0,391.66,4.0,0.01,0.10973,726.76,53.83,0.0,960.0,5.0,1.0,1.0,5.56926,1.8824,4.00432,1.0,0.0,1
2204.0,2203.0,53.0,103.75,11.0,0.16195,0.26892,858.35,2.22,0.0,2169.0,2.0,0.0,1.0,1.05143,0.71854,1.17088,0.0,0.0,0
2205.0,2204.0,145.0,42.16,11.0,0.03412,0.17828,657.29,56.88,0.0,1658.0,0.0,0.0,1.0,1.04752,0.71663,4.05837,0.0,0.0,0
2206.0,2205.0,92.0,66.93,12.0,0.1737,0.16091,894.02,26.11,1.0,83.0,3.0,0.0,1.0,2.0785,1.12444,3.29982,0.0,0.0,0
2207.0,2206.0,323.0,33.08,10.0,0.2771,0.28648,77.14,28.31,0.0,1520.0,1.0,0.0,0.0,0.80115,0.58843,3.37784,0.0,0.0,1
2208.0,2207.0,273.0,389.13,8.0,0.07336,0.14078,86.28,40.61,0.0,601.0,0.0,0.0,1.0,2.40149,1.22421,3.72824,0.0,0.0,0
2209.0,2208.0,408.0,52.6,10.0,0.25873,0.10922,62.98,3.81,2.0,1713.0,1.0,0.0,0.0,0.82895,0.60374,1.57083,0.0,0.0,0
2210.0,2209.0,251.0,71.76,10.0,0.32596,0.18591,277.69,4.45,1.0,1493.0,2.0,0.0,0.0,1.21801,0.79661,1.6949,0.0,0.0,0
2211.0,2210.0,381.0,100.06,12.0,0.44679,0.21191,495.65,81.24,0.0,15.0,7.0,1.0,0.0,1.20472,0.7906,4.40966,0.0,0.0,1
2212.0,2211.0,281.0,33.21,14.0,0.15568,0.01905,28.64,38.78,0.0,2147.0,1.0,0.0,1.0,1.72714,1.00325,3.68326,0.0,0.0,0
2213.0,2212.0,159.0,460.7,19.0,0.15609,0.13029,335.19,20.41,1.0,1564.0,0.0,0.0,0.0,11.86402,2.55443,3.06376,0.0,0.0,0
2214.0,2213.0,127.0,98.05,18.0,0.38772,0.03311,411.76,10.0,0.0,222.0,1.0,0.0,1.0,1.822,1.03744,2.39745,0.0,0.0,0
2215.0,2214.0,20.0,375.94,21.0,0.29237,0.10269,126.8,4.29,0.0,50.0,5.0,0.0,1.0,2.22461,1.17081,1.66637,0.0,0.0,0
2216.0,2215.0,366.0,65.71,10.0,0.41048,0.01,1.52,72.86,0.0,794.0,4.0,0.0,1.0,2.41057,1.22688,4.30216,0.0,1.0,0
2217.0,2216.0,11.0,76.13,17.0,0.02432,0.01573,189.41,28.63,0.0,295.0,0.0,0.0,0.0,2.15325,1.14843,3.38879,0.0,0.0,0
2218.0,2217.0,81.0,191.71,9.0,0.18049,0.04074,150.55,1.12,0.0,1575.0,1.0,0.0,1.0,2.58331,1.27629,0.7502,0.0,0.0,0
2219.0,2218.0,203.0,22.51,3.0,0.10668,0.03325,142.08,35.9,1.0,1953.0,2.0,0.0,0.0,0.3651,0.31123,3.60818,1.0,0.0,1
2220.0,2219.0,65.0,67.61,16.0,0.29011,0.03868,522.58,40.61,0.0,1888.0,0.0,0.0,1.0,0.73503,0.55103,3.72841,0.0,0.0,0
2221.0,2220.0,37.0,33.14,11.0,0.14419,0.33732,202.07,38.57,0.0,1840.0,2.0,0.0,1.0,0.85172,0.61611,3.67799,0.0,0.0,0
2222.0,2221.0,374.0,19.2,16.0,0.20412,0.28302,177.66,304.8,0.0,1533.0,1.0,1.0,1.0,0.36495,0.31112,5.72293,0.0,0.0,0
2223.0,2222.0,118.0,257.26,7.0,0.42126,0.21458,205.8,18.26,1.0,73.0,0.0,0.0,0.0,3.04854,1.39836,2.95818,0.0,0.0,0
2224.0,2223.0,392.0,47.32,19.0,0.11304,0.03548,816.92,5.43,0.0,1316.0,1.0,0.0,1.0,0.70386,0.5329,1.86099,0.0,0.0,0
2225.0,2224.0,358.0,71.04,13.0,0.3205,0.07842,67.48,26.39,1.0,1951.0,2.0,0.0,1.0,0.30959,0.26971,3.31016,0.0,0.0,0
2226.0,2225.0,70.0,64.7,10.0,0.5251,0.10692,492.64,16.55,0.0,2097.0,6.0,0.0,0.0,1.99374,1.09652,2.86515,0.0,0.0,0
2227.0,2226.0,161.0,32.46,4.0,0.20823,0.265,208.55,7.55,0.0,1806.0,4.0,0.0,0.0,0.72687,0.54631,2.14624,1.0,0.0,0
2228.0,2227.0,315.0,17.41,18.0,0.40223,0.08178,189.47,3.89,0.0,1127.0,2.0,0.0,1.0,0.67817,0.5177,1.58738,0.0,0.0,0
2229.0,2228.0,317.0,13.01,5.0,0.26023,0.02195,381.73,32.64,3.0,1385.0,0.0,0.0,1.0,0.73195,0.54925,3.51568,1.0,0.0,0
2230.0,2229.0,177.0,144.41,16.0,0.36836,0.44206,514.21,120.43,0.0,781.0,3.0,1.0,1.0,2.18365,1.15803,4.79931,0.0,0.0,0
2231.0,2230.0,154.0,94.42,4.0,0.24425,0.29202,578.95,6.1,2.0,1702.0,5.0,0.0,0.0,0.97979,0.68299,1.95975,1.0,0.0,0
2232.0,2231.0,356.0,42.4,11.0,0.46852,0.07782,298.02,6.85,1.0,413.0,2.0,0.0,0.0,1.14864,0.76484,2.06081,0.0,0.0,0
2233.0,2232.0,346.0,166.16,14.0,0.09969,0.22254,259.72,13.55,0.0,2186.0,3.0,0.0,1.0,1.17721,0.77804,2.67778,0.0,0.0,0
2234.0,2233.0,250.0,180.84,14.0,0.2247,0.44598,194.12,53.73,1.0,1017.0,2.0,1.0,1.0,3.26797,1.45114,4.00238,0.0,0.0,0
2235.0,2234.0,392.0,168.18,7.0,0.21766,0.10545,753.0,5.87,0.0,1316.0,1.0,0.0,1.0,2.50133,1.25314,1.92676,0.0,0.0,0
2236.0,2235.0,10.0,11.7,5.0,0.26348,0.04268,325.56,2.81,0.0,1497.0,2.0,0.0,1.0,0.27157,0.24026,1.33769,1.0,0.0,0
2237.0,2236.0,259.0,89.45,4.0,0.16988,0.23419,4.42,3.9,1.0,789.0,1.0,0.0,1.0,3.45932,1.495,1.58899,1.0,1.0,1
2238.0,2237.0,53.0,79.65,11.0,0.21563,0.30454,244.1,2.61,1.0,2169.0,3.0,0.0,1.0,0.80716,0.59176,1.2849,0.0,0.0,0
2239.0,2238.0,117.0,26.28,15.0,0.16636,0.0836,458.86,2.17,1.0,987.0,3.0,0.0,1.0,0.77688,0.57486,1.15396,0.0,0.0,0
2240.0,2239.0,307.0,80.26,17.0,0.22497,0.01371,319.47,6.36,0.0,2026.0,0.0,0.0,1.0,0.95246,0.66909,1.99571,0.0,0.0,0
2241.0,2240.0,97.0,57.55,20.0,0.34435,0.03861,110.73,14.68,0.0,114.0,1.0,0.0,1.0,0.6952,0.5278,2.75222,0.0,0.0,0
2242.0,2241.0,234.0,234.64,13.0,0.14291,0.03419,940.48,77.04,1.0,1886.0,2.0,1.0,1.0,2.64318,1.29286,4.35719,0.0,0.0,0
2243.0,2242.0,49.0,18.14,20.0,0.09676,0.16348,47.24,10.94,1.0,980.0,3.0,0.0,1.0,1.0544,0.71999,2.47978,0.0,0.0,0
2244.0,2243.0,237.0,115.39,15.0,0.07322,0.10667,911.15,18.99,0.0,1485.0,0.0,0.0,1.0,2.42141,1.23005,2.99514,0.0,0.0,0
2245.0,2244.0,402.0,72.37,19.0,0.06801,0.0157,706.42,5.38,3.0,891.0,0.0,0.0,1.0,0.97749,0.68183,1.8524,0.0,0.0,0
2246.0,2245.0,279.0,50.18,9.0,0.1177,0.13701,315.59,1.56,0.0,2113.0,3.0,0.0,0.0,0.81758,0.5975,0.94118,0.0,0.0,0
2247.0,2246.0,122.0,7.45,11.0,0.2242,0.21589,769.67,36.76,0.0,1135.0,4.0,0.0,1.0,0.50501,0.4088,3.63122,0.0,0.0,0
2248.0,2247.0,78.0,37.91,9.0,0.2455,0.22585,540.45,11.19,0.0,1375.0,2.0,0.0,1.0,0.65765,0.5054,2.50099,0.0,0.0,0
2249.0,2248.0,225.0,16.56,11.0,0.21452,0.15242,357.88,3.14,0.0,1543.0,1.0,0.0,1.0,0.79368,0.58427,1.42024,0.0,0.0,0
2250.0,2249.0,353.0,172.9,16.0,0.21005,0.06698,116.18,38.7,1.0,1053.0,1.0,0.0,1.0,4.27417,1.66282,3.68127,0.0,0.0,0
2251.0,2250.0,15.0,75.22,9.0,0.1345,0.01599,156.94,27.42,0.0,2047.0,3.0,0.0,1.0,0.74129,0.55463,3.34714,0.0,0.0,0
2252.0,2251.0,312.0,179.83,14.0,0.09917,0.20358,75.04,45.99,0.0,748.0,0.0,0.0,0.0,1.44325,0.89333,3.84985,0.0,0.0,0
2253.0,2252.0,222.0,98.96,10.0,0.28113,0.03312,195.24,67.7,0.0,741.0,0.0,1.0,1.0,1.08971,0.73703,4.22981,0.0,0.0,0
2254.0,2253.0,297.0,100.05,2.0,0.13002,0.31658,18.59,3.62,0.0,1797.0,1.0,0.0,0.0,0.54363,0.43414,1.53118,1.0,0.0,0
2255.0,2254.0,336.0,86.81,9.0,0.33729,0.42094,431.96,3.82,1.0,1874.0,2.0,0.0,0.0,2.24821,1.1781,1.5724,0.0,0.0,1
2256.0,2255.0,36.0,13.62,15.0,0.48683,0.04746,114.96,3.83,2.0,1392.0,5.0,0.0,1.0,0.52386,0.42125,1.57584,0.0,0.0,0
2257.0,2256.0,402.0,110.25,18.0,0.17234,0.3289,690.62,36.94,1.0,891.0,0.0,0.0,1.0,1.48906,0.9119,3.63595,0.0,0.0,0
2258.0,2257.0,291.0,93.1,19.0,0.25576,0.3843,40.61,306.76,0.0,2129.0,1.0,1.0,0.0,1.70703,0.99585,5.72933,0.0,0.0,1
2259.0,2258.0,32.0,22.43,14.0,0.14434,0.05028,399.65,3.23,1.0,880.0,2.0,0.0,0.0,0.98555,0.6859,1.44187,0.0,0.0,0
2260.0,2259.0,155.0,38.76,8.0,0.15294,0.29667,618.54,14.43,1.0,1161.0,1.0,0.0,1.0,0.67163,0.5138,2.7366,0.0,0.0,0
2261.0,2260.0,119.0,119.05,20.0,0.24064,0.07844,605.49,14.22,1.0,1514.0,2.0,0.0,1.0,2.49193,1.25045,2.72275,0.0,0.0,0
2262.0,2261.0,211.0,218.88,15.0,0.24683,0.05131,237.18,55.66,1.0,883.0,0.0,0.0,1.0,1.55654,0.93865,4.03701,0.0,0.0,0
2263.0,2262.0,315.0,35.0,11.0,0.03126,0.21449,122.48,9.51,0.0,1127.0,3.0,0.0,1.0,1.36361,0.86019,2.35192,0.0,0.0,0
2264.0,2263.0,220.0,11.43,10.0,0.2191,0.42636,463.86,90.2,0.0,929.0,2.0,1.0,1.0,0.37697,0.31989,4.51305,0.0,0.0,0
2265.0,2264.0,206.0,18.18,4.0,0.44387,0.01,33.55,8.3,2.0,1648.0,1.0,0.0,0.0,0.84629,0.61318,2.22966,1.0,0.0,1
2266.0,2265.0,183.0,144.99,15.0,0.18159,0.21162,46.07,8.53,0.0,474.0,2.0,0.0,0.0,1.73942,1.00774,2.25473,0.0,0.0,0
2267.0,2266.0,285.0,92.76,7.0,0.5258,0.16543,608.13,18.31,0.0,1446.0,4.0,0.0,0.0,1.21222,0.794,2.96057,0.0,0.0,0
2268.0,2267.0,42.0,10.08,16.0,0.46532,0.18599,187.32,20.02,1.0,1866.0,1.0,0.0,1.0,0.61629,0.48014,3.04542,0.0,0.0,0
2269.0,2268.0,248.0,72.43,15.0,0.08356,0.29112,60.27,22.8,0.0,1951.0,0.0,0.0,1.0,1.19343,0.78547,3.16967,0.0,0.0,0
2270.0,2269.0,147.0,692.34,15.0,0.04656,0.07257,149.61,17.17,0.0,214.0,4.0,0.0,1.0,5.86705,1.92673,2.89979,0.0,0.0,0
2271.0,2270.0,385.0,138.08,22.0,0.58129,0.08584,260.14,17.6,1.0,915.0,3.0,0.0,0.0,2.87809,1.35534,2.923,0.0,0.0,0
2272.0,2271.0,68.0,48.18,10.0,0.12609,0.29168,3.22,98.89,0.0,475.0,1.0,1.0,1.0,0.45072,0.37206,4.60402,0.0,1.0,0
2273.0,2272.0,312.0,102.24,17.0,0.32608,0.07307,67.54,7.9,1.0,748.0,3.0,0.0,1.0,0.82053,0.59913,2.18564,0.0,0.0,0
2274.0,2273.0,159.0,9.26,14.0,0.27849,0.10857,211.97,22.47,0.0,1564.0,0.0,0.0,0.0,0.23851,0.21391,3.15563,0.0,0.0,0
2275.0,2274.0,370.0,54.31,16.0,0.10178,0.04504,253.77,44.68,0.0,49.0,3.0,1.0,0.0,2.19077,1.16026,3.82175,0.0,0.0,0
2276.0,2275.0,4.0,231.9,14.0,0.47458,0.41119,1.9,146.21,0.0,1142.0,3.0,1.0,1.0,3.95392,1.60018,4.99183,0.0,1.0,1
2277.0,2276.0,277.0,38.63,14.0,0.43068,0.06376,562.59,40.88,1.0,198.0,0.0,0.0,0.0,0.98494,0.68559,3.73481,0.0,0.0,0
2278.0,2277.0,131.0,33.97,1.0,0.16003,0.08388,6.79,60.83,0.0,335.0,1.0,0.0,1.0,0.51063,0.41253,4.12435,1.0,1.0,0
2279.0,2278.0,237.0,131.99,14.0,0.41097,0.21948,323.14,10.79,1.0,1485.0,2.0,0.0,1.0,2.76972,1.327,2.4675,0.0,0.0,0
2280.0,2279.0,171.0,24.58,14.0,0.36179,0.18695,135.53,4.48,1.0,1418.0,4.0,0.0,0.0,0.88504,0.63395,1.70144,0.0,0.0,1
2281.0,2280.0,21.0,226.33,11.0,0.2643,0.18445,1.68,8.32,1.0,1095.0,2.0,0.0,0.0,2.65661,1.29654,2.23269,0.0,1.0,1
2282.0,2281.0,182.0,123.89,17.0,0.26607,0.22541,272.01,0.65,1.0,1976.0,1.0,0.0,0.0,1.37182,0.86366,0.50115,0.0,0.0,0
2283.0,2282.0,232.0,72.54,11.0,0.09552,0.13207,634.59,43.81,0.0,532.0,4.0,0.0,0.0,1.32571,0.84403,3.80253,0.0,0.0,0
2284.0,2283.0,294.0,40.75,16.0,0.38542,0.12891,15.39,8.05,1.0,1821.0,1.0,0.0,0.0,0.55373,0.44066,2.2029,0.0,0.0,0
2285.0,2284.0,392.0,215.68,15.0,0.38249,0.03228,400.99,7.43,1.0,1316.0,5.0,0.0,1.0,3.2079,1.43696,2.13207,0.0,0.0,0
2286.0,2285.0,167.0,48.58,13.0,0.19373,0.05443,113.63,2.7,1.0,1471.0,1.0,0.0,1.0,1.08699,0.73572,1.3074,0.0,0.0,0
2287.0,2286.0,305.0,11.74,16.0,0.22308,0.12425,781.02,9.89,1.0,1231.0,0.0,0.0,1.0,0.61571,0.47978,2.38766,0.0,0.0,0
2288.0,2287.0,141.0,88.6,13.0,0.3132,0.12554,211.67,3.7,1.0,1788.0,1.0,0.0,1.0,1.76137,1.01573,1.54693,0.0,0.0,0
2289.0,2288.0,401.0,45.87,11.0,0.19047,0.06177,682.13,23.38,0.0,301.0,2.0,0.0,1.0,0.51207,0.41348,3.1938,0.0,0.0,0
2290.0,2289.0,393.0,12.77,15.0,0.07688,0.02789,6.95,5.38,1.0,908.0,1.0,0.0,1.0,0.74892,0.559,1.85377,0.0,1.0,0
2291.0,2290.0,23.0,149.73,5.0,0.20934,0.07393,6.81,7.88,0.0,2053.0,0.0,0.0,1.0,1.54112,0.9326,2.18387,1.0,1.0,0
2292.0,2291.0,242.0,61.97,8.0,0.69823,0.2901,211.46,9.89,0.0,311.0,3.0,0.0,1.0,1.73171,1.00493,2.38755,0.0,0.0,1
2293.0,2292.0,134.0,20.35,3.0,0.28381,0.02583,474.02,4.71,0.0,813.0,1.0,0.0,1.0,0.55429,0.44102,1.74227,1.0,0.0,0
2294.0,2293.0,296.0,17.09,15.0,0.45045,0.01879,142.51,8.59,0.0,658.0,1.0,0.0,0.0,0.38527,0.3259,2.26099,0.0,0.0,0
2295.0,2294.0,129.0,46.78,14.0,0.27779,0.06234,371.85,381.82,0.0,927.0,3.0,1.0,1.0,1.07205,0.72854,5.94756,0.0,0.0,0
2296.0,2295.0,401.0,17.61,16.0,0.38067,0.03953,351.78,10.22,2.0,301.0,4.0,0.0,0.0,0.19658,0.17946,2.41811,0.0,0.0,0
2297.0,2296.0,270.0,141.59,16.0,0.22567,0.18212,6.14,1.27,1.0,912.0,2.0,0.0,0.0,5.1791,1.82117,0.82036,0.0,1.0,1
2298.0,2297.0,211.0,142.97,8.0,0.28361,0.09315,150.46,96.16,0.0,883.0,1.0,0.0,0.0,1.01671,0.70147,4.57636,0.0,0.0,0
2299.0,2298.0,368.0,23.75,13.0,0.37199,0.26308,83.4,7.65,1.0,578.0,1.0,0.0,1.0,0.48795,0.3974,2.15777,0.0,0.0,0
2300.0,2299.0,262.0,341.74,10.0,0.01946,0.16953,46.88,35.5,0.0,681.0,0.0,0.0,1.0,1.27587,0.82236,3.59742,0.0,0.0,0
2301.0,2300.0,375.0,267.71,16.0,0.56069,0.2189,0.59,5.03,0.0,338.0,1.0,0.0,1.0,1.95246,1.08264,1.79702,0.0,1.0,1
2302.0,2301.0,109.0,18.78,15.0,0.20519,0.08226,86.86,17.35,0.0,1723.0,2.0,0.0,0.0,0.33795,0.29114,2.9096,0.0,0.0,0
2303.0,2302.0,270.0,22.07,8.0,0.17938,0.11662,168.86,33.07,1.0,912.0,2.0,0.0,1.0,0.8072,0.59178,3.5283,0.0,0.0,0
2304.0,2303.0,273.0,37.01,5.0,0.15889,0.13039,3.13,18.82,0.0,601.0,2.0,0.0,1.0,0.2284,0.20571,2.98682,1.0,1.0,0
2305.0,2304.0,373.0,117.83,9.0,0.32483,0.20033,43.18,120.75,2.0,907.0,1.0,0.0,1.0,1.10927,0.74634,4.80194,0.0,0.0,0
2306.0,2305.0,75.0,40.88,7.0,0.561,0.02623,171.06,3.81,1.0,4.0,1.0,0.0,0.0,0.61817,0.48129,1.57102,0.0,0.0,0
2307.0,2306.0,319.0,120.32,12.0,0.08635,0.12835,203.09,36.17,0.0,1189.0,2.0,0.0,0.0,1.90975,1.06807,3.61561,0.0,0.0,0
2308.0,2307.0,64.0,29.96,14.0,0.105,0.27865,12.54,11.71,0.0,445.0,0.0,0.0,0.0,0.33955,0.29234,2.54214,0.0,0.0,0
2309.0,2308.0,255.0,141.57,13.0,0.4351,0.17063,797.18,33.75,0.0,1608.0,1.0,0.0,0.0,1.31229,0.83824,3.54807,0.0,0.0,0
2310.0,2309.0,223.0,19.89,13.0,0.34454,0.13542,115.51,3.94,0.0,28.0,0.0,0.0,0.0,0.4993,0.405,1.59742,0.0,0.0,0
2311.0,2310.0,217.0,50.16,13.0,0.04549,0.13107,168.95,12.93,0.0,213.0,0.0,0.0,1.0,0.3889,0.32851,2.63426,0.0,0.0,0
2312.0,2311.0,201.0,82.95,8.0,0.14792,0.26098,134.96,3.22,0.0,108.0,1.0,0.0,0.0,1.03756,0.71175,1.44068,0.0,0.0,0
2313.0,2312.0,267.0,129.96,14.0,0.14476,0.10495,131.99,47.29,0.0,820.0,2.0,1.0,1.0,0.95324,0.66949,3.87721,0.0,0.0,0
2314.0,2313.0,17.0,30.86,2.0,0.06314,0.11059,71.44,6.11,0.0,1638.0,1.0,0.0,0.0,1.06064,0.72302,1.96211,1.0,0.0,0
2315.0,2314.0,411.0,34.33,13.0,0.21955,0.11389,478.85,25.11,0.0,1445.0,0.0,0.0,1.0,0.3803,0.3223,3.26215,0.0,0.0,0
2316.0,2315.0,304.0,30.63,14.0,0.15423,0.3625,747.82,12.78,0.0,1312.0,2.0,1.0,0.0,0.59551,0.46719,2.62344,0.0,0.0,0
2317.0,2316.0,13.0,10.65,19.0,0.35907,0.03341,743.24,15.24,1.0,1331.0,4.0,0.0,1.0,0.14801,0.13803,2.78758,0.0,0.0,0
2318.0,2317.0,375.0,181.66,19.0,0.06527,0.11927,121.56,26.56,0.0,338.0,2.0,0.0,0.0,1.3249,0.84368,3.31654,0.0,0.0,0
2319.0,2318.0,118.0,499.49,18.0,0.21872,0.05867,2.32,8.93,0.0,73.0,1.0,0.0,0.0,5.91902,1.93427,2.29557,0.0,1.0,1
2320.0,2319.0,64.0,66.25,8.0,0.12105,0.02725,39.04,22.02,1.0,445.0,2.0,0.0,1.0,0.75086,0.56011,3.13624,0.0,0.0,0
2321.0,2320.0,305.0,24.24,15.0,0.16126,0.16022,606.5,18.99,0.0,1231.0,1.0,0.0,1.0,1.27154,0.82046,2.99537,0.0,0.0,0
2322.0,2321.0,66.0,79.43,17.0,0.23851,0.12326,318.35,4.85,1.0,99.0,3.0,0.0,1.0,0.94287,0.66416,1.7667,0.0,0.0,0
2323.0,2322.0,121.0,14.69,6.0,0.36059,0.33386,218.71,22.59,0.0,1295.0,1.0,0.0,0.0,0.78491,0.57937,3.16097,0.0,0.0,0
2324.0,2323.0,269.0,166.67,1.0,0.39722,0.26434,574.82,3.78,1.0,659.0,4.0,0.0,1.0,1.75233,1.01245,1.56485,1.0,0.0,1
2325.0,2324.0,123.0,27.72,10.0,0.44283,0.14292,178.66,143.48,0.0,414.0,0.0,0.0,0.0,0.48513,0.3955,4.97312,0.0,0.0,0
2326.0,2325.0,281.0,51.32,5.0,0.18773,0.16352,78.91,5.81,0.0,2147.0,1.0,0.0,0.0,2.6687,1.29984,1.91846,1.0,0.0,1
2327.0,2326.0,249.0,8.2,6.0,0.2327,0.02679,69.78,76.19,0.0,1409.0,4.0,1.0,1.0,0.19967,0.18205,4.34622,0.0,0.0,0
2328.0,2327.0,291.0,137.5,6.0,0.29307,0.16551,68.2,16.7,0.0,2129.0,1.0,0.0,0.0,2.52114,1.25879,2.87354,0.0,0.0,0
2329.0,2328.0,111.0,13.22,12.0,0.09958,0.32388,329.28,4.65,1.0,1109.0,0.0,0.0,1.0,0.5115,0.41311,1.7316,0.0,0.0,0
2330.0,2329.0,117.0,24.08,9.0,0.10617,0.05914,382.66,13.85,1.0,987.0,0.0,0.0,1.0,0.71162,0.53744,2.6982,0.0,0.0,0
2331.0,2330.0,54.0,162.82,18.0,0.46532,0.43265,6.34,22.77,0.0,427.0,1.0,0.0,1.0,1.213,0.79435,3.16842,0.0,1.0,0
2332.0,2331.0,148.0,32.0,4.0,0.37271,0.27362,242.07,2.24,0.0,1988.0,1.0,0.0,1.0,1.03702,0.71149,1.17545,1.0,0.0,0
2333.0,2332.0,377.0,54.91,13.0,0.12607,0.09543,439.21,4.81,0.0,616.0,2.0,0.0,0.0,0.56854,0.45014,1.75916,0.0,0.0,0
2334.0,2333.0,3.0,89.72,13.0,0.4418,0.02323,651.64,7.96,0.0,817.0,2.0,0.0,0.0,1.62128,0.96366,2.19303,0.0,0.0,0
2335.0,2334.0,68.0,221.41,8.0,0.21914,0.17424,110.61,8.13,0.0,475.0,0.0,0.0,1.0,2.07111,1.12204,2.21179,0.0,0.0,0
2336.0,2335.0,23.0,39.4,11.0,0.26262,0.12008,502.19,9.19,0.0,2053.0,2.0,0.0,0.0,0.40552,0.3404,2.32141,0.0,0.0,0
2337.0,2336.0,317.0,17.18,15.0,0.15206,0.33484,483.23,3.97,0.0,1385.0,4.0,0.0,1.0,0.96685,0.67643,1.60358,0.0,0.0,0
2338.0,2337.0,87.0,62.6,15.0,0.1542,0.19372,65.79,10.84,1.0,1015.0,3.0,0.0,0.0,0.5469,0.43625,2.47151,0.0,0.0,1
2339.0,2338.0,235.0,280.92,10.0,0.08827,0.05347,431.88,9.74,1.0,1659.0,1.0,0.0,1.0,7.35956,2.12341,2.37368,0.0,0.0,0
2340.0,2339.0,270.0,18.21,15.0,0.36232,0.08826,378.31,25.38,1.0,912.0,1.0,0.0,1.0,0.666,0.51042,3.27258,0.0,0.0,0
2341.0,2340.0,86.0,188.17,4.0,0.46011,0.06028,830.39,136.03,0.0,1829.0,1.0,0.0,1.0,1.5959,0.95393,4.92023,1.0,0.0,0
2342.0,2341.0,138.0,41.48,11.0,0.22419,0.18201,440.28,24.19,0.0,1772.0,1.0,0.0,0.0,0.8963,0.63991,3.22654,0.0,0.0,0
2343.0,2342.0,334.0,33.51,12.0,0.2372,0.18665,220.53,18.24,0.0,1391.0,2.0,0.0,1.0,1.08471,0.73463,2.95721,0.0,0.0,0
2344.0,2343.0,32.0,14.22,8.0,0.13763,0.08264,181.51,4.49,1.0,880.0,1.0,0.0,0.0,0.62491,0.48545,1.70264,0.0,0.0,0
2345.0,2344.0,381.0,44.1,16.0,0.47606,0.09902,341.38,5.19,1.0,15.0,4.0,0.0,1.0,0.53102,0.42594,1.82364,0.0,0.0,0
2346.0,2345.0,117.0,28.92,18.0,0.27385,0.05916,151.8,166.61,1.0,987.0,2.0,1.0,0.0,0.85484,0.6178,5.12164,0.0,0.0,0
2347.0,2346.0,40.0,51.39,11.0,0.30026,0.09426,990.21,5.08,0.0,1992.0,3.0,0.0,1.0,0.58613,0.4613,1.80478,0.0,0.0,0
2348.0,2347.0,337.0,93.65,12.0,0.3298,0.075,312.14,37.95,0.0,1228.0,1.0,0.0,1.0,2.37633,1.21679,3.66219,0.0,0.0,0
2349.0,2348.0,160.0,79.02,12.0,0.24459,0.07369,31.0,101.21,2.0,626.0,1.0,1.0,1.0,0.56294,0.44657,4.62703,0.0,0.0,0
2350.0,2349.0,354.0,26.12,2.0,0.28261,0.06671,414.14,12.59,0.0,1115.0,1.0,0.0,1.0,0.9755,0.68082,2.60959,1.0,0.0,0
2351.0,2350.0,16.0,67.74,9.0,0.19668,0.21434,455.47,4.22,0.0,1013.0,1.0,0.0,1.0,1.31094,0.83766,1.65283,0.0,0.0,0
2352.0,2351.0,178.0,2133.64,16.0,0.34713,0.14927,671.11,2.15,0.0,563.0,1.0,0.0,0.0,11.38879,2.51679,1.14667,0.0,0.0,1
2353.0,2352.0,256.0,895.96,9.0,0.38773,0.17414,87.59,12.25,0.0,1545.0,2.0,0.0,1.0,8.02973,2.20052,2.58364,0.0,0.0,0
2354.0,2353.0,166.0,166.42,13.0,0.12887,0.01411,289.49,30.03,0.0,414.0,1.0,0.0,0.0,1.13504,0.75848,3.43507,0.0,0.0,0
2355.0,2354.0,414.0,219.77,10.0,0.68667,0.07368,2.4,2.44,0.0,40.0,2.0,0.0,0.0,11.11116,2.49413,1.23518,0.0,1.0,0
2356.0,2355.0,3.0,10.95,17.0,0.25604,0.2311,745.9,9.59,0.0,817.0,1.0,0.0,1.0,0.1979,0.18057,2.36012,0.0,0.0,0
2357.0,2356.0,116.0,85.45,16.0,0.82605,0.10562,47.28,24.04,2.0,2119.0,4.0,0.0,0.0,0.59832,0.46895,3.22057,0.0,0.0,0
2358.0,2357.0,376.0,40.83,7.0,0.2127,0.28654,375.53,96.46,1.0,462.0,1.0,0.0,1.0,0.58022,0.45756,4.57947,0.0,0.0,0
2359.0,2358.0,130.0,31.44,11.0,0.29092,0.08949,394.75,18.41,1.0,1759.0,2.0,0.0,1.0,0.63109,0.48925,2.96576,0.0,0.0,0
2360.0,2359.0,196.0,144.4,12.0,0.04974,0.03521,176.45,3.61,0.0,1865.0,1.0,0.0,1.0,3.89328,1.58786,1.52752,0.0,0.0,0
2361.0,2360.0,233.0,77.18,14.0,0.33275,0.36791,394.82,15.75,1.0,1453.0,3.0,0.0,0.0,2.77541,1.32851,2.81846,0.0,0.0,0
2362.0,2361.0,154.0,63.45,17.0,0.35157,0.2727,170.91,4.8,0.0,1702.0,1.0,0.0,0.0,0.65842,0.50587,1.75769,0.0,0.0,0
2363.0,2362.0,246.0,25.27,13.0,0.1795,0.14556,51.18,10.42,0.0,1513.0,3.0,0.0,1.0,0.48019,0.39217,2.43517,0.0,0.0,0
2364.0,2363.0,145.0,55.54,15.0,0.41469,0.09243,6.49,10.21,0.0,1658.0,1.0,0.0,1.0,1.37997,0.86709,2.41693,0.0,1.0,0
2365.0,2364.0,368.0,29.4,15.0,0.71673,0.31879,233.83,13.74,1.0,578.0,2.0,0.0,0.0,0.60404,0.47253,2.69067,0.0,0.0,0
2366.0,2365.0,153.0,9.86,6.0,0.01509,0.11202,146.04,123.7,0.0,2084.0,2.0,0.0,1.0,0.29244,0.25653,4.82593,0.0,0.0,0
2367.0,2366.0,100.0,79.48,16.0,0.31803,0.01,573.38,4.13,1.0,1929.0,1.0,0.0,0.0,2.45469,1.23973,1.63468,0.0,0.0,0
2368.0,2367.0,107.0,103.67,13.0,0.15288,0.07431,350.52,3.25,0.0,498.0,2.0,0.0,0.0,3.79841,1.56828,1.4471,0.0,0.0,0
2369.0,2368.0,262.0,723.24,18.0,0.0526,0.07838,21.52,35.14,0.0,681.0,0.0,0.0,1.0,2.70019,1.30838,3.58745,0.0,0.0,0
2370.0,2369.0,8.0,57.78,14.0,0.34758,0.03409,318.86,8.48,2.0,1553.0,2.0,0.0,1.0,1.10633,0.74495,2.24876,0.0,0.0,0
2371.0,2370.0,25.0,107.97,8.0,0.16748,0.18936,334.46,2.25,1.0,461.0,1.0,0.0,1.0,1.5821,0.9486,1.17954,0.0,0.0,0
2372.0,2371.0,68.0,480.39,5.0,0.26812,0.22223,137.0,9.86,0.0,475.0,1.0,0.0,1.0,4.49362,1.70359,2.38474,1.0,0.0,0
2373.0,2372.0,174.0,67.93,19.0,0.12713,0.18361,863.17,9.35,1.0,1212.0,3.0,0.0,1.0,1.02274,0.70445,2.337,0.0,0.0,0
2374.0,2373.0,102.0,18.53,11.0,0.45393,0.17963,66.5,13.05,0.0,471.0,4.0,0.0,1.0,0.52499,0.42199,2.64261,0.0,0.0,0
2375.0,2374.0,191.0,49.83,18.0,0.30952,0.19754,496.5,9.8,0.0,1719.0,5.0,0.0,1.0,1.90566,1.06666,2.37995,0.0,0.0,0
2376.0,2375.0,170.0,723.7,14.0,0.0676,0.34613,158.73,60.8,1.0,1043.0,1.0,0.0,0.0,27.53805,3.35124,4.12386,0.0,0.0,1
2377.0,2376.0,210.0,20.45,16.0,0.21268,0.03215,629.71,15.16,0.0,471.0,0.0,0.0,1.0,0.32627,0.28237,2.78253,0.0,0.0,0
2378.0,2377.0,152.0,16.12,17.0,0.05558,0.09816,478.86,4.38,0.0,1937.0,1.0,0.0,1.0,0.35154,0.30125,1.6834,0.0,0.0,0
2379.0,2378.0,263.0,14.12,19.0,0.31563,0.23533,471.63,4.81,0.0,975.0,1.0,0.0,0.0,0.34892,0.29931,1.75928,0.0,0.0,0
2380.0,2379.0,47.0,7.33,19.0,0.17205,0.13665,27.37,24.88,0.0,1011.0,1.0,0.0,1.0,0.83642,0.60782,3.25344,0.0,0.0,0
2381.0,2380.0,112.0,24.89,4.0,0.25509,0.21469,134.13,10.29,0.0,1102.0,3.0,0.0,1.0,0.25533,0.2274,2.42384,1.0,0.0,0
2382.0,2381.0,108.0,93.81,7.0,0.12694,0.06861,16.2,16.05,0.0,1757.0,0.0,0.0,1.0,1.05245,0.71903,2.8362,0.0,0.0,0
2383.0,2382.0,375.0,78.44,16.0,0.59546,0.10583,565.1,4.27,0.0,338.0,2.0,0.0,1.0,0.57212,0.45242,1.66282,0.0,0.0,0
2384.0,2383.0,49.0,9.3,12.0,0.13728,0.02704,129.92,1085.97,1.0,980.0,2.0,1.0,1.0,0.54043,0.43206,6.99115,0.0,0.0,0
2385.0,2384.0,279.0,162.84,16.0,0.20962,0.33563,365.95,4.99,2.0,2113.0,1.0,0.0,0.0,2.65313,1.29558,1.79088,0.0,0.0,0
2386.0,2385.0,386.0,275.96,6.0,0.15519,0.02563,733.62,9.85,0.0,1740.0,3.0,0.0,1.0,10.71272,2.46068,2.38417,0.0,0.0,0
2387.0,2386.0,30.0,35.13,2.0,0.43498,0.1059,8.69,17.92,0.0,945.0,2.0,0.0,1.0,0.99019,0.68823,2.93997,1.0,0.0,0
2388.0,2387.0,194.0,7.72,3.0,0.40076,0.19889,399.52,33.25,0.0,1488.0,5.0,0.0,0.0,0.50316,0.40757,3.53378,1.0,0.0,0
2389.0,2388.0,349.0,206.26,19.0,0.31068,0.29734,214.59,140.52,2.0,2005.0,2.0,1.0,1.0,1.34594,0.85269,4.95248,0.0,0.0,0
2390.0,2389.0,4.0,39.54,10.0,0.22983,0.15948,6.15,2.92,1.0,1142.0,2.0,0.0,1.0,0.67413,0.5153,1.36686,0.0,1.0,0
2391.0,2390.0,405.0,95.31,6.0,0.36424,0.2264,144.9,103.7,0.0,1562.0,3.0,1.0,0.0,1.33795,0.84928,4.65113,0.0,0.0,0
2392.0,2391.0,200.0,122.1,4.0,0.26013,0.23676,151.01,12.55,0.0,1138.0,3.0,0.0,1.0,1.00087,0.69358,2.60663,1.0,0.0,0
2393.0,2392.0,65.0,24.9,12.0,0.23092,0.21097,589.09,17.42,1.0,1888.0,4.0,0.0,0.0,0.27076,0.23962,2.91325,0.0,0.0,0
2394.0,2393.0,354.0,11.33,7.0,0.19692,0.22236,3.13,6.73,1.0,1115.0,1.0,0.0,1.0,0.42308,0.35282,2.04502,0.0,1.0,0
2395.0,2394.0,138.0,22.47,8.0,0.10926,0.19424,149.95,17.06,0.0,1772.0,1.0,0.0,0.0,0.48563,0.39584,2.89348,0.0,0.0,0
2396.0,2395.0,338.0,89.5,12.0,0.26352,0.13143,14.98,43.26,0.0,1230.0,4.0,1.0,1.0,0.7439,0.55612,3.79002,0.0,0.0,1
2397.0,2396.0,184.0,149.73,14.0,0.01931,0.34314,365.82,31.65,1.0,1630.0,1.0,0.0,1.0,0.63465,0.49143,3.48589,0.0,0.0,0
2398.0,2397.0,244.0,78.89,2.0,0.48559,0.12453,163.52,87.07,1.0,1923.0,5.0,1.0,0.0,2.06821,1.12109,4.47812,1.0,0.0,1
2399.0,2398.0,332.0,60.77,4.0,0.07362,0.23672,460.69,7.28,0.0,1585.0,0.0,0.0,1.0,1.3707,0.86318,2.11338,1.0,0.0,0
2400.0,2399.0,321.0,29.71,9.0,0.03243,0.38617,154.55,10.27,0.0,1705.0,1.0,0.0,1.0,0.42076,0.35119,2.42175,0.0,0.0,0
2401.0,2400.0,401.0,49.06,17.0,0.29404,0.1677,820.71,1.61,1.0,301.0,2.0,0.0,0.0,0.54767,0.43675,0.95977,0.0,0.0,0
2402.0,2401.0,374.0,216.47,5.0,0.313,0.38912,372.08,5.94,1.0,1533.0,1.0,0.0,0.0,4.11545,1.63227,1.93779,1.0,0.0,0
2403.0,2402.0,53.0,167.76,14.0,0.45354,0.39789,276.5,9.6,1.0,2169.0,2.0,0.0,1.0,1.70018,0.99332,2.3613,0.0,0.0,0
2404.0,2403.0,320.0,63.07,17.0,0.25739,0.01,66.68,22.92,2.0,1666.0,1.0,0.0,1.0,1.26392,0.8171,3.17475,0.0,0.0,0
2405.0,2404.0,337.0,62.33,17.0,0.08811,0.02356,2.51,7.38,0.0,1228.0,1.0,0.0,1.0,1.58172,0.94846,2.12585,0.0,1.0,0
2406.0,2405.0,332.0,48.07,15.0,0.03184,0.5986,189.33,5.37,0.0,1585.0,2.0,0.0,1.0,1.08414,0.73436,1.85131,0.0,0.0,0
2407.0,2406.0,224.0,173.26,14.0,0.15655,0.20992,8.65,6.19,1.0,584.0,2.0,0.0,1.0,2.78436,1.33088,1.97307,0.0,0.0,0
2408.0,2407.0,273.0,129.16,18.0,0.2451,0.06635,120.77,1.49,1.0,601.0,1.0,0.0,0.0,0.79711,0.58618,0.91088,0.0,0.0,0
2409.0,2408.0,399.0,49.29,15.0,0.4524,0.10028,597.54,31.07,1.0,326.0,2.0,0.0,0.0,1.34755,0.85337,3.46786,0.0,0.0,0
2410.0,2409.0,217.0,423.78,17.0,0.16002,0.10011,456.42,347.12,0.0,213.0,3.0,1.0,0.0,3.28528,1.45519,5.85255,0.0,0.0,0
2411.0,2410.0,136.0,146.87,20.0,0.18789,0.01228,511.3,35.38,1.0,1185.0,3.0,0.0,1.0,1.46113,0.90062,3.59394,0.0,0.0,0
2412.0,2411.0,131.0,145.53,5.0,0.46122,0.02637,106.7,10.01,2.0,335.0,3.0,0.0,1.0,2.18742,1.15921,2.39884,1.0,0.0,0
2413.0,2412.0,229.0,87.18,19.0,0.17744,0.13189,2.03,6.87,1.0,1763.0,0.0,0.0,0.0,1.15015,0.76554,2.06335,0.0,1.0,0
2414.0,2413.0,181.0,28.35,16.0,0.14154,0.1429,224.59,40.04,0.0,1501.0,1.0,0.0,1.0,0.78188,0.57767,3.71467,0.0,0.0,0
2415.0,2414.0,33.0,137.72,5.0,0.22522,0.27028,1.75,16.84,0.0,1939.0,1.0,0.0,0.0,0.80716,0.59176,2.88118,1.0,1.0,1
2416.0,2415.0,288.0,43.42,2.0,0.14378,0.24569,578.4,10.39,0.0,1634.0,0.0,0.0,1.0,1.06356,0.72443,2.43284,1.0,0.0,0
2417.0,2416.0,266.0,46.28,18.0,0.17345,0.10116,298.81,20.31,0.0,1157.0,2.0,0.0,0.0,0.30849,0.26887,3.05896,0.0,0.0,0
2418.0,2417.0,53.0,59.22,3.0,0.36743,0.44283,513.4,1.05,1.0,2169.0,2.0,0.0,1.0,0.60017,0.47011,0.71826,1.0,0.0,0
2419.0,2418.0,378.0,67.81,16.0,0.03516,0.08533,293.38,8.16,0.0,844.0,0.0,0.0,0.0,1.20165,0.78921,2.21433,0.0,0.0,0
2420.0,2419.0,14.0,267.22,6.0,0.30575,0.18753,602.55,6.17,1.0,274.0,3.0,0.0,0.0,2.75306,1.32257,1.97036,0.0,0.0,0
2421.0,2420.0,148.0,31.04,4.0,0.4964,0.07968,571.87,24.23,1.0,1988.0,2.0,0.0,0.0,1.00576,0.69602,3.22795,1.0,0.0,1
2422.0,2421.0,284.0,11.85,19.0,0.26695,0.11409,488.4,17.17,0.0,427.0,3.0,0.0,1.0,0.41195,0.34497,2.89979,0.0,0.0,0
2423.0,2422.0,337.0,147.05,1.0,0.13066,0.15222,455.04,5.23,1.0,1228.0,1.0,0.0,1.0,3.73129,1.5542,1.83009,1.0,0.0,0
2424.0,2423.0,391.0,59.52,9.0,0.1018,0.23818,134.49,16.56,0.0,234.0,2.0,0.0,1.0,0.90353,0.64371,2.86564,0.0,0.0,1
2425.0,2424.0,11.0,61.17,11.0,0.0233,0.24941,94.15,3.84,0.0,295.0,2.0,0.0,1.0,1.73025,1.00439,1.57791,0.0,0.0,0
2426.0,2425.0,169.0,121.37,9.0,0.20621,0.30598,310.46,3.33,0.0,989.0,3.0,0.0,1.0,1.81082,1.03347,1.4664,0.0,0.0,0
2427.0,2426.0,42.0,202.71,10.0,0.36426,0.08803,574.94,5.15,1.0,1866.0,1.0,0.0,0.0,12.39118,2.5946,1.81583,0.0,0.0,0
2428.0,2427.0,73.0,70.52,13.0,0.19376,0.09371,276.24,27.88,0.0,1339.0,2.0,0.0,0.0,1.25201,0.81182,3.36331,0.0,0.0,0
2429.0,2428.0,179.0,151.01,7.0,0.18077,0.42321,279.34,72.5,0.0,1808.0,3.0,0.0,1.0,2.16817,1.15316,4.29734,0.0,0.0,0
2430.0,2429.0,342.0,32.8,16.0,0.29343,0.16341,209.91,5.19,0.0,453.0,2.0,0.0,0.0,1.16836,0.77397,1.82335,0.0,0.0,0
2431.0,2430.0,243.0,31.17,15.0,0.33121,0.32906,173.73,15.73,0.0,1841.0,1.0,0.0,0.0,0.43424,0.36064,2.81742,0.0,0.0,0
2432.0,2431.0,215.0,44.81,12.0,0.18916,0.02929,380.43,20.22,0.0,1529.0,3.0,0.0,1.0,1.09684,0.74043,3.05511,0.0,0.0,0
2433.0,2432.0,108.0,394.35,21.0,0.28282,0.21081,79.06,17.05,1.0,1757.0,0.0,0.0,1.0,4.42427,1.69088,2.89335,0.0,0.0,0
2434.0,2433.0,356.0,55.8,13.0,0.16103,0.17895,1.86,5.16,1.0,413.0,2.0,0.0,1.0,1.5117,0.92096,1.81735,0.0,1.0,0
2435.0,2434.0,367.0,62.62,17.0,0.60962,0.15362,89.88,11.23,1.0,1754.0,3.0,0.0,1.0,0.87767,0.63003,2.50353,0.0,0.0,0
2436.0,2435.0,68.0,120.7,3.0,0.2328,0.14992,189.13,6.29,0.0,475.0,2.0,0.0,0.0,1.12904,0.75567,1.98607,1.0,0.0,0
2437.0,2436.0,6.0,72.57,18.0,0.21599,0.0204,41.26,7.93,0.0,421.0,2.0,0.0,1.0,5.05041,1.80013,2.18961,0.0,0.0,0
2438.0,2437.0,314.0,54.92,19.0,0.21552,0.16333,131.61,5.6,0.0,1324.0,1.0,0.0,0.0,1.58677,0.95041,1.8875,0.0,0.0,0
2439.0,2438.0,271.0,214.62,11.0,0.01795,0.16524,120.89,146.05,1.0,1626.0,1.0,1.0,0.0,1.71799,0.99989,4.99077,0.0,0.0,0
2440.0,2439.0,222.0,193.07,15.0,0.25138,0.27594,373.22,5.58,2.0,741.0,2.0,0.0,1.0,2.12593,1.13973,1.88465,0.0,0.0,0
2441.0,2440.0,61.0,84.37,7.0,0.11024,0.1111,847.22,1.11,0.0,1496.0,2.0,0.0,0.0,1.66452,0.98002,0.74815,0.0,0.0,0
2442.0,2441.0,17.0,46.84,19.0,0.63044,0.05592,120.49,20.19,0.0,1638.0,0.0,0.0,1.0,1.61015,0.95941,3.05339,0.0,0.0,0
2443.0,2442.0,331.0,10.68,12.0,0.32748,0.4038,69.86,11.24,0.0,212.0,4.0,0.0,1.0,0.21747,0.19678,2.50495,0.0,0.0,0
2444.0,2443.0,120.0,114.63,13.0,0.25825,0.02671,175.07,10.03,1.0,1861.0,3.0,0.0,0.0,1.91106,1.06852,2.40094,0.0,0.0,1
2445.0,2444.0,41.0,35.39,18.0,0.19035,0.10648,331.55,19.07,1.0,1555.0,1.0,0.0,1.0,0.72358,0.5444,2.99904,0.0,0.0,0
2446.0,2445.0,247.0,20.61,10.0,0.2135,0.05561,3.13,16.92,0.0,1577.0,4.0,0.0,1.0,1.15496,0.76777,2.88603,0.0,1.0,0
2447.0,2446.0,83.0,30.57,9.0,0.58702,0.01,58.17,2.24,0.0,1023.0,3.0,0.0,1.0,0.54414,0.43446,1.17532,0.0,0.0,0
2448.0,2447.0,335.0,27.87,15.0,0.34166,0.32731,33.65,15.26,0.0,2088.0,2.0,0.0,1.0,0.35529,0.30402,2.78881,0.0,0.0,0
2449.0,2448.0,321.0,65.81,8.0,0.51685,0.25853,226.14,6.21,0.0,1705.0,7.0,0.0,1.0,0.93203,0.65857,1.9752,0.0,0.0,0
2450.0,2449.0,308.0,179.13,13.0,0.33212,0.2023,66.04,5.98,1.0,534.0,2.0,0.0,0.0,2.79951,1.33487,1.94296,0.0,0.0,0
2451.0,2450.0,165.0,98.74,18.0,0.07183,0.27076,751.91,170.58,1.0,1180.0,2.0,1.0,1.0,1.51286,0.92142,5.14505,0.0,0.0,0
2452.0,2451.0,127.0,33.04,6.0,0.16647,0.1014,2.23,8.6,0.0,222.0,0.0,0.0,1.0,0.61396,0.47869,2.26182,0.0,1.0,0
2453.0,2452.0,280.0,13.98,19.0,0.13426,0.12712,168.86,65.39,0.0,1448.0,4.0,0.0,1.0,0.50996,0.41209,4.19549,0.0,0.0,0
2454.0,2453.0,234.0,144.66,5.0,0.06889,0.04688,808.28,123.71,1.0,1886.0,3.0,1.0,1.0,1.62959,0.96683,4.82601,1.0,0.0,1
2455.0,2454.0,16.0,9.33,5.0,0.16498,0.33862,262.2,20.82,1.0,1013.0,4.0,0.0,1.0,0.1805,0.16594,3.08298,1.0,0.0,0
2456.0,2455.0,141.0,172.42,4.0,0.53804,0.07645,111.12,4.59,2.0,1788.0,0.0,0.0,1.0,3.42759,1.48786,1.72135,1.0,0.0,0
2457.0,2456.0,160.0,65.92,15.0,0.21124,0.16673,39.92,6.09,1.0,626.0,4.0,0.0,0.0,0.46961,0.385,1.95845,0.0,0.0,0
2458.0,2457.0,214.0,97.64,14.0,0.38068,0.08988,26.52,13.61,2.0,376.0,1.0,0.0,0.0,1.19453,0.78597,2.6817,0.0,0.0,0
2459.0,2458.0,139.0,30.17,9.0,0.06356,0.04793,214.61,2.6,0.0,87.0,0.0,0.0,0.0,0.74511,0.55682,1.28064,0.0,0.0,0
2460.0,2459.0,329.0,9.82,5.0,0.18146,0.2399,6.94,5.53,0.0,1930.0,0.0,0.0,1.0,0.4815,0.39305,1.87574,1.0,1.0,1
2461.0,2460.0,111.0,206.33,17.0,0.24305,0.0665,204.52,16.59,0.0,1109.0,4.0,0.0,1.0,7.98245,2.19527,2.8671,0.0,0.0,0
2462.0,2461.0,215.0,41.72,7.0,0.43694,0.10943,419.03,171.03,3.0,1529.0,1.0,0.0,1.0,1.02125,0.70372,5.14767,0.0,0.0,0
2463.0,2462.0,62.0,37.83,9.0,0.12199,0.1269,199.93,8.83,3.0,424.0,2.0,0.0,0.0,1.13248,0.75728,2.28513,0.0,0.0,0
2464.0,2463.0,187.0,883.28,14.0,0.24741,0.36649,698.82,25.0,1.0,960.0,3.0,0.0,0.0,12.5598,2.60711,3.25811,0.0,0.0,1
2465.0,2464.0,46.0,21.69,13.0,0.31315,0.12219,3.44,30.88,0.0,281.0,0.0,0.0,1.0,0.70079,0.53109,3.46208,0.0,1.0,0
2466.0,2465.0,64.0,174.37,9.0,0.2492,0.14358,9.01,11.75,0.0,445.0,2.0,0.0,1.0,1.97631,1.09068,2.54549,0.0,0.0,0
2467.0,2466.0,28.0,58.01,16.0,0.04892,0.27454,409.55,14.26,0.0,826.0,0.0,0.0,1.0,1.1758,0.7774,2.72495,0.0,0.0,0
2468.0,2467.0,234.0,455.06,15.0,0.20919,0.21472,199.85,1105.64,1.0,1886.0,1.0,1.0,0.0,5.12625,1.81258,7.00908,0.0,0.0,0
2469.0,2468.0,215.0,43.19,16.0,0.17209,0.01,4.76,13.79,0.0,1529.0,3.0,0.0,1.0,1.05723,0.72136,2.69374,0.0,1.0,0
2470.0,2469.0,170.0,74.58,11.0,0.16222,0.21387,392.31,64.88,0.0,1043.0,2.0,0.0,1.0,2.83776,1.34489,4.18778,0.0,0.0,0
2471.0,2470.0,242.0,71.34,7.0,0.31899,0.12389,726.8,18.92,3.0,311.0,2.0,0.0,0.0,1.99347,1.09643,2.99173,0.0,0.0,0
2472.0,2471.0,376.0,103.66,3.0,0.56816,0.50468,335.46,158.12,1.0,462.0,4.0,0.0,1.0,1.47308,0.90546,5.06964,1.0,0.0,1
2473.0,2472.0,23.0,68.65,14.0,0.14388,0.24707,593.71,1.68,0.0,2053.0,1.0,0.0,1.0,0.70664,0.53453,0.98701,0.0,0.0,0
2474.0,2473.0,228.0,58.0,9.0,0.05027,0.14868,252.06,14.76,0.0,1813.0,0.0,0.0,0.0,1.17736,0.77811,2.75721,0.0,0.0,0
2475.0,2474.0,271.0,114.32,20.0,0.37288,0.17204,253.59,7.19,1.0,1626.0,1.0,0.0,0.0,0.91509,0.64976,2.10237,0.0,0.0,0
2476.0,2475.0,13.0,78.57,2.0,0.09128,0.0159,3.35,46.51,0.0,1331.0,2.0,1.0,1.0,1.09181,0.73803,3.86085,1.0,1.0,0
2477.0,2476.0,60.0,77.33,5.0,0.44495,0.27717,129.45,323.8,1.0,1515.0,3.0,1.0,0.0,0.52181,0.4199,5.78321,1.0,0.0,0
2478.0,2477.0,29.0,40.55,4.0,0.22641,0.19535,36.49,186.78,0.0,498.0,5.0,1.0,1.0,0.85075,0.61559,5.23527,1.0,0.0,1
2479.0,2478.0,414.0,16.17,19.0,0.0992,0.20646,323.87,2.2,0.0,40.0,1.0,0.0,1.0,0.81773,0.59759,1.16305,0.0,0.0,0
2480.0,2479.0,42.0,32.79,1.0,0.0992,0.0969,163.53,25.56,0.0,1866.0,2.0,0.0,0.0,2.00436,1.10006,3.27956,1.0,0.0,0
2481.0,2480.0,40.0,23.87,11.0,0.21602,0.24248,766.68,5.29,0.0,1992.0,1.0,0.0,0.0,0.27221,0.24075,1.8396,0.0,0.0,0
2482.0,2481.0,100.0,49.85,10.0,0.17059,0.05565,473.87,12.56,2.0,1929.0,6.0,0.0,0.0,1.53941,0.93193,2.60688,0.0,0.0,0
2483.0,2482.0,106.0,9.87,10.0,0.06457,0.05496,856.31,21.4,0.0,997.0,0.0,0.0,0.0,0.40917,0.343,3.10889,0.0,0.0,0
2484.0,2483.0,31.0,5.68,16.0,0.22134,0.11288,16.36,5.08,0.0,940.0,3.0,0.0,1.0,0.37748,0.32026,1.80551,0.0,0.0,0
2485.0,2484.0,117.0,26.03,16.0,0.25588,0.02769,215.66,25.08,0.0,987.0,0.0,0.0,0.0,0.76936,0.57062,3.26119,0.0,0.0,0
2486.0,2485.0,84.0,48.64,11.0,0.05355,0.12748,362.67,299.36,1.0,2178.0,1.0,1.0,0.0,1.12928,0.75578,5.70498,0.0,0.0,0
2487.0,2486.0,339.0,12.52,11.0,0.38519,0.0631,773.66,2.73,0.0,1709.0,0.0,0.0,1.0,0.35688,0.30519,1.31538,0.0,0.0,0
2488.0,2487.0,86.0,122.5,14.0,0.14108,0.0711,5.14,11.1,0.0,1829.0,1.0,0.0,1.0,1.03895,0.71243,2.4929,0.0,1.0,0
2489.0,2488.0,351.0,85.47,12.0,0.30407,0.18822,747.76,1016.33,1.0,1619.0,4.0,1.0,1.0,1.13128,0.75672,6.92494,0.0,0.0,0
2490.0,2489.0,307.0,126.89,13.0,0.23763,0.19012,2.35,14.18,1.0,2026.0,2.0,0.0,1.0,1.50581,0.91861,2.71973,0.0,1.0,0
2491.0,2490.0,404.0,9.06,18.0,0.22595,0.21687,144.98,60.34,1.0,840.0,2.0,0.0,0.0,0.34034,0.29292,4.11647,0.0,0.0,0
2492.0,2491.0,17.0,13.4,9.0,0.2735,0.11226,113.93,4.52,1.0,1638.0,3.0,0.0,1.0,0.46062,0.37886,1.70901,0.0,0.0,0
2493.0,2492.0,138.0,217.65,6.0,0.1124,0.10077,668.62,6.72,0.0,1772.0,6.0,0.0,0.0,4.70312,1.74101,2.04432,0.0,0.0,0
2494.0,2493.0,324.0,33.13,8.0,0.0361,0.27361,103.26,5.33,0.0,1098.0,1.0,0.0,1.0,0.87908,0.63078,1.84504,0.0,0.0,0
2495.0,2494.0,224.0,16.49,6.0,0.16321,0.13511,35.39,13.25,0.0,584.0,2.0,0.0,0.0,0.26493,0.23502,2.65696,0.0,0.0,0
2496.0,2495.0,37.0,100.75,4.0,0.17031,0.28866,115.92,40.69,0.0,1840.0,1.0,0.0,1.0,2.58929,1.27796,3.7302,1.0,0.0,0
2497.0,2496.0,195.0,17.03,14.0,0.11599,0.32264,222.06,14.64,0.0,1472.0,3.0,0.0,0.0,1.39461,0.87322,2.75001,0.0,0.0,0
2498.0,2497.0,134.0,25.57,6.0,0.1137,0.23229,510.39,2.29,0.0,813.0,1.0,0.0,1.0,0.69645,0.52854,1.19008,0.0,0.0,0
2499.0,2498.0,352.0,138.16,15.0,0.33533,0.01,22.5,22.18,0.0,1181.0,0.0,0.0,1.0,1.55637,0.93859,3.14319,0.0,0.0,0
2500.0,2499.0,283.0,117.38,5.0,0.27501,0.06428,23.78,23.35,0.0,69.0,3.0,0.0,0.0,2.61004,1.28372,3.19249,1.0,0.0,0
2501.0,2500.0,288.0,12.15,8.0,0.28168,0.09325,3.19,49.5,1.0,1634.0,1.0,0.0,1.0,0.29752,0.26046,3.92207,0.0,1.0,0
2502.0,2501.0,315.0,47.44,10.0,0.16221,0.10971,337.75,8.23,0.0,1127.0,0.0,0.0,1.0,1.84827,1.04671,2.22224,0.0,0.0,0
2503.0,2502.0,391.0,108.08,10.0,0.22291,0.24622,85.1,34.91,0.0,234.0,4.0,0.0,1.0,1.64056,0.97099,3.58091,0.0,0.0,0
2504.0,2503.0,239.0,4.84,18.0,0.2468,0.10724,47.28,9.71,0.0,315.0,5.0,0.0,0.0,0.35897,0.30672,2.37128,0.0,0.0,0
2505.0,2504.0,54.0,161.31,9.0,0.10616,0.22231,111.3,5.91,0.0,427.0,2.0,0.0,0.0,1.2018,0.78928,1.93263,0.0,0.0,0
2506.0,2505.0,77.0,33.15,10.0,0.43523,0.23404,218.63,5.08,0.0,698.0,3.0,0.0,0.0,0.40373,0.33913,1.80504,0.0,0.0,0
2507.0,2506.0,74.0,31.93,12.0,0.31641,0.02205,58.08,17.93,0.0,1555.0,4.0,0.0,1.0,0.53857,0.43085,2.94049,0.0,0.0,0
2508.0,2507.0,51.0,22.76,15.0,0.48115,0.12723,93.18,6.42,0.0,876.0,3.0,0.0,1.0,0.38278,0.3241,2.00474,0.0,0.0,0
2509.0,2508.0,347.0,250.46,10.0,0.15907,0.13348,72.82,10.06,0.0,1085.0,1.0,0.0,1.0,1.03476,0.71038,2.40356,0.0,0.0,0
2510.0,2509.0,169.0,37.43,2.0,0.21411,0.27033,169.23,25.38,0.0,989.0,2.0,0.0,1.0,0.55851,0.44373,3.27262,1.0,0.0,0
2511.0,2510.0,364.0,43.41,5.0,0.28842,0.14632,243.24,36.9,2.0,1357.0,0.0,0.0,1.0,2.96885,1.37848,3.63494,1.0,0.0,0
2512.0,2511.0,122.0,8.2,16.0,0.23978,0.12566,428.12,2.09,0.0,1135.0,1.0,0.0,1.0,0.55599,0.44211,1.12712,0.0,0.0,0
2513.0,2512.0,369.0,41.52,16.0,0.20926,0.07034,285.92,1.33,2.0,1832.0,2.0,0.0,0.0,1.84226,1.0446,0.84734,0.0,0.0,0
2514.0,2513.0,88.0,63.95,17.0,0.50471,0.10182,27.67,21.52,0.0,982.0,2.0,0.0,0.0,0.62604,0.48615,3.11431,0.0,0.0,0
2515.0,2514.0,86.0,133.88,15.0,0.1063,0.10853,551.48,773.85,0.0,1829.0,4.0,1.0,0.0,1.13553,0.75871,6.65267,0.0,0.0,0
2516.0,2515.0,55.0,126.99,20.0,0.47601,0.34984,610.67,230.39,2.0,1157.0,2.0,1.0,1.0,1.67653,0.98452,5.44411,0.0,0.0,0
2517.0,2516.0,144.0,50.06,16.0,0.23695,0.18609,198.31,14.73,0.0,153.0,4.0,0.0,1.0,0.67269,0.51443,2.75559,0.0,0.0,0
2518.0,2517.0,416.0,236.54,11.0,0.31505,0.16088,6.31,12.52,0.0,737.0,1.0,0.0,0.0,1.58024,0.94788,2.60428,0.0,1.0,0
2519.0,2518.0,269.0,132.25,12.0,0.34886,0.07351,170.83,4.43,2.0,659.0,0.0,0.0,0.0,1.39049,0.8715,1.69262,0.0,0.0,0
2520.0,2519.0,85.0,61.23,13.0,0.07753,0.28718,584.33,44.61,1.0,1815.0,2.0,0.0,1.0,2.55912,1.26951,3.82003,0.0,0.0,0
2521.0,2520.0,293.0,33.96,19.0,0.14399,0.06947,288.22,2.53,0.0,1213.0,5.0,0.0,1.0,1.19383,0.78565,1.26091,0.0,0.0,0
2522.0,2521.0,274.0,279.65,14.0,0.14687,0.01706,317.19,328.58,0.0,571.0,1.0,1.0,1.0,2.10418,1.13275,5.79781,0.0,0.0,0
2523.0,2522.0,376.0,211.58,12.0,0.16419,0.35259,489.85,61.83,0.0,462.0,1.0,0.0,1.0,3.00651,1.38792,4.14042,0.0,0.0,0
2524.0,2523.0,17.0,31.41,7.0,0.04002,0.22799,133.22,19.24,0.0,1638.0,0.0,0.0,0.0,1.07968,0.73222,3.00786,0.0,0.0,0
2525.0,2524.0,208.0,99.18,19.0,0.25825,0.24133,545.92,388.66,2.0,1129.0,3.0,1.0,1.0,1.58457,0.94956,5.96529,0.0,0.0,0
2526.0,2525.0,233.0,17.87,14.0,0.15847,0.02183,632.0,6.75,1.0,1453.0,1.0,0.0,1.0,0.64248,0.49621,2.04757,0.0,0.0,0
2527.0,2526.0,236.0,15.18,11.0,0.40895,0.17594,334.72,6.27,0.0,1333.0,2.0,0.0,1.0,0.40938,0.34315,1.98377,0.0,0.0,0
2528.0,2527.0,394.0,358.45,10.0,0.11589,0.11742,352.28,18.18,1.0,2033.0,2.0,0.0,0.0,5.09975,1.80825,2.95363,0.0,0.0,0
2529.0,2528.0,347.0,316.52,12.0,0.31032,0.05547,129.73,12.42,1.0,1085.0,0.0,0.0,0.0,1.30769,0.83625,2.59674,0.0,0.0,0
2530.0,2529.0,40.0,706.25,16.0,0.19335,0.01,333.74,19.17,1.0,1992.0,3.0,0.0,0.0,8.05459,2.20327,3.00406,0.0,0.0,0
2531.0,2530.0,97.0,153.38,9.0,0.06597,0.01971,189.45,110.28,0.0,114.0,0.0,0.0,0.0,1.85295,1.04835,4.71209,0.0,0.0,0
2532.0,2531.0,61.0,218.07,13.0,0.16976,0.13912,428.36,25.86,1.0,1496.0,6.0,1.0,1.0,4.30248,1.66817,3.29079,0.0,0.0,0
2533.0,2532.0,192.0,58.64,8.0,0.34998,0.06257,4.52,55.68,0.0,408.0,6.0,0.0,0.0,2.05958,1.11828,4.03746,0.0,1.0,1
2534.0,2533.0,323.0,33.56,17.0,0.41778,0.3707,43.43,13.12,0.0,1520.0,0.0,0.0,0.0,0.81289,0.59492,2.64734,0.0,0.0,0
2535.0,2534.0,216.0,92.05,7.0,0.24105,0.286,762.84,41.15,0.0,1685.0,0.0,0.0,1.0,1.35879,0.85815,3.74134,0.0,0.0,0
2536.0,2535.0,336.0,323.02,12.0,0.59133,0.02937,553.47,3.09,1.0,1874.0,3.0,0.0,1.0,8.36573,2.23706,1.40875,0.0,0.0,0
2537.0,2536.0,253.0,211.81,9.0,0.37693,0.25452,6.9,66.25,0.0,1586.0,1.0,0.0,1.0,5.07047,1.80344,4.20843,0.0,1.0,0
2538.0,2537.0,82.0,12.43,4.0,0.2102,0.32678,2.55,3.97,1.0,439.0,2.0,0.0,1.0,0.79508,0.58505,1.60309,1.0,1.0,0
2539.0,2538.0,102.0,25.18,11.0,0.22265,0.14527,113.4,46.81,1.0,471.0,3.0,1.0,0.0,0.71341,0.53849,3.86728,0.0,0.0,0
2540.0,2539.0,291.0,24.78,9.0,0.0477,0.17622,27.24,20.46,0.0,2129.0,1.0,0.0,0.0,0.45433,0.37455,3.06602,0.0,0.0,0
2541.0,2540.0,44.0,112.53,9.0,0.71945,0.01489,6.76,3.22,1.0,237.0,4.0,0.0,0.0,1.69749,0.99232,1.43998,0.0,1.0,1
2542.0,2541.0,310.0,29.02,10.0,0.04661,0.31419,391.36,70.77,0.0,516.0,0.0,0.0,1.0,0.66922,0.51235,4.27353,0.0,0.0,0
2543.0,2542.0,372.0,97.71,15.0,0.04714,0.33663,471.72,270.49,1.0,1276.0,2.0,1.0,1.0,2.19608,1.16193,5.60391,0.0,0.0,0
2544.0,2543.0,373.0,36.89,15.0,0.474,0.04896,87.07,2.91,2.0,907.0,2.0,0.0,1.0,0.34728,0.29809,1.36337,0.0,0.0,0
2545.0,2544.0,179.0,152.95,13.0,0.27211,0.1164,128.75,77.29,0.0,1808.0,4.0,1.0,0.0,2.19596,1.16189,4.36048,0.0,0.0,0
2546.0,2545.0,258.0,97.1,12.0,0.0756,0.03841,161.29,7.33,0.0,1488.0,0.0,0.0,1.0,2.01828,1.10469,2.11961,0.0,0.0,0
2547.0,2546.0,125.0,117.69,18.0,0.29392,0.07402,361.61,7.33,0.0,520.0,3.0,0.0,1.0,1.75782,1.01444,2.11945,0.0,0.0,0
2548.0,2547.0,123.0,64.14,12.0,0.02229,0.05283,200.55,13.22,1.0,414.0,0.0,0.0,0.0,1.12228,0.75249,2.65475,0.0,0.0,0
2549.0,2548.0,167.0,31.06,20.0,0.11925,0.19578,142.2,127.89,2.0,1471.0,3.0,1.0,1.0,0.69489,0.52762,4.85893,0.0,0.0,1
2550.0,2549.0,138.0,191.15,15.0,0.07468,0.01,554.5,4.27,0.0,1772.0,0.0,0.0,1.0,4.13049,1.6352,1.66198,0.0,0.0,0
2551.0,2550.0,206.0,149.5,12.0,0.11127,0.17099,74.18,6.94,1.0,1648.0,1.0,0.0,1.0,6.95805,2.07418,2.07145,0.0,0.0,0
2552.0,2551.0,338.0,268.62,7.0,0.13978,0.27534,8.63,32.32,2.0,1230.0,5.0,0.0,1.0,2.23261,1.17329,3.50624,0.0,0.0,0
2553.0,2552.0,345.0,46.06,17.0,0.20415,0.22329,94.12,444.08,1.0,1962.0,3.0,1.0,1.0,1.35823,0.85791,6.09826,0.0,0.0,0
2554.0,2553.0,192.0,65.32,16.0,0.35682,0.05882,377.63,106.33,1.0,408.0,3.0,1.0,0.0,2.29405,1.19212,4.6759,0.0,0.0,1
2555.0,2554.0,407.0,25.88,3.0,0.2163,0.06073,294.42,35.56,1.0,835.0,2.0,0.0,0.0,0.58173,0.45852,3.59908,1.0,0.0,0
2556.0,2555.0,20.0,125.34,11.0,0.24862,0.13467,5.43,260.95,2.0,50.0,2.0,1.0,0.0,0.74169,0.55486,5.56816,0.0,1.0,1
2557.0,2556.0,173.0,58.89,14.0,0.40517,0.19706,339.12,47.75,2.0,1982.0,2.0,0.0,1.0,1.84676,1.04618,3.88677,0.0,0.0,0
2558.0,2557.0,279.0,48.77,16.0,0.09525,0.50419,523.69,47.6,1.0,2113.0,1.0,0.0,0.0,0.7946,0.58478,3.88369,0.0,0.0,0
2559.0,2558.0,141.0,59.26,8.0,0.33596,0.18564,125.21,2.28,1.0,1788.0,3.0,0.0,0.0,1.17806,0.77843,1.18838,0.0,0.0,0
2560.0,2559.0,272.0,194.5,10.0,0.32122,0.04434,106.5,4.34,1.0,922.0,2.0,0.0,0.0,4.0606,1.62149,1.67451,0.0,0.0,0
2561.0,2560.0,154.0,80.48,19.0,0.27444,0.01314,458.77,22.68,0.0,1702.0,0.0,0.0,1.0,0.83515,0.60713,3.16464,0.0,0.0,0
2562.0,2561.0,146.0,30.76,15.0,0.19665,0.15172,179.35,15.77,1.0,771.0,0.0,0.0,1.0,0.51581,0.41595,2.81937,0.0,0.0,0
2563.0,2562.0,329.0,40.47,12.0,0.16961,0.31768,9.32,185.91,0.0,1930.0,4.0,1.0,0.0,1.98453,1.09344,5.23062,0.0,0.0,0
2564.0,2563.0,323.0,76.08,13.0,0.61253,0.1371,51.6,14.28,0.0,1520.0,4.0,0.0,1.0,1.84273,1.04476,2.7263,0.0,0.0,0
2565.0,2564.0,276.0,38.07,14.0,0.22242,0.29404,824.58,10.87,0.0,2164.0,3.0,0.0,0.0,0.30245,0.26425,2.47415,0.0,0.0,0
2566.0,2565.0,205.0,273.89,10.0,0.30547,0.10075,28.3,8.89,0.0,1879.0,2.0,0.0,1.0,2.11754,1.13705,2.29155,0.0,0.0,0
2567.0,2566.0,347.0,299.38,8.0,0.11574,0.28462,182.73,8.19,0.0,1085.0,0.0,0.0,1.0,1.23685,0.80507,2.21802,0.0,0.0,0
2568.0,2567.0,221.0,16.3,13.0,0.60839,0.25295,172.32,42.61,0.0,110.0,1.0,0.0,0.0,0.22131,0.19993,3.77521,0.0,0.0,0
2569.0,2568.0,67.0,22.32,17.0,0.49487,0.20115,538.85,16.72,1.0,1146.0,3.0,0.0,0.0,1.6649,0.98017,2.87476,0.0,0.0,0
2570.0,2569.0,408.0,55.51,16.0,0.29265,0.03491,120.58,115.31,1.0,1713.0,4.0,1.0,0.0,0.87494,0.62858,4.75626,0.0,0.0,0
2571.0,2570.0,166.0,129.26,15.0,0.63853,0.0534,526.11,91.4,1.0,414.0,2.0,0.0,1.0,0.88163,0.63214,4.52608,0.0,0.0,0
2572.0,2571.0,354.0,23.39,18.0,0.23566,0.10063,634.65,22.86,0.0,1115.0,3.0,0.0,0.0,0.87354,0.62783,3.17228,0.0,0.0,0
2573.0,2572.0,3.0,85.5,12.0,0.52635,0.16029,289.74,131.14,1.0,817.0,3.0,0.0,1.0,1.54502,0.93414,4.88389,0.0,0.0,0
2574.0,2573.0,46.0,191.55,8.0,0.21627,0.056,274.86,3.41,0.0,281.0,1.0,0.0,1.0,6.18978,1.97266,1.4831,0.0,0.0,0
2575.0,2574.0,276.0,387.42,7.0,0.37998,0.17306,528.51,78.67,1.0,2164.0,4.0,0.0,1.0,3.0782,1.40566,4.37784,0.0,0.0,0
2576.0,2575.0,108.0,292.38,18.0,0.19052,0.18411,53.79,21.78,0.0,1757.0,0.0,0.0,0.0,3.28031,1.45402,3.12573,0.0,0.0,0
2577.0,2576.0,391.0,47.35,14.0,0.51154,0.04834,1.27,2.85,0.0,234.0,2.0,0.0,1.0,0.71874,0.54159,1.34829,0.0,1.0,0
2578.0,2577.0,58.0,1260.61,18.0,0.85369,0.42911,395.68,48.89,2.0,1075.0,3.0,0.0,0.0,9.96334,2.39456,3.90975,0.0,0.0,0
2579.0,2578.0,345.0,48.42,4.0,0.2496,0.50678,104.88,50.7,0.0,1962.0,3.0,0.0,1.0,1.42785,0.887,3.94542,1.0,0.0,0
2580.0,2579.0,301.0,6.4,18.0,0.13524,0.14756,5.46,5.98,0.0,485.0,2.0,0.0,0.0,0.24042,0.21545,1.94237,0.0,1.0,0
2581.0,2580.0,330.0,384.81,9.0,0.45516,0.04587,827.85,7.92,2.0,1086.0,2.0,0.0,1.0,3.54359,1.51372,2.18879,0.0,0.0,0
2582.0,2581.0,89.0,37.99,16.0,0.12021,0.1141,1.75,30.4,0.0,1378.0,1.0,0.0,1.0,0.50601,0.40947,3.4469,0.0,1.0,0
2583.0,2582.0,307.0,59.51,16.0,0.05545,0.06786,178.88,23.89,0.0,2026.0,2.0,0.0,1.0,0.70617,0.53425,3.21442,0.0,0.0,0
2584.0,2583.0,324.0,46.67,15.0,0.02895,0.02104,165.77,4.28,0.0,1098.0,2.0,0.0,1.0,1.2384,0.80576,1.66414,0.0,0.0,0
2585.0,2584.0,231.0,206.67,15.0,0.39964,0.1114,7.71,63.92,0.0,1188.0,0.0,0.0,1.0,1.06154,0.72345,4.1732,0.0,0.0,0
2586.0,2585.0,411.0,19.37,19.0,0.08995,0.16638,269.82,22.13,0.0,1445.0,0.0,0.0,1.0,0.21458,0.1944,3.14129,0.0,0.0,0
2587.0,2586.0,2.0,431.59,16.0,0.16808,0.22126,31.57,30.46,0.0,359.0,0.0,1.0,1.0,3.47134,1.49769,3.44862,0.0,0.0,1
2588.0,2587.0,295.0,144.68,14.0,0.31281,0.13723,615.65,10.2,1.0,237.0,2.0,0.0,0.0,2.09702,1.13044,2.41577,0.0,0.0,0
2589.0,2588.0,415.0,61.23,11.0,0.20713,0.0959,15.49,47.3,1.0,1982.0,1.0,0.0,0.0,1.61168,0.95999,3.87737,0.0,0.0,0
2590.0,2589.0,189.0,24.2,18.0,0.26415,0.01232,29.2,27.64,0.0,575.0,2.0,0.0,0.0,0.63875,0.49394,3.35479,0.0,0.0,0
2591.0,2590.0,8.0,60.5,6.0,0.3972,0.12147,149.54,5.43,1.0,1553.0,1.0,0.0,1.0,1.1583,0.76932,1.8604,0.0,0.0,0
2592.0,2591.0,193.0,32.76,16.0,0.60914,0.11146,230.63,17.09,1.0,137.0,2.0,0.0,1.0,4.09526,1.62831,2.89561,0.0,0.0,0
2593.0,2592.0,314.0,65.18,4.0,0.19882,0.01519,160.43,5.46,0.0,1324.0,1.0,0.0,1.0,1.88334,1.05895,1.86569,1.0,0.0,0
2594.0,2593.0,267.0,70.67,10.0,0.40621,0.05192,159.38,3.81,2.0,820.0,4.0,0.0,1.0,0.51838,0.41764,1.57052,0.0,0.0,0
2595.0,2594.0,122.0,15.0,12.0,0.29923,0.01,6.21,21.69,1.0,1135.0,3.0,0.0,1.0,1.01676,0.70149,3.12192,0.0,1.0,0
2596.0,2595.0,107.0,15.85,8.0,0.07153,0.07996,408.94,3.84,1.0,498.0,2.0,0.0,1.0,0.5807,0.45787,1.57663,0.0,0.0,0
2597.0,2596.0,188.0,506.39,6.0,0.29332,0.02214,139.57,19.63,1.0,909.0,2.0,0.0,1.0,3.46625,1.49655,3.02687,0.0,0.0,0
2598.0,2597.0,387.0,17.21,11.0,0.58982,0.1423,872.65,25.22,0.0,638.0,2.0,0.0,1.0,0.54727,0.43649,3.26643,0.0,0.0,0
2599.0,2598.0,61.0,10.0,16.0,0.11307,0.33751,197.14,10.64,1.0,1496.0,1.0,0.0,1.0,0.19727,0.18005,2.45456,0.0,0.0,0
2600.0,2599.0,352.0,90.27,20.0,0.56811,0.05374,66.28,13.39,1.0,1181.0,1.0,0.0,1.0,1.01684,0.70153,2.66681,0.0,0.0,0
2601.0,2600.0,245.0,39.77,9.0,0.29608,0.16667,186.36,7.27,0.0,1444.0,1.0,0.0,1.0,0.3221,0.27922,2.11301,0.0,0.0,0
2602.0,2601.0,210.0,27.64,5.0,0.21374,0.4462,508.74,9.64,1.0,471.0,0.0,0.0,1.0,0.4411,0.3654,2.36462,1.0,0.0,0
2603.0,2602.0,311.0,8.26,11.0,0.25709,0.0621,847.17,2.32,3.0,2122.0,3.0,0.0,1.0,0.3652,0.3113,1.19915,0.0,0.0,0
2604.0,2603.0,204.0,108.36,16.0,0.7475,0.20784,376.14,2.66,2.0,2066.0,3.0,0.0,0.0,1.93775,1.07764,1.29624,0.0,0.0,1
2605.0,2604.0,117.0,40.82,15.0,0.23355,0.01311,322.66,5.79,0.0,987.0,0.0,0.0,0.0,1.20638,0.79135,1.91479,0.0,0.0,0
2606.0,2605.0,11.0,27.2,10.0,0.19178,0.01022,35.82,16.15,3.0,295.0,3.0,0.0,1.0,0.76941,0.57065,2.84194,0.0,0.0,0
2607.0,2606.0,259.0,5.58,3.0,0.29126,0.0614,72.01,84.7,0.0,789.0,1.0,0.0,1.0,0.21565,0.19528,4.45082,1.0,0.0,0
2608.0,2607.0,20.0,163.24,16.0,0.28722,0.02662,44.7,9.4,0.0,50.0,0.0,0.0,1.0,0.96594,0.67597,2.34162,0.0,0.0,0
2609.0,2608.0,229.0,283.51,13.0,0.22926,0.12976,611.13,40.87,1.0,1763.0,3.0,0.0,1.0,3.74007,1.55605,3.73448,0.0,0.0,0
2610.0,2609.0,147.0,116.72,14.0,0.21254,0.36816,234.74,1.06,0.0,214.0,1.0,0.0,1.0,0.98908,0.68767,0.72281,0.0,0.0,0
2611.0,2610.0,224.0,30.57,9.0,0.14233,0.10315,34.4,49.22,1.0,584.0,1.0,0.0,1.0,0.49121,0.39959,3.91637,0.0,0.0,0
2612.0,2611.0,138.0,27.64,13.0,0.27013,0.02853,365.98,3.23,0.0,1772.0,1.0,0.0,0.0,0.59722,0.46827,1.44142,0.0,0.0,0
2613.0,2612.0,99.0,20.35,18.0,0.08638,0.11091,953.93,150.49,0.0,1555.0,1.0,0.0,0.0,0.59654,0.46784,5.02049,0.0,0.0,0
2614.0,2613.0,216.0,312.66,13.0,0.35628,0.33828,243.48,7.79,1.0,1685.0,1.0,0.0,1.0,4.61518,1.72547,2.17359,0.0,0.0,0
2615.0,2614.0,390.0,278.43,9.0,0.16263,0.02378,2.57,21.22,0.0,184.0,0.0,0.0,1.0,3.989,1.60724,3.10088,0.0,1.0,0
2616.0,2615.0,334.0,22.58,15.0,0.09251,0.09119,134.19,11.66,0.0,1391.0,2.0,0.0,1.0,0.73084,0.54861,2.53868,0.0,0.0,0
2617.0,2616.0,108.0,106.98,11.0,0.04662,0.13169,32.91,5.0,0.0,1757.0,2.0,0.0,1.0,1.20023,0.78856,1.79144,0.0,0.0,0
2618.0,2617.0,370.0,28.3,22.0,0.01374,0.08017,93.74,3.87,0.0,49.0,2.0,0.0,0.0,1.14165,0.76158,1.58333,0.0,0.0,0
2619.0,2618.0,22.0,28.81,13.0,0.10707,0.05979,284.81,412.0,1.0,1861.0,1.0,1.0,0.0,1.12722,0.75481,6.02344,0.0,0.0,0
2620.0,2619.0,260.0,40.5,7.0,0.60449,0.04528,1.81,8.57,1.0,417.0,4.0,0.0,0.0,1.27177,0.82056,2.25829,0.0,1.0,0
2621.0,2620.0,304.0,41.82,5.0,0.47576,0.19256,217.5,30.22,1.0,1312.0,3.0,0.0,1.0,0.81312,0.59505,3.44115,1.0,0.0,0
2622.0,2621.0,367.0,108.34,10.0,0.13204,0.13496,89.66,19.81,0.0,1754.0,4.0,0.0,1.0,1.51848,0.92366,3.03547,0.0,0.0,0
2623.0,2622.0,3.0,37.82,10.0,0.42777,0.01674,398.33,66.71,0.0,817.0,4.0,1.0,0.0,0.68343,0.52084,4.21521,0.0,0.0,0
2624.0,2623.0,395.0,51.57,11.0,0.56022,0.02339,134.31,83.35,2.0,1708.0,3.0,0.0,0.0,0.58732,0.46205,4.43503,0.0,0.0,0
2625.0,2624.0,380.0,23.37,9.0,0.05248,0.18927,180.05,416.0,0.0,1896.0,3.0,1.0,1.0,0.5276,0.42369,6.03309,0.0,0.0,0
2626.0,2625.0,66.0,34.29,18.0,0.31875,0.1693,299.94,7.22,0.0,99.0,4.0,0.0,1.0,0.407,0.34146,2.10608,0.0,0.0,0
2627.0,2626.0,42.0,19.51,13.0,0.31572,0.30058,4.99,18.02,0.0,1866.0,1.0,0.0,0.0,1.19253,0.78506,2.94524,0.0,1.0,1
2628.0,2627.0,196.0,34.59,10.0,0.22315,0.38038,233.35,45.77,0.0,1865.0,0.0,0.0,0.0,0.93273,0.65894,3.84529,0.0,0.0,0
2629.0,2628.0,396.0,10.89,11.0,0.23575,0.53445,156.79,33.85,0.0,1942.0,3.0,1.0,1.0,0.34687,0.29778,3.55118,0.0,0.0,0
2630.0,2629.0,307.0,124.38,17.0,0.22017,0.08256,379.6,8.08,1.0,2026.0,1.0,0.0,1.0,1.47599,0.90664,2.20628,0.0,0.0,0
2631.0,2630.0,415.0,34.21,4.0,0.14915,0.07375,10.76,3.3,1.0,1982.0,6.0,0.0,1.0,0.90055,0.64215,1.45836,1.0,0.0,0
2632.0,2631.0,288.0,23.63,21.0,0.17635,0.03471,560.42,145.57,0.0,1634.0,3.0,1.0,1.0,0.57877,0.45665,4.98751,0.0,0.0,0
2633.0,2632.0,189.0,29.76,8.0,0.12367,0.21555,17.82,8.98,0.0,575.0,2.0,0.0,1.0,0.78547,0.57968,2.30097,0.0,0.0,0
2634.0,2633.0,25.0,126.07,20.0,0.22901,0.1032,754.27,34.37,1.0,461.0,3.0,0.0,0.0,1.84735,1.04639,3.56576,0.0,0.0,1
2635.0,2634.0,409.0,18.74,12.0,0.30479,0.36619,340.85,10.59,0.0,1009.0,0.0,0.0,1.0,0.46275,0.38032,2.44998,0.0,0.0,0
2636.0,2635.0,323.0,32.57,4.0,0.52248,0.208,32.77,38.33,2.0,1520.0,2.0,0.0,1.0,0.78894,0.58162,3.67206,1.0,0.0,0
2637.0,2636.0,379.0,26.13,20.0,0.15504,0.16716,0.37,8.71,1.0,230.0,3.0,0.0,1.0,1.20591,0.79114,2.27279,0.0,1.0,0
2638.0,2637.0,305.0,25.8,5.0,0.05407,0.15625,602.1,12.03,0.0,1231.0,0.0,0.0,1.0,1.35371,0.85599,2.567,1.0,0.0,0
2639.0,2638.0,315.0,50.16,15.0,0.22186,0.21195,254.35,12.27,0.0,1127.0,2.0,0.0,1.0,1.95425,1.08324,2.58531,0.0,0.0,0
2640.0,2639.0,331.0,51.92,7.0,0.17461,0.18304,153.34,19.33,0.0,212.0,3.0,0.0,1.0,1.0569,0.7212,3.01195,0.0,0.0,0
2641.0,2640.0,35.0,96.99,18.0,0.11821,0.04364,743.69,33.92,1.0,224.0,1.0,0.0,1.0,2.0692,1.12142,3.55316,0.0,0.0,0
2642.0,2641.0,175.0,157.23,5.0,0.0867,0.0246,817.51,20.02,0.0,203.0,0.0,0.0,0.0,2.24165,1.17608,3.04557,1.0,0.0,0
2643.0,2642.0,271.0,134.95,16.0,0.33617,0.22524,228.29,47.31,1.0,1626.0,5.0,1.0,1.0,1.08027,0.7325,3.87773,0.0,0.0,0
2644.0,2643.0,109.0,255.14,12.0,0.33252,0.23909,109.06,10.87,1.0,1723.0,4.0,0.0,1.0,4.59239,1.72141,2.47384,0.0,0.0,0
2645.0,2644.0,264.0,15.23,12.0,0.24714,0.22769,196.3,58.31,1.0,1841.0,1.0,0.0,0.0,0.71848,0.54144,4.08285,0.0,0.0,0
2646.0,2645.0,400.0,27.49,4.0,0.06664,0.03813,140.96,18.06,0.0,783.0,3.0,0.0,1.0,0.68115,0.51948,2.94744,1.0,0.0,0
2647.0,2646.0,196.0,105.27,15.0,0.33746,0.13002,159.97,7.88,1.0,1865.0,4.0,0.0,1.0,2.83825,1.34502,2.18372,0.0,0.0,0
2648.0,2647.0,160.0,873.61,15.0,0.24432,0.2863,31.02,4.28,0.0,626.0,6.0,0.0,1.0,6.22352,1.97734,1.66419,0.0,0.0,1
2649.0,2648.0,176.0,226.5,17.0,0.52694,0.28149,98.17,51.96,1.0,1175.0,3.0,0.0,1.0,4.278,1.66355,3.96949,0.0,0.0,0
2650.0,2649.0,360.0,17.16,13.0,0.22013,0.06332,772.64,23.51,2.0,2194.0,2.0,0.0,0.0,0.91403,0.64921,3.19904,0.0,0.0,0
2651.0,2650.0,137.0,141.17,6.0,0.2923,0.01,565.66,15.82,0.0,1118.0,3.0,0.0,0.0,1.27376,0.82144,2.82228,0.0,0.0,0
2652.0,2651.0,182.0,115.69,6.0,0.10739,0.03957,285.71,10.49,0.0,1976.0,1.0,0.0,1.0,1.28103,0.82463,2.44147,0.0,0.0,0
2653.0,2652.0,199.0,33.85,15.0,0.12896,0.30316,53.33,21.95,0.0,957.0,1.0,0.0,1.0,0.53172,0.42639,3.1332,0.0,0.0,0
2654.0,2653.0,164.0,363.96,4.0,0.07895,0.39748,34.48,4.96,0.0,2001.0,1.0,0.0,1.0,1.88435,1.0593,1.78576,1.0,0.0,0
2655.0,2654.0,137.0,23.81,14.0,0.3996,0.28819,428.41,3.56,2.0,1118.0,1.0,0.0,0.0,0.21487,0.19463,1.51648,0.0,0.0,0
2656.0,2655.0,116.0,94.27,14.0,0.21659,0.04815,39.25,14.4,0.0,2119.0,2.0,0.0,1.0,0.66013,0.5069,2.73416,0.0,0.0,0
2657.0,2656.0,121.0,19.92,9.0,0.18197,0.18788,589.27,1.79,0.0,1295.0,1.0,0.0,1.0,1.06421,0.72475,1.02498,0.0,0.0,0
2658.0,2657.0,37.0,53.27,13.0,0.06747,0.54199,113.72,3.02,0.0,1840.0,1.0,0.0,0.0,1.36899,0.86246,1.391,0.0,0.0,0
2659.0,2658.0,406.0,46.09,21.0,0.22311,0.07159,534.63,3.95,0.0,2103.0,1.0,0.0,0.0,1.03644,0.7112,1.59937,0.0,0.0,0
2660.0,2659.0,113.0,135.46,16.0,0.14684,0.11909,2.77,18.38,1.0,1906.0,4.0,0.0,1.0,1.40287,0.87666,2.96424,0.0,1.0,1
2661.0,2660.0,200.0,130.89,14.0,0.18963,0.15799,79.05,371.04,2.0,1138.0,0.0,1.0,1.0,1.0729,0.72895,5.919,0.0,0.0,0
2662.0,2661.0,28.0,89.81,8.0,0.31492,0.0529,140.14,12.78,0.0,826.0,4.0,1.0,1.0,1.82053,1.03692,2.62348,0.0,0.0,0
2663.0,2662.0,56.0,67.89,14.0,0.06233,0.25982,175.85,19.06,0.0,1084.0,0.0,0.0,1.0,2.16229,1.1513,2.99881,0.0,0.0,0
2664.0,2663.0,55.0,197.63,13.0,0.1076,0.03023,559.38,16.44,0.0,1157.0,1.0,0.0,0.0,2.60908,1.28345,2.85871,0.0,0.0,0
2665.0,2664.0,273.0,424.06,16.0,0.38729,0.15273,192.65,11.19,0.0,601.0,6.0,0.0,0.0,2.61705,1.28566,2.50048,0.0,0.0,0
2666.0,2665.0,108.0,105.41,19.0,0.05266,0.1218,58.1,10.35,0.0,1757.0,0.0,0.0,1.0,1.18266,0.78054,2.42917,0.0,0.0,0
2667.0,2666.0,56.0,99.22,14.0,0.22966,0.15249,55.24,131.94,0.0,1084.0,2.0,1.0,1.0,3.1604,1.42561,4.88989,0.0,0.0,0
2668.0,2667.0,184.0,274.27,18.0,0.27977,0.07905,748.53,7.3,1.0,1630.0,4.0,0.0,0.0,1.16253,0.77128,2.11641,0.0,0.0,0
2669.0,2668.0,260.0,31.86,7.0,0.3042,0.1035,362.78,6.49,0.0,417.0,4.0,0.0,1.0,1.0003,0.6933,2.01333,0.0,0.0,0
2670.0,2669.0,260.0,33.88,22.0,0.5105,0.22414,632.87,75.54,0.0,417.0,3.0,0.0,1.0,1.06392,0.72461,4.3378,0.0,0.0,0
2671.0,2670.0,185.0,15.08,15.0,0.35802,0.06814,397.85,15.09,0.0,1619.0,4.0,0.0,1.0,0.2555,0.22753,2.77831,0.0,0.0,0
2672.0,2671.0,205.0,162.7,15.0,0.25538,0.18907,28.9,3.99,0.0,1879.0,2.0,0.0,0.0,1.25791,0.81444,1.60833,0.0,0.0,0
2673.0,2672.0,96.0,77.25,16.0,0.10346,0.0365,692.62,11.79,1.0,1917.0,3.0,0.0,1.0,1.59596,0.95396,2.54857,0.0,0.0,0
2674.0,2673.0,314.0,115.59,14.0,0.4134,0.07221,200.34,54.24,1.0,1324.0,1.0,0.0,1.0,3.33988,1.46785,4.01167,0.0,0.0,0
2675.0,2674.0,98.0,42.51,13.0,0.11942,0.07309,277.67,2.58,2.0,208.0,3.0,0.0,0.0,1.64392,0.97226,1.2748,0.0,0.0,0
2676.0,2675.0,29.0,12.45,20.0,0.05684,0.18598,57.77,2.85,0.0,498.0,1.0,0.0,1.0,0.26115,0.23203,1.3493,0.0,0.0,0
2677.0,2676.0,348.0,1154.33,13.0,0.19663,0.13661,291.06,9.57,2.0,1225.0,1.0,0.0,1.0,10.3462,2.42888,2.35815,0.0,0.0,0
2678.0,2677.0,301.0,16.01,8.0,0.3411,0.10073,59.69,12.07,1.0,485.0,4.0,0.0,0.0,0.60152,0.47095,2.57061,0.0,0.0,0
2679.0,2678.0,178.0,217.28,16.0,0.6,0.25556,3.64,44.18,1.0,563.0,2.0,0.0,0.0,1.15978,0.77001,3.81067,0.0,1.0,1
2680.0,2679.0,105.0,34.88,17.0,0.23453,0.26917,767.79,19.89,0.0,1540.0,1.0,0.0,0.0,0.20539,0.1868,3.03904,0.0,0.0,0
2681.0,2680.0,57.0,67.85,17.0,0.01281,0.09741,366.32,15.64,0.0,1136.0,0.0,0.0,0.0,2.7147,1.3123,2.812,0.0,0.0,0
2682.0,2681.0,82.0,8.32,6.0,0.13731,0.26536,83.9,80.23,1.0,439.0,0.0,0.0,0.0,0.53253,0.42692,4.39729,0.0,0.0,0
2683.0,2682.0,165.0,21.65,10.0,0.01459,0.11129,461.03,18.21,1.0,1180.0,5.0,0.0,1.0,0.33178,0.28652,2.95532,0.0,0.0,0
2684.0,2683.0,377.0,110.19,11.0,0.25448,0.06601,323.35,0.26,0.0,616.0,0.0,0.0,0.0,1.14081,0.76119,0.22931,0.0,0.0,0
2685.0,2684.0,30.0,51.22,5.0,0.14573,0.23087,7.29,10.27,0.0,945.0,1.0,0.0,1.0,1.44405,0.89366,2.42246,1.0,0.0,0
2686.0,2685.0,291.0,748.93,8.0,0.44896,0.14189,42.21,32.57,0.0,2129.0,3.0,0.0,1.0,13.73215,2.69003,3.51352,0.0,0.0,1
2687.0,2686.0,53.0,98.72,13.0,0.14169,0.14055,4.97,60.88,3.0,2169.0,3.0,1.0,1.0,1.00052,0.69341,4.12515,0.0,1.0,0
2688.0,2687.0,407.0,48.16,8.0,0.33727,0.26876,463.69,108.17,0.0,835.0,2.0,1.0,1.0,1.08272,0.73368,4.69293,0.0,0.0,1
2689.0,2688.0,308.0,43.36,6.0,0.73363,0.22271,48.05,9.12,0.0,534.0,4.0,0.0,1.0,0.67769,0.51742,2.31435,0.0,0.0,0
2690.0,2689.0,31.0,16.86,6.0,0.2934,0.05206,12.75,3883.57,0.0,940.0,0.0,1.0,0.0,1.12149,0.75212,8.26477,0.0,0.0,0
2691.0,2690.0,287.0,162.84,3.0,0.27718,0.0817,486.6,15.73,1.0,261.0,1.0,0.0,1.0,1.35816,0.85788,2.81726,1.0,0.0,0
2692.0,2691.0,355.0,50.38,15.0,0.4612,0.12714,198.59,10.3,1.0,210.0,0.0,0.0,1.0,0.64355,0.49686,2.4245,0.0,0.0,0
2693.0,2692.0,290.0,14.78,15.0,0.18365,0.09698,169.55,28.06,1.0,1510.0,3.0,0.0,0.0,0.33282,0.28729,3.36949,0.0,0.0,0
2694.0,2693.0,248.0,70.76,8.0,0.16905,0.19483,16.29,4.6,1.0,1951.0,2.0,0.0,0.0,1.16602,0.77289,1.72335,0.0,0.0,0
2695.0,2694.0,332.0,52.65,12.0,0.44514,0.04347,247.47,10.97,1.0,1585.0,4.0,0.0,1.0,1.18757,0.78279,2.48262,0.0,0.0,0
2696.0,2695.0,104.0,777.33,13.0,0.14593,0.27587,29.65,7.97,0.0,1277.0,0.0,0.0,1.0,9.75822,2.37567,2.19343,0.0,0.0,1
2697.0,2696.0,350.0,730.41,15.0,0.22253,0.06002,249.42,4.58,1.0,1123.0,5.0,0.0,1.0,4.74337,1.74805,1.71871,0.0,0.0,1
2698.0,2697.0,338.0,185.75,2.0,0.2436,0.48364,17.57,6.91,0.0,1230.0,1.0,0.0,1.0,1.54386,0.93368,2.06862,1.0,0.0,0
2699.0,2698.0,136.0,63.33,6.0,0.11971,0.11939,173.23,16.61,0.0,1185.0,1.0,0.0,1.0,0.63006,0.48862,2.86819,0.0,0.0,0
2700.0,2699.0,400.0,49.02,19.0,0.30767,0.19172,358.92,11.99,0.0,783.0,3.0,0.0,1.0,1.21465,0.79509,2.56446,0.0,0.0,0
2701.0,2700.0,311.0,27.85,17.0,0.33296,0.06665,992.97,20.12,0.0,2122.0,1.0,0.0,1.0,1.23189,0.80285,3.05021,0.0,0.0,0
2702.0,2701.0,279.0,22.94,15.0,0.38872,0.12536,501.51,17.57,1.0,2113.0,1.0,0.0,0.0,0.37373,0.31753,2.92135,0.0,0.0,0
2703.0,2702.0,78.0,56.68,17.0,0.46457,0.44139,284.44,371.09,2.0,1375.0,1.0,1.0,1.0,0.98332,0.68477,5.91915,0.0,0.0,1
2704.0,2703.0,67.0,15.47,17.0,0.21108,0.0388,266.99,3.67,1.0,1146.0,5.0,0.0,1.0,1.15428,0.76745,1.54126,0.0,0.0,0
2705.0,2704.0,245.0,571.61,7.0,0.09099,0.11963,261.75,5.55,0.0,1444.0,2.0,0.0,1.0,4.62922,1.72797,1.87942,0.0,0.0,0
2706.0,2705.0,410.0,57.72,5.0,0.36102,0.14977,509.09,101.79,0.0,2004.0,6.0,1.0,1.0,0.49746,0.40377,4.63272,1.0,0.0,0
2707.0,2706.0,31.0,12.56,12.0,0.25135,0.14594,22.67,163.69,0.0,940.0,3.0,1.0,0.0,0.83541,0.60727,5.10406,0.0,0.0,0
2708.0,2707.0,375.0,280.55,5.0,0.21095,0.12632,480.38,11.92,1.0,338.0,3.0,0.0,0.0,2.04612,1.11387,2.55846,1.0,0.0,1
2709.0,2708.0,9.0,605.29,14.0,0.14587,0.18152,748.07,5.33,2.0,1484.0,2.0,0.0,1.0,4.20177,1.649,1.84539,0.0,0.0,0
2710.0,2709.0,153.0,39.74,7.0,0.34185,0.14269,98.15,6.1,2.0,2084.0,1.0,0.0,1.0,1.17881,0.77878,1.95961,0.0,0.0,1
2711.0,2710.0,127.0,27.73,10.0,0.10378,0.25219,6.93,5.6,0.0,222.0,1.0,0.0,1.0,0.51526,0.41559,1.8871,0.0,1.0,0
2712.0,2711.0,17.0,31.66,10.0,0.08755,0.01,80.46,4.27,0.0,1638.0,4.0,0.0,1.0,1.08819,0.7363,1.66256,0.0,0.0,0
2713.0,2712.0,147.0,509.87,15.0,0.23532,0.16301,264.36,21.06,0.0,214.0,1.0,0.0,1.0,4.32079,1.67162,3.09394,0.0,0.0,0
2714.0,2713.0,76.0,64.33,10.0,0.30315,0.20448,269.61,127.22,0.0,1322.0,2.0,1.0,1.0,1.40898,0.8792,4.85378,0.0,0.0,0
2715.0,2714.0,270.0,72.96,9.0,0.20106,0.16831,272.51,37.8,1.0,912.0,3.0,0.0,1.0,2.66868,1.29983,3.65848,0.0,0.0,0
2716.0,2715.0,196.0,21.22,16.0,0.101,0.02911,1.51,2.88,1.0,1865.0,2.0,0.0,0.0,0.57213,0.45243,1.35615,0.0,1.0,0
2717.0,2716.0,411.0,95.59,5.0,0.19182,0.11672,197.36,3.74,0.0,1445.0,1.0,0.0,1.0,1.05893,0.72219,1.55587,1.0,0.0,0
2718.0,2717.0,375.0,78.08,13.0,0.13242,0.02879,466.3,15.49,0.0,338.0,3.0,0.0,1.0,0.56945,0.45073,2.80254,0.0,0.0,0
2719.0,2718.0,195.0,29.44,17.0,0.06959,0.17252,170.38,5.52,0.0,1472.0,2.0,0.0,0.0,2.4105,1.22686,1.87541,0.0,0.0,0
2720.0,2719.0,288.0,55.5,16.0,0.32795,0.10691,3.86,6.57,0.0,1634.0,1.0,0.0,1.0,1.35937,0.8584,2.02428,0.0,1.0,0
2721.0,2720.0,184.0,91.16,19.0,0.57724,0.40925,655.24,1345.85,0.0,1630.0,5.0,1.0,0.0,0.38638,0.32669,7.20553,0.0,0.0,1
2722.0,2721.0,176.0,99.18,3.0,0.60904,0.03311,76.25,4.82,1.0,1175.0,3.0,0.0,0.0,1.87328,1.05546,1.76166,1.0,0.0,1
2723.0,2722.0,28.0,48.12,6.0,0.43441,0.02327,208.36,17.93,0.0,826.0,2.0,0.0,1.0,0.97549,0.68082,2.94099,0.0,0.0,0
2724.0,2723.0,300.0,21.58,12.0,0.06692,0.09091,263.52,29.14,1.0,1290.0,1.0,0.0,0.0,0.74259,0.55537,3.40593,0.0,0.0,0
2725.0,2724.0,186.0,200.39,8.0,0.62026,0.09309,773.83,32.36,1.0,1076.0,1.0,0.0,1.0,7.08276,2.08973,3.50722,0.0,0.0,0
2726.0,2725.0,337.0,61.68,12.0,0.30238,0.29322,315.89,277.36,0.0,1228.0,2.0,1.0,1.0,1.56525,0.94206,5.6289,0.0,0.0,0
2727.0,2726.0,385.0,20.37,16.0,0.36074,0.10888,190.2,34.19,0.0,915.0,2.0,0.0,0.0,0.42455,0.35386,3.56086,0.0,0.0,0
2728.0,2727.0,410.0,192.0,11.0,0.05725,0.19361,351.61,17.02,0.0,2004.0,2.0,1.0,1.0,1.65477,0.97636,2.89149,0.0,0.0,0
2729.0,2728.0,74.0,77.1,14.0,0.38336,0.06524,81.33,18.01,0.0,1555.0,4.0,0.0,0.0,1.30043,0.8331,2.9449,0.0,0.0,0
2730.0,2729.0,404.0,23.33,17.0,0.41087,0.11216,278.77,19.91,0.0,840.0,0.0,0.0,0.0,0.87627,0.62928,3.04011,0.0,0.0,0
2731.0,2730.0,257.0,106.04,4.0,0.03255,0.34251,676.13,13.52,0.0,2159.0,2.0,0.0,1.0,0.66888,0.51215,2.67523,1.0,0.0,0
2732.0,2731.0,152.0,42.25,12.0,0.15109,0.12339,230.43,1.75,0.0,1937.0,4.0,0.0,1.0,0.92168,0.6532,1.01124,0.0,0.0,0
2733.0,2732.0,331.0,640.55,5.0,0.59823,0.32784,94.09,13.08,0.0,212.0,2.0,0.0,1.0,13.03951,2.64188,2.64492,1.0,0.0,0
2734.0,2733.0,104.0,100.69,2.0,0.05991,0.29339,30.73,14.14,0.0,1277.0,0.0,0.0,1.0,1.26397,0.81712,2.71714,1.0,0.0,0
2735.0,2734.0,266.0,206.77,14.0,0.61978,0.42005,293.08,6.13,1.0,1157.0,0.0,0.0,0.0,1.37819,0.86634,1.96435,0.0,0.0,0
2736.0,2735.0,84.0,84.06,14.0,0.34152,0.36351,387.44,39.63,2.0,2178.0,4.0,0.0,1.0,1.95161,1.08235,3.70443,0.0,0.0,0
2737.0,2736.0,393.0,8.64,16.0,0.02686,0.05561,308.19,5.1,1.0,908.0,0.0,0.0,1.0,0.50653,0.40981,1.80756,0.0,0.0,0
2738.0,2737.0,413.0,10.34,12.0,0.05526,0.11383,584.79,49.92,0.0,1692.0,1.0,0.0,1.0,0.08485,0.08144,3.93021,0.0,0.0,0
2739.0,2738.0,28.0,22.67,7.0,0.68717,0.26237,165.41,16.81,0.0,826.0,4.0,0.0,1.0,0.4595,0.37809,2.87974,0.0,0.0,0
2740.0,2739.0,241.0,62.35,10.0,0.02047,0.29716,133.05,21.83,2.0,424.0,4.0,0.0,1.0,0.93728,0.66128,3.12802,0.0,0.0,0
2741.0,2740.0,148.0,28.11,18.0,0.6371,0.17437,504.56,9.24,1.0,1988.0,2.0,0.0,0.0,0.91104,0.64765,2.32592,0.0,0.0,0
2742.0,2741.0,293.0,24.62,21.0,0.46239,0.06115,409.92,0.65,2.0,1213.0,6.0,0.0,1.0,0.86539,0.62347,0.49979,0.0,0.0,0
2743.0,2742.0,11.0,16.95,1.0,0.07057,0.03215,59.84,18.47,0.0,295.0,0.0,0.0,1.0,0.47929,0.39156,2.96877,1.0,0.0,0
2744.0,2743.0,170.0,9.09,8.0,0.39861,0.26014,667.99,133.42,0.0,1043.0,1.0,0.0,0.0,0.3459,0.29707,4.90097,0.0,0.0,0
2745.0,2744.0,179.0,68.26,6.0,0.10814,0.135,427.45,30.98,0.0,1808.0,0.0,0.0,0.0,0.98005,0.68312,3.46501,0.0,0.0,0
2746.0,2745.0,13.0,158.08,13.0,0.27869,0.1393,323.34,132.86,0.0,1331.0,0.0,0.0,0.0,2.1966,1.16209,4.89682,0.0,0.0,0
2747.0,2746.0,177.0,56.96,12.0,0.3329,0.33431,694.17,14.58,2.0,781.0,2.0,0.0,1.0,0.86124,0.62125,2.74628,0.0,0.0,0
2748.0,2747.0,226.0,80.85,18.0,0.16859,0.18895,199.83,13.7,3.0,1331.0,0.0,0.0,0.0,2.56065,1.26994,2.688,0.0,0.0,0
2749.0,2748.0,87.0,299.26,18.0,0.31335,0.07704,4.78,30.63,1.0,1015.0,1.0,0.0,0.0,2.61426,1.28489,3.45396,0.0,1.0,1
2750.0,2749.0,390.0,181.67,14.0,0.17103,0.27395,92.77,23.93,0.0,184.0,1.0,0.0,1.0,2.60271,1.28169,3.2161,0.0,0.0,0
2751.0,2750.0,393.0,17.29,15.0,0.0242,0.11855,303.79,0.65,1.0,908.0,3.0,0.0,1.0,1.0139,0.70008,0.50132,0.0,0.0,0
2752.0,2751.0,222.0,297.47,15.0,0.10236,0.04574,477.54,3.65,0.0,741.0,2.0,0.0,1.0,3.27549,1.4529,1.53607,0.0,0.0,0
2753.0,2752.0,387.0,35.54,16.0,0.0895,0.09685,188.52,23.35,2.0,638.0,6.0,0.0,1.0,1.13013,0.75618,3.19236,0.0,0.0,0
2754.0,2753.0,327.0,66.72,12.0,0.42398,0.41476,306.48,44.83,0.0,2045.0,2.0,1.0,1.0,1.218,0.79661,3.82484,0.0,0.0,0
2755.0,2754.0,401.0,80.66,21.0,0.17449,0.23419,310.15,11.48,0.0,301.0,2.0,0.0,0.0,0.90047,0.6421,2.52443,0.0,0.0,0
2756.0,2755.0,352.0,59.85,11.0,0.44593,0.13741,49.67,43.64,1.0,1181.0,2.0,0.0,0.0,0.67417,0.51532,3.79873,0.0,0.0,0
2757.0,2756.0,387.0,36.36,19.0,0.09284,0.36939,907.47,4.71,0.0,638.0,2.0,0.0,1.0,1.15601,0.76826,1.74263,0.0,0.0,0
2758.0,2757.0,404.0,6.75,0.0,0.40659,0.09841,127.26,7.92,1.0,840.0,3.0,0.0,1.0,0.25373,0.22612,2.18839,1.0,0.0,0
2759.0,2758.0,5.0,486.95,10.0,0.5525,0.29053,94.76,13.75,1.0,1734.0,4.0,0.0,1.0,6.28016,1.98515,2.69131,0.0,0.0,0
2760.0,2759.0,51.0,66.36,17.0,0.24654,0.58698,137.35,10.07,0.0,876.0,3.0,0.0,1.0,1.11594,0.7495,2.40383,0.0,0.0,0
2761.0,2760.0,230.0,1349.96,13.0,0.08592,0.15755,334.17,4.36,0.0,1266.0,0.0,0.0,1.0,16.65655,2.87111,1.67841,0.0,0.0,0
2762.0,2761.0,282.0,33.4,2.0,0.15072,0.056,103.56,2.88,0.0,2082.0,4.0,0.0,0.0,0.20033,0.1826,1.35516,1.0,0.0,0
2763.0,2762.0,286.0,110.05,19.0,0.19987,0.07476,553.02,13.87,0.0,1906.0,0.0,0.0,1.0,0.78257,0.57805,2.69929,0.0,0.0,0
2764.0,2763.0,108.0,111.44,19.0,0.27617,0.25165,20.04,17.44,0.0,1757.0,1.0,0.0,0.0,1.25023,0.81103,2.91474,0.0,0.0,0
2765.0,2764.0,45.0,99.71,14.0,0.36151,0.08329,234.26,26.27,1.0,647.0,1.0,0.0,1.0,1.77426,1.02039,3.30582,0.0,0.0,0
2766.0,2765.0,402.0,24.64,4.0,0.25344,0.06609,653.07,12.81,1.0,891.0,2.0,0.0,0.0,0.33283,0.2873,2.62534,1.0,0.0,1
2767.0,2766.0,56.0,217.81,17.0,0.16849,0.14511,254.44,2.92,1.0,1084.0,3.0,0.0,1.0,6.9375,2.0716,1.366,0.0,0.0,1
2768.0,2767.0,109.0,87.61,21.0,0.3952,0.07444,80.84,103.43,1.0,1723.0,2.0,0.0,1.0,1.57693,0.9466,4.64854,0.0,0.0,0
2769.0,2768.0,325.0,33.89,20.0,0.19749,0.02212,309.41,42.88,0.0,1576.0,1.0,0.0,1.0,1.16079,0.77047,3.78152,0.0,0.0,0
2770.0,2769.0,284.0,36.45,6.0,0.05386,0.17909,770.14,12.49,0.0,427.0,1.0,0.0,0.0,1.26706,0.81849,2.6016,0.0,0.0,0
2771.0,2770.0,317.0,17.51,19.0,0.08642,0.01,412.1,8.15,0.0,1385.0,3.0,0.0,1.0,0.98564,0.68594,2.21398,0.0,0.0,0
2772.0,2771.0,240.0,101.12,12.0,0.19922,0.07955,233.96,53.86,0.0,1434.0,1.0,0.0,1.0,1.76229,1.01606,4.00481,0.0,0.0,0
2773.0,2772.0,127.0,59.62,12.0,0.26946,0.04067,852.59,3.26,1.0,222.0,0.0,0.0,1.0,1.10785,0.74567,1.4504,0.0,0.0,0
2774.0,2773.0,381.0,105.3,5.0,0.33401,0.15244,434.72,5.85,1.0,15.0,2.0,0.0,1.0,1.26786,0.81884,1.92474,1.0,0.0,0
2775.0,2774.0,158.0,277.02,19.0,0.15638,0.23244,697.87,147.29,0.0,1685.0,2.0,0.0,0.0,8.07508,2.20553,4.99915,0.0,0.0,0
2776.0,2775.0,53.0,426.21,14.0,0.42839,0.26385,445.53,23.08,0.0,2169.0,3.0,0.0,1.0,4.31938,1.67136,3.18148,0.0,0.0,0
2777.0,2776.0,253.0,16.43,11.0,0.3891,0.17149,837.29,8.42,1.0,1586.0,2.0,0.0,0.0,0.3932,0.3316,2.24238,0.0,0.0,0
2778.0,2777.0,147.0,283.94,6.0,0.34232,0.27352,319.1,35.56,0.0,214.0,2.0,0.0,1.0,2.40621,1.2256,3.59908,0.0,0.0,0
2779.0,2778.0,44.0,80.34,15.0,0.0967,0.06776,380.09,3.4,0.0,237.0,2.0,0.0,0.0,1.21196,0.79388,1.48256,0.0,0.0,0
2780.0,2779.0,144.0,24.48,1.0,0.31891,0.08761,172.95,59.95,0.0,153.0,3.0,0.0,1.0,0.32894,0.28438,4.11002,1.0,0.0,0
2781.0,2780.0,208.0,569.48,14.0,0.12012,0.33438,456.88,7.51,1.0,1129.0,0.0,0.0,1.0,9.09879,2.31242,2.14123,0.0,0.0,0
2782.0,2781.0,46.0,12.09,12.0,0.08203,0.02068,151.05,35.42,0.0,281.0,0.0,0.0,1.0,0.39077,0.32986,3.59506,0.0,0.0,0
2783.0,2782.0,75.0,91.16,16.0,0.51895,0.06431,186.8,51.09,0.0,4.0,2.0,0.0,1.0,1.37848,0.86646,3.95303,0.0,0.0,0
2784.0,2783.0,40.0,48.18,18.0,0.07066,0.17069,259.73,39.19,0.0,1992.0,4.0,1.0,1.0,0.54943,0.43789,3.69363,0.0,0.0,0
2785.0,2784.0,298.0,15.79,14.0,0.22895,0.25503,136.2,42.79,0.0,1486.0,0.0,0.0,0.0,0.65819,0.50573,3.77949,0.0,0.0,0
2786.0,2785.0,243.0,99.76,20.0,0.15017,0.01,555.36,19.55,0.0,1841.0,0.0,0.0,1.0,1.39,0.87129,3.02299,0.0,0.0,0
2787.0,2786.0,409.0,48.37,15.0,0.32184,0.12821,638.86,18.77,1.0,1009.0,1.0,0.0,1.0,1.19411,0.78578,2.98394,0.0,0.0,0
2788.0,2787.0,172.0,1232.4,14.0,0.47995,0.14997,229.65,34.09,2.0,1027.0,1.0,0.0,0.0,17.12033,2.89703,3.55782,0.0,0.0,0
2789.0,2788.0,171.0,15.87,21.0,0.27025,0.05629,233.48,54.39,0.0,1418.0,0.0,0.0,1.0,0.57141,0.45197,4.01433,0.0,0.0,0
2790.0,2789.0,301.0,51.27,8.0,0.19655,0.01116,146.94,19.48,0.0,485.0,4.0,0.0,0.0,1.92664,1.07385,3.01934,0.0,0.0,0
2791.0,2790.0,152.0,53.56,15.0,0.34787,0.0834,589.94,20.75,1.0,1937.0,3.0,0.0,1.0,1.16825,0.77392,3.07954,0.0,0.0,0
2792.0,2791.0,116.0,386.25,4.0,0.37186,0.18097,95.8,61.75,1.0,2119.0,4.0,1.0,0.0,2.70467,1.3096,4.13918,1.0,0.0,0
2793.0,2792.0,263.0,28.59,10.0,0.19565,0.08022,499.52,4.97,0.0,975.0,1.0,0.0,1.0,0.70675,0.53459,1.78738,0.0,0.0,0
2794.0,2793.0,226.0,5.96,17.0,0.2342,0.11926,5.23,7.59,0.0,1331.0,3.0,0.0,1.0,0.18889,0.17302,2.15106,0.0,1.0,0
2795.0,2794.0,278.0,432.54,14.0,0.33427,0.07922,4.3,7.87,0.0,457.0,0.0,0.0,0.0,4.30026,1.66776,2.18235,0.0,1.0,1
2796.0,2795.0,56.0,36.48,21.0,0.58496,0.12852,165.83,7.4,1.0,1084.0,4.0,0.0,0.0,1.16183,0.77095,2.12783,0.0,0.0,0
2797.0,2796.0,231.0,131.42,13.0,0.23373,0.33279,3.08,129.5,0.0,1188.0,0.0,1.0,1.0,0.675,0.51582,4.87134,0.0,1.0,0
2798.0,2797.0,342.0,372.32,17.0,0.26442,0.08285,368.65,12.39,0.0,453.0,2.0,0.0,1.0,13.26311,2.65768,2.59486,0.0,0.0,0
2799.0,2798.0,167.0,27.77,14.0,0.47943,0.23972,44.54,3.61,0.0,1471.0,1.0,0.0,1.0,0.62128,0.48322,1.52842,0.0,0.0,0
2800.0,2799.0,162.0,27.32,17.0,0.23499,0.02936,282.53,12.32,1.0,1631.0,6.0,1.0,0.0,0.99588,0.69109,2.58904,0.0,0.0,0
2801.0,2800.0,399.0,23.6,17.0,0.61651,0.16481,675.07,20.76,1.0,326.0,3.0,0.0,1.0,0.64517,0.49784,3.08016,0.0,0.0,0
2802.0,2801.0,198.0,72.21,12.0,0.15581,0.01437,698.56,0.94,0.0,843.0,5.0,0.0,0.0,1.82101,1.0371,0.66027,0.0,0.0,0
2803.0,2802.0,39.0,144.37,6.0,0.37022,0.12947,352.83,4.28,0.0,63.0,1.0,0.0,0.0,1.81446,1.03477,1.66461,0.0,0.0,0
2804.0,2803.0,257.0,85.36,4.0,0.33671,0.36546,256.07,35.83,2.0,2159.0,3.0,0.0,1.0,0.53842,0.43075,3.60638,1.0,0.0,0
2805.0,2804.0,302.0,109.37,15.0,0.40423,0.15717,483.54,0.95,0.0,1172.0,3.0,0.0,0.0,1.48839,0.91163,0.66611,0.0,0.0,0
2806.0,2805.0,13.0,137.71,17.0,0.04881,0.45414,510.29,7.23,0.0,1331.0,2.0,0.0,1.0,1.9135,1.06936,2.10763,0.0,0.0,0
2807.0,2806.0,27.0,30.58,13.0,0.25675,0.02679,158.78,35.48,0.0,1949.0,2.0,0.0,1.0,0.53331,0.42743,3.59685,0.0,0.0,0
2808.0,2807.0,194.0,7.05,7.0,0.35325,0.05042,382.52,3.24,0.0,1488.0,1.0,0.0,0.0,0.45933,0.37798,1.44439,0.0,0.0,0
2809.0,2808.0,135.0,19.3,14.0,0.43011,0.07104,60.54,11.63,0.0,1091.0,4.0,0.0,0.0,0.50329,0.40766,2.53597,0.0,0.0,0
2810.0,2809.0,53.0,35.64,17.0,0.15264,0.17706,257.81,26.52,1.0,2169.0,4.0,0.0,1.0,0.36121,0.30837,3.31477,0.0,0.0,0
2811.0,2810.0,278.0,85.91,10.0,0.26623,0.09532,306.22,6.74,1.0,457.0,4.0,0.0,1.0,0.85407,0.61739,2.04657,0.0,0.0,0
2812.0,2811.0,400.0,71.22,9.0,0.1109,0.25468,152.65,3.84,0.0,783.0,1.0,0.0,1.0,1.76476,1.01695,1.5766,0.0,0.0,0
2813.0,2812.0,147.0,292.83,12.0,0.28104,0.06406,297.94,1.89,2.0,214.0,2.0,0.0,1.0,2.48153,1.24747,1.06039,0.0,0.0,1
2814.0,2813.0,324.0,161.48,10.0,0.03173,0.16603,107.3,5.34,0.0,1098.0,2.0,0.0,0.0,4.28497,1.66487,1.84728,0.0,0.0,0
2815.0,2814.0,242.0,7.69,18.0,0.04989,0.32397,578.65,10.82,0.0,311.0,1.0,0.0,1.0,0.21496,0.19471,2.46969,0.0,0.0,0
2816.0,2815.0,377.0,68.53,18.0,0.10559,0.28738,326.27,15.87,0.0,616.0,2.0,0.0,0.0,0.70957,0.53624,2.82534,0.0,0.0,0
2817.0,2816.0,222.0,151.43,12.0,0.20998,0.03715,0.75,4.76,0.0,741.0,4.0,0.0,0.0,1.66748,0.98113,1.75107,0.0,1.0,1
2818.0,2817.0,339.0,76.79,15.0,0.28907,0.52669,414.67,3.49,2.0,1709.0,4.0,0.0,1.0,2.18959,1.15989,1.50105,0.0,0.0,0
2819.0,2818.0,283.0,103.44,16.0,0.16997,0.11377,73.64,2.53,0.0,69.0,4.0,0.0,1.0,2.30008,1.19395,1.26187,0.0,0.0,0
2820.0,2819.0,14.0,81.28,10.0,0.18345,0.16606,143.34,12.77,1.0,274.0,3.0,0.0,1.0,0.83739,0.60834,2.62271,0.0,0.0,0
2821.0,2820.0,55.0,18.94,20.0,0.16561,0.20588,528.24,65.3,0.0,1157.0,0.0,0.0,0.0,0.24998,0.22313,4.19418,0.0,0.0,0
2822.0,2821.0,298.0,19.75,3.0,0.36868,0.03593,6.82,355.47,2.0,1486.0,5.0,1.0,1.0,0.82301,0.60049,5.87624,1.0,1.0,1
2823.0,2822.0,275.0,50.52,7.0,0.2616,0.13336,240.29,21.02,0.0,327.0,2.0,0.0,1.0,0.97298,0.67955,3.09204,0.0,0.0,0
2824.0,2823.0,408.0,45.06,13.0,0.2519,0.22419,50.84,12.26,0.0,1713.0,6.0,0.0,1.0,0.71021,0.53662,2.58473,0.0,0.0,0
2825.0,2824.0,258.0,29.17,16.0,0.51425,0.15064,226.28,11.63,0.0,1488.0,1.0,0.0,1.0,0.60622,0.47388,2.53569,0.0,0.0,0
2826.0,2825.0,31.0,10.81,16.0,0.24125,0.39435,25.18,972.61,0.0,940.0,3.0,1.0,1.0,0.71885,0.54166,6.88101,0.0,0.0,0
2827.0,2826.0,164.0,134.81,13.0,0.183,0.12496,23.26,169.06,1.0,2001.0,4.0,1.0,1.0,0.69795,0.52942,5.13613,0.0,0.0,0
2828.0,2827.0,274.0,182.86,15.0,0.11222,0.25191,189.94,2.78,0.0,571.0,3.0,0.0,0.0,1.3759,0.86538,1.32903,0.0,0.0,0
2829.0,2828.0,311.0,13.15,12.0,0.2633,0.06933,573.25,6.4,0.0,2122.0,2.0,0.0,1.0,0.58158,0.45843,2.00105,0.0,0.0,0
2830.0,2829.0,218.0,40.36,4.0,0.04183,0.05282,758.93,2.14,1.0,2081.0,2.0,0.0,1.0,0.92654,0.65573,1.14477,1.0,0.0,0
2831.0,2830.0,169.0,168.98,11.0,0.54974,0.12264,666.29,15.31,0.0,989.0,2.0,0.0,1.0,2.52108,1.25877,2.79205,0.0,0.0,0
2832.0,2831.0,277.0,173.19,10.0,0.28318,0.37076,0.44,4.45,2.0,198.0,2.0,0.0,1.0,4.41562,1.68929,1.69599,0.0,1.0,1
2833.0,2832.0,395.0,287.56,18.0,0.17059,0.01,289.63,5.69,0.0,1708.0,2.0,0.0,1.0,3.27495,1.45277,1.90018,0.0,0.0,0
2834.0,2833.0,280.0,18.03,11.0,0.2616,0.09555,284.47,4.07,0.0,1448.0,4.0,0.0,1.0,0.65782,0.50551,1.62418,0.0,0.0,0
2835.0,2834.0,241.0,96.88,8.0,0.13299,0.10046,199.49,15.26,0.0,424.0,1.0,0.0,1.0,1.4562,0.89862,2.78897,0.0,0.0,0
2836.0,2835.0,378.0,81.87,19.0,0.62281,0.08441,522.35,13.31,1.0,844.0,5.0,0.0,0.0,1.45089,0.89645,2.66084,0.0,0.0,0
2837.0,2836.0,78.0,174.67,9.0,0.13098,0.16545,835.38,7.99,1.0,1375.0,1.0,0.0,1.0,3.03024,1.39382,2.19645,0.0,0.0,0
2838.0,2837.0,342.0,16.93,20.0,0.43171,0.13565,221.21,18.01,0.0,453.0,3.0,0.0,1.0,0.60307,0.47192,2.9447,0.0,0.0,0
2839.0,2838.0,190.0,11.01,7.0,0.15243,0.27637,157.34,2.5,0.0,401.0,2.0,0.0,1.0,0.30764,0.26822,1.25302,0.0,0.0,0
2840.0,2839.0,144.0,219.29,16.0,0.4005,0.01,5.88,24.72,1.0,153.0,2.0,0.0,1.0,2.94673,1.37289,3.24716,0.0,1.0,1
2841.0,2840.0,224.0,19.26,14.0,0.11413,0.29175,34.95,6.59,0.0,584.0,3.0,0.0,1.0,0.30955,0.26968,2.02733,0.0,0.0,0
2842.0,2841.0,351.0,69.45,13.0,0.06124,0.07825,745.63,73.91,0.0,1619.0,0.0,0.0,1.0,0.91921,0.65191,4.31631,0.0,0.0,0
2843.0,2842.0,311.0,37.58,12.0,0.04325,0.0621,192.91,10.24,0.0,2122.0,0.0,0.0,0.0,1.66205,0.9791,2.41956,0.0,0.0,0
2844.0,2843.0,137.0,202.46,10.0,0.33297,0.0841,520.03,30.73,0.0,1118.0,2.0,0.0,0.0,1.82669,1.03911,3.45734,0.0,0.0,0
2845.0,2844.0,376.0,329.81,7.0,0.11636,0.10786,641.09,20.84,0.0,462.0,1.0,0.0,0.0,4.68661,1.73811,3.08375,0.0,0.0,0
2846.0,2845.0,64.0,54.49,18.0,0.18888,0.01311,34.9,9.51,0.0,445.0,1.0,0.0,0.0,0.6176,0.48094,2.35225,0.0,0.0,0
2847.0,2846.0,163.0,26.65,3.0,0.25239,0.05962,347.42,34.8,1.0,2188.0,2.0,0.0,0.0,0.87147,0.62672,3.57788,1.0,0.0,0
2848.0,2847.0,221.0,41.52,11.0,0.31063,0.03211,330.79,41.28,1.0,110.0,0.0,1.0,0.0,0.56353,0.44694,3.74441,0.0,0.0,0
2849.0,2848.0,46.0,55.48,18.0,0.31362,0.36623,48.39,347.77,0.0,281.0,7.0,1.0,1.0,1.79276,1.02703,5.85442,0.0,0.0,1
2850.0,2849.0,243.0,16.59,8.0,0.41244,0.08576,600.92,1.24,0.0,1841.0,2.0,0.0,1.0,0.23118,0.20797,0.80674,0.0,0.0,0
2851.0,2850.0,388.0,112.31,5.0,0.11944,0.21561,6.9,31.8,0.0,1720.0,2.0,0.0,1.0,1.53888,0.93172,3.49029,1.0,1.0,0
2852.0,2851.0,244.0,18.14,12.0,0.25791,0.07637,72.62,23.55,1.0,1923.0,2.0,0.0,0.0,0.47558,0.38905,3.20068,0.0,0.0,0
2853.0,2852.0,74.0,146.98,3.0,0.21666,0.21811,75.11,13.65,0.0,1555.0,0.0,0.0,1.0,2.47913,1.24678,2.68418,1.0,0.0,0
2854.0,2853.0,143.0,10.58,10.0,0.13439,0.05183,150.83,251.13,1.0,1689.0,5.0,1.0,0.0,0.32538,0.2817,5.52994,0.0,0.0,1
2855.0,2854.0,323.0,111.46,8.0,0.12506,0.19255,45.47,18.4,0.0,1520.0,2.0,0.0,0.0,2.6996,1.30823,2.96531,0.0,0.0,0
2856.0,2855.0,224.0,89.55,6.0,0.55185,0.09465,3.45,98.08,3.0,584.0,1.0,0.0,0.0,1.43916,0.89165,4.59592,0.0,1.0,0
2857.0,2856.0,376.0,89.37,9.0,0.27567,0.14316,603.78,31.8,0.0,462.0,3.0,0.0,0.0,1.26993,0.81975,3.49057,0.0,0.0,0
2858.0,2857.0,244.0,48.19,15.0,0.04732,0.05015,63.78,2.75,0.0,1923.0,1.0,0.0,1.0,1.2634,0.81687,1.3213,0.0,0.0,0
2859.0,2858.0,297.0,198.39,10.0,0.12293,0.03465,0.74,27.28,0.0,1797.0,4.0,0.0,1.0,1.07803,0.73142,3.34209,0.0,1.0,0
2860.0,2859.0,28.0,172.51,8.0,0.21241,0.25137,169.46,5.68,0.0,826.0,2.0,0.0,0.0,3.49675,1.50336,1.89978,0.0,0.0,0
2861.0,2860.0,117.0,29.22,9.0,0.14171,0.22436,614.01,181.77,0.0,987.0,0.0,1.0,1.0,0.86378,0.62261,5.20822,0.0,0.0,0
2862.0,2861.0,199.0,31.56,15.0,0.08595,0.13136,162.61,59.41,0.0,957.0,3.0,1.0,1.0,0.49587,0.40271,4.10115,0.0,0.0,0
2863.0,2862.0,334.0,7.84,17.0,0.19373,0.18168,281.25,21.19,0.0,1391.0,1.0,0.0,0.0,0.25367,0.22608,3.09953,0.0,0.0,0
2864.0,2863.0,404.0,10.15,7.0,0.27346,0.17568,232.2,6.14,0.0,840.0,2.0,0.0,0.0,0.38144,0.32313,1.96582,0.0,0.0,0
2865.0,2864.0,17.0,8.61,17.0,0.16917,0.1519,151.41,6.33,0.0,1638.0,2.0,0.0,1.0,0.29606,0.25933,1.99194,0.0,0.0,0
2866.0,2865.0,268.0,86.4,10.0,0.18817,0.23109,601.12,15.4,2.0,423.0,3.0,0.0,0.0,1.62583,0.9654,2.79721,0.0,0.0,1
2867.0,2866.0,224.0,77.68,12.0,0.33246,0.16802,18.49,21.78,0.0,584.0,1.0,0.0,0.0,1.24833,0.81019,3.12599,0.0,0.0,0
2868.0,2867.0,322.0,58.0,9.0,0.0348,0.02845,610.25,936.86,2.0,1310.0,3.0,1.0,0.0,1.29856,0.83228,6.8436,0.0,0.0,1
2869.0,2868.0,302.0,21.77,10.0,0.16144,0.18922,228.24,40.71,0.0,1172.0,0.0,0.0,1.0,0.29628,0.2595,3.73063,0.0,0.0,0
2870.0,2869.0,132.0,75.47,11.0,0.73297,0.14746,270.79,10.66,2.0,1676.0,1.0,0.0,1.0,1.28106,0.82464,2.45621,0.0,0.0,0
2871.0,2870.0,11.0,77.25,8.0,0.35452,0.24708,155.51,42.52,0.0,295.0,0.0,0.0,0.0,2.18497,1.15844,3.77324,0.0,0.0,0
2872.0,2871.0,204.0,63.39,19.0,0.30195,0.12682,665.95,21.09,0.0,2066.0,2.0,0.0,1.0,1.13368,0.75785,3.0953,0.0,0.0,0
2873.0,2872.0,54.0,197.01,12.0,0.33893,0.53968,111.99,16.03,1.0,427.0,2.0,0.0,0.0,1.46776,0.90331,2.83477,0.0,0.0,1
2874.0,2873.0,117.0,92.74,17.0,0.15517,0.17352,740.33,7.55,1.0,987.0,2.0,0.0,1.0,2.741,1.31935,2.14617,0.0,0.0,0
2875.0,2874.0,50.0,33.51,4.0,0.09628,0.33634,6.57,17.43,0.0,1298.0,2.0,0.0,1.0,0.4635,0.38083,2.91396,1.0,1.0,0
2876.0,2875.0,36.0,50.48,13.0,0.12402,0.16668,56.06,9.92,0.0,1392.0,2.0,0.0,1.0,1.94214,1.07914,2.39025,0.0,0.0,0
2877.0,2876.0,362.0,41.35,8.0,0.13249,0.17826,733.72,7.0,0.0,1375.0,2.0,0.0,0.0,0.69059,0.52508,2.07912,0.0,0.0,0
2878.0,2877.0,125.0,64.02,19.0,0.38016,0.20079,171.48,15.82,0.0,520.0,2.0,0.0,0.0,0.95619,0.671,2.82273,0.0,0.0,0
2879.0,2878.0,318.0,383.89,13.0,0.29799,0.22223,111.61,1.94,1.0,866.0,1.0,0.0,1.0,4.62758,1.72768,1.0792,0.0,0.0,0
2880.0,2879.0,135.0,19.1,16.0,0.34138,0.16033,65.6,50.98,0.0,1091.0,1.0,1.0,0.0,0.49804,0.40416,3.9509,0.0,0.0,0
2881.0,2880.0,366.0,25.81,15.0,0.14644,0.0901,735.62,4.38,0.0,794.0,2.0,0.0,1.0,0.94672,0.66615,1.68281,0.0,0.0,0
2882.0,2881.0,49.0,17.34,12.0,0.37,0.01043,4.41,51.19,1.0,980.0,4.0,1.0,0.0,1.00777,0.69703,3.95486,0.0,1.0,0
2883.0,2882.0,139.0,20.98,8.0,0.0612,0.26143,518.1,309.13,0.0,87.0,2.0,1.0,1.0,0.51806,0.41744,5.73699,0.0,0.0,0
2884.0,2883.0,175.0,325.35,8.0,0.07132,0.03668,166.2,64.19,1.0,203.0,2.0,0.0,1.0,4.63837,1.72959,4.17735,0.0,0.0,0
2885.0,2884.0,250.0,7.85,4.0,0.3596,0.13481,200.11,44.28,0.0,1017.0,1.0,0.0,1.0,0.14178,0.13259,3.81295,1.0,0.0,0
2886.0,2885.0,72.0,30.78,13.0,0.4251,0.0832,177.84,7.17,1.0,513.0,2.0,0.0,1.0,0.37213,0.31636,2.10043,0.0,0.0,0
2887.0,2886.0,146.0,55.26,8.0,0.06818,0.18616,182.51,13.09,0.0,771.0,1.0,0.0,0.0,0.92662,0.65577,2.6458,0.0,0.0,0
2888.0,2887.0,43.0,478.64,19.0,0.04274,0.34022,114.85,7.06,0.0,637.0,1.0,0.0,0.0,6.97815,2.07671,2.08687,0.0,0.0,0
2889.0,2888.0,245.0,49.63,4.0,0.28357,0.18279,228.31,6.58,0.0,1444.0,1.0,0.0,1.0,0.40191,0.33784,2.02509,1.0,0.0,0
2890.0,2889.0,22.0,11.96,15.0,0.28158,0.12883,555.65,12.15,0.0,1861.0,3.0,0.0,1.0,0.4678,0.38377,2.57618,0.0,0.0,0
2891.0,2890.0,108.0,108.11,12.0,0.2421,0.01,14.27,24.24,2.0,1757.0,2.0,0.0,1.0,1.21287,0.79429,3.22832,0.0,0.0,1
2892.0,2891.0,253.0,27.85,14.0,0.29811,0.15639,337.49,22.11,1.0,1586.0,2.0,0.0,1.0,0.66678,0.5109,3.14027,0.0,0.0,0
2893.0,2892.0,121.0,9.97,14.0,0.42495,0.12114,629.72,5.08,1.0,1295.0,0.0,0.0,1.0,0.53297,0.42721,1.80495,0.0,0.0,0
2894.0,2893.0,37.0,26.86,14.0,0.15515,0.08593,49.02,10.88,0.0,1840.0,1.0,0.0,1.0,0.69039,0.52496,2.47515,0.0,0.0,0
2895.0,2894.0,75.0,56.88,13.0,0.3895,0.25343,116.31,810.21,0.0,4.0,7.0,1.0,1.0,0.86013,0.62065,6.69852,0.0,0.0,0
2896.0,2895.0,108.0,76.11,8.0,0.07025,0.04359,37.11,4.68,0.0,1757.0,3.0,0.0,1.0,0.85394,0.61731,1.73644,0.0,0.0,0
2897.0,2896.0,265.0,9.4,4.0,0.53624,0.0897,106.45,19.4,1.0,1924.0,0.0,0.0,1.0,0.51856,0.41776,3.01552,1.0,0.0,0
2898.0,2897.0,142.0,242.08,16.0,0.09136,0.24397,313.47,12.98,0.0,1675.0,0.0,0.0,1.0,1.64055,0.97099,2.6379,0.0,0.0,0
2899.0,2898.0,336.0,24.75,11.0,0.30058,0.08155,200.33,13.95,1.0,1874.0,4.0,0.0,0.0,0.64103,0.49533,2.70486,0.0,0.0,0
2900.0,2899.0,8.0,33.78,18.0,0.30578,0.30541,122.16,19.63,0.0,1553.0,3.0,0.0,0.0,0.64672,0.49879,3.02656,0.0,0.0,0
2901.0,2900.0,239.0,14.02,5.0,0.10516,0.07207,120.88,15.53,0.0,315.0,0.0,0.0,0.0,1.03957,0.71274,2.80533,1.0,0.0,0
2902.0,2901.0,396.0,74.01,13.0,0.20362,0.16945,172.27,5.29,0.0,1942.0,1.0,0.0,1.0,2.35798,1.21134,1.83961,0.0,0.0,0
2903.0,2902.0,327.0,48.2,17.0,0.25047,0.0699,306.07,3.47,0.0,2045.0,2.0,0.0,1.0,0.8798,0.63116,1.4969,0.0,0.0,0
2904.0,2903.0,317.0,10.27,1.0,0.22677,0.11039,496.62,26.93,2.0,1385.0,2.0,0.0,1.0,0.57773,0.45598,3.32955,1.0,0.0,0
2905.0,2904.0,280.0,23.1,4.0,0.28314,0.04956,378.22,12.72,0.0,1448.0,1.0,0.0,0.0,0.84261,0.61118,2.61915,1.0,0.0,0
2906.0,2905.0,378.0,30.68,15.0,0.61522,0.58081,126.87,5.99,2.0,844.0,2.0,0.0,0.0,0.54366,0.43415,1.94428,0.0,0.0,0
2907.0,2906.0,77.0,86.18,5.0,0.10056,0.06991,5.09,42.38,0.0,698.0,2.0,0.0,0.0,1.04962,0.71766,3.76993,1.0,1.0,1
2908.0,2907.0,71.0,61.48,16.0,0.37016,0.13155,3.0,289.52,0.0,810.0,1.0,1.0,1.0,1.29686,0.83154,5.67168,0.0,1.0,1
2909.0,2908.0,274.0,99.44,16.0,0.44108,0.17298,310.49,242.17,1.0,571.0,5.0,1.0,1.0,0.74824,0.55861,5.49374,0.0,0.0,0
2910.0,2909.0,28.0,68.03,4.0,0.03079,0.12837,308.06,14.82,0.0,826.0,0.0,0.0,1.0,1.37907,0.86671,2.76098,1.0,0.0,0
2911.0,2910.0,20.0,167.38,17.0,0.0531,0.0374,32.54,10.24,0.0,50.0,2.0,0.0,0.0,0.99047,0.68837,2.41905,0.0,0.0,1
2912.0,2911.0,279.0,67.06,13.0,0.11178,0.03402,280.6,38.4,1.0,2113.0,2.0,0.0,1.0,1.09266,0.73843,3.6738,0.0,0.0,0
2913.0,2912.0,357.0,184.6,6.0,0.41277,0.12881,154.46,42.3,1.0,566.0,3.0,0.0,0.0,3.69642,1.5468,3.76805,0.0,0.0,0
2914.0,2913.0,371.0,26.97,8.0,0.48971,0.07526,185.22,32.71,2.0,487.0,3.0,0.0,0.0,0.38988,0.32922,3.51768,0.0,0.0,0
2915.0,2914.0,372.0,23.35,19.0,0.36208,0.22718,577.22,18.57,1.0,1276.0,1.0,0.0,1.0,0.5247,0.4218,2.97411,0.0,0.0,0
2916.0,2915.0,285.0,467.51,12.0,0.20725,0.0394,858.39,3.46,1.0,1446.0,3.0,0.0,1.0,6.10927,1.9614,1.49432,0.0,0.0,0
2917.0,2916.0,325.0,77.21,6.0,0.20382,0.2638,111.07,92.51,1.0,1576.0,0.0,0.0,1.0,2.64492,1.29333,4.5381,0.0,0.0,0
2918.0,2917.0,189.0,5.86,20.0,0.39487,0.0766,19.9,21.74,3.0,575.0,0.0,0.0,1.0,0.15472,0.14386,3.12416,0.0,0.0,0
2919.0,2918.0,374.0,10.36,18.0,0.33857,0.26631,325.07,8.54,1.0,1533.0,2.0,0.0,0.0,0.19695,0.17977,2.25578,0.0,0.0,0
2920.0,2919.0,302.0,42.99,6.0,0.09425,0.29572,473.39,11.86,0.0,1172.0,3.0,0.0,0.0,0.58505,0.46061,2.55443,0.0,0.0,0
2921.0,2920.0,49.0,34.19,17.0,0.25705,0.18992,72.34,8.08,0.0,980.0,0.0,0.0,1.0,1.98712,1.09431,2.20584,0.0,0.0,0
2922.0,2921.0,369.0,20.4,17.0,0.21879,0.38903,252.34,15.19,1.0,1832.0,2.0,0.0,1.0,0.90504,0.6445,2.78457,0.0,0.0,0
2923.0,2922.0,191.0,61.85,2.0,0.36622,0.39468,716.13,2.93,0.0,1719.0,0.0,0.0,1.0,2.36537,1.21354,1.36757,1.0,0.0,0
2924.0,2923.0,219.0,29.09,16.0,0.32534,0.05539,306.87,8.35,1.0,1437.0,0.0,0.0,1.0,0.60242,0.47152,2.23589,0.0,0.0,0
2925.0,2924.0,376.0,49.7,16.0,0.34407,0.0375,394.2,12.62,2.0,462.0,3.0,0.0,0.0,0.70625,0.5343,2.61147,0.0,0.0,0
2926.0,2925.0,100.0,38.31,19.0,0.61007,0.13256,382.09,35.69,0.0,1929.0,6.0,0.0,1.0,1.18307,0.78073,3.60243,0.0,0.0,0
2927.0,2926.0,255.0,506.77,11.0,0.26333,0.22503,315.56,26.31,2.0,1608.0,2.0,0.0,1.0,4.6974,1.74001,3.30719,0.0,0.0,1
2928.0,2927.0,279.0,211.21,19.0,0.35258,0.10382,161.79,1.9,0.0,2113.0,4.0,0.0,1.0,3.44131,1.49095,1.06492,0.0,0.0,0
2929.0,2928.0,188.0,253.25,9.0,0.05829,0.02341,199.63,5.62,1.0,909.0,2.0,0.0,1.0,1.73351,1.00559,1.88965,0.0,0.0,0
2930.0,2929.0,59.0,72.2,11.0,0.53907,0.32792,758.63,7.16,1.0,42.0,1.0,0.0,1.0,1.18691,0.78249,2.09933,0.0,0.0,0
2931.0,2930.0,164.0,174.55,16.0,0.22067,0.03142,34.38,7.24,0.0,2001.0,0.0,0.0,1.0,0.90371,0.64381,2.10917,0.0,0.0,0
2932.0,2931.0,166.0,197.5,17.0,0.48433,0.03509,564.55,4.42,0.0,414.0,1.0,0.0,0.0,1.34699,0.85314,1.69056,0.0,0.0,0
2933.0,2932.0,416.0,396.08,21.0,0.35454,0.10035,54.53,101.54,2.0,737.0,0.0,0.0,1.0,2.64609,1.29366,4.63022,0.0,0.0,1
2934.0,2933.0,150.0,81.56,15.0,0.23362,0.1351,31.89,42.67,1.0,467.0,0.0,0.0,0.0,1.39059,0.87154,3.77663,0.0,0.0,0
2935.0,2934.0,308.0,17.19,16.0,0.07222,0.07418,90.45,29.49,0.0,534.0,2.0,0.0,1.0,0.26869,0.23799,3.4175,0.0,0.0,0
2936.0,2935.0,85.0,24.87,18.0,0.34835,0.04163,335.61,12.88,0.0,1815.0,0.0,0.0,1.0,1.03939,0.71265,2.63045,0.0,0.0,0
2937.0,2936.0,125.0,158.5,18.0,0.66512,0.34334,724.5,15.0,1.0,520.0,4.0,0.0,0.0,2.36736,1.21413,2.77278,0.0,0.0,0
2938.0,2937.0,17.0,51.11,17.0,0.28958,0.04481,134.05,13.17,2.0,1638.0,3.0,0.0,1.0,1.75682,1.01408,2.65115,0.0,0.0,0
2939.0,2938.0,354.0,12.64,20.0,0.10291,0.05231,137.39,8.15,0.0,1115.0,3.0,0.0,0.0,0.47212,0.38671,2.21426,0.0,0.0,0
2940.0,2939.0,87.0,75.51,17.0,0.55474,0.12365,128.82,15.28,4.0,1015.0,4.0,0.0,0.0,0.65959,0.50657,2.78981,0.0,0.0,0
2941.0,2940.0,351.0,76.16,13.0,0.18586,0.28796,503.35,56.06,0.0,1619.0,2.0,0.0,0.0,1.00801,0.69714,4.04414,0.0,0.0,0
2942.0,2941.0,282.0,72.27,17.0,0.1909,0.23049,291.42,4.18,0.0,2082.0,2.0,0.0,1.0,0.43349,0.36011,1.64485,0.0,0.0,0
2943.0,2942.0,6.0,16.89,6.0,0.24803,0.11284,64.38,19.99,1.0,421.0,1.0,0.0,0.0,1.17554,0.77728,3.0439,0.0,0.0,0
2944.0,2943.0,180.0,742.4,10.0,0.49864,0.33917,252.47,40.49,0.0,1211.0,4.0,0.0,1.0,10.15321,2.41173,3.72556,0.0,0.0,0
2945.0,2944.0,244.0,57.95,16.0,0.132,0.17498,5.97,16.25,0.0,1923.0,4.0,0.0,1.0,1.51914,0.92392,2.84793,0.0,1.0,0
2946.0,2945.0,361.0,143.08,10.0,0.39176,0.14123,371.01,17.34,0.0,2032.0,3.0,1.0,0.0,1.0374,0.71168,2.90935,0.0,0.0,0
2947.0,2946.0,193.0,4.88,14.0,0.16845,0.2839,93.53,5.41,0.0,137.0,1.0,0.0,1.0,0.60972,0.47606,1.8583,0.0,0.0,0
2948.0,2947.0,18.0,31.2,16.0,0.05156,0.07025,107.62,7.48,0.0,195.0,1.0,0.0,0.0,0.56072,0.44515,2.13778,0.0,0.0,0
2949.0,2948.0,55.0,37.54,7.0,0.22833,0.12486,6.04,4.72,1.0,1157.0,1.0,0.0,1.0,0.49556,0.4025,1.74351,0.0,1.0,0
2950.0,2949.0,180.0,46.47,14.0,0.14303,0.30009,139.34,5.55,2.0,1211.0,1.0,0.0,1.0,0.63549,0.49194,1.87915,0.0,0.0,0
2951.0,2950.0,154.0,236.12,11.0,0.37833,0.16605,480.58,107.12,0.0,1702.0,3.0,1.0,1.0,2.45015,1.23842,4.68321,0.0,0.0,0
2952.0,2951.0,228.0,19.74,14.0,0.07111,0.08363,147.8,8.91,0.0,1813.0,2.0,0.0,1.0,0.40066,0.33694,2.29393,0.0,0.0,0
2953.0,2952.0,320.0,19.13,15.0,0.37274,0.28378,38.82,0.6,1.0,1666.0,7.0,0.0,1.0,0.38337,0.32452,0.46811,0.0,0.0,0
2954.0,2953.0,260.0,30.77,18.0,0.12779,0.1004,473.01,9.21,0.0,417.0,2.0,0.0,1.0,0.96632,0.67616,2.32357,0.0,0.0,0
2955.0,2954.0,223.0,26.2,3.0,0.13796,0.07537,112.65,4.84,0.0,28.0,2.0,0.0,1.0,0.65767,0.50541,1.76447,1.0,0.0,0
2956.0,2955.0,379.0,31.19,18.0,0.4957,0.03182,113.88,6.36,0.0,230.0,0.0,0.0,1.0,1.4398,0.89191,1.99652,0.0,0.0,0
2957.0,2956.0,302.0,105.52,3.0,0.11036,0.22285,323.29,8.27,0.0,1172.0,2.0,0.0,0.0,1.436,0.89036,2.22729,1.0,0.0,0
2958.0,2957.0,237.0,44.18,9.0,0.23508,0.15592,253.77,5.8,2.0,1485.0,4.0,0.0,1.0,0.92702,0.65597,1.91733,0.0,0.0,0
2959.0,2958.0,405.0,19.01,15.0,0.42871,0.0901,757.63,2.95,1.0,1562.0,4.0,0.0,1.0,0.26688,0.23656,1.37268,0.0,0.0,0
2960.0,2959.0,234.0,78.31,7.0,0.05627,0.09874,913.79,23.06,1.0,1886.0,1.0,0.0,1.0,0.88221,0.63244,3.18038,0.0,0.0,0
2961.0,2960.0,403.0,1045.88,9.0,0.17616,0.01,105.23,15.81,1.0,65.0,1.0,0.0,1.0,9.91372,2.39002,2.82175,0.0,0.0,0
2962.0,2961.0,27.0,64.53,19.0,0.64575,0.20829,88.43,3.9,0.0,1949.0,3.0,0.0,0.0,1.12539,0.75395,1.5901,0.0,0.0,0
2963.0,2962.0,26.0,51.6,9.0,0.45835,0.0894,241.72,38.64,1.0,325.0,5.0,0.0,0.0,1.37574,0.86531,3.67996,0.0,0.0,1
2964.0,2963.0,343.0,56.96,11.0,0.21138,0.19685,519.76,17.85,0.0,838.0,4.0,0.0,1.0,1.32299,0.84285,2.93634,0.0,0.0,0
2965.0,2964.0,51.0,179.65,9.0,0.38719,0.08938,0.79,4.58,0.0,876.0,1.0,0.0,1.0,3.02111,1.39156,1.71877,0.0,1.0,0
2966.0,2965.0,381.0,96.02,14.0,0.2088,0.01,350.46,3.16,0.0,15.0,1.0,0.0,1.0,1.15611,0.7683,1.42622,0.0,0.0,0
2967.0,2966.0,354.0,7.18,9.0,0.16689,0.0536,389.5,1.43,0.0,1115.0,2.0,0.0,1.0,0.26802,0.23746,0.88785,0.0,0.0,0
2968.0,2967.0,49.0,38.86,14.0,0.53084,0.02434,51.05,16.71,1.0,980.0,1.0,0.0,0.0,2.25855,1.18128,2.87429,0.0,0.0,0
2969.0,2968.0,97.0,79.83,15.0,0.42474,0.17766,376.75,151.61,1.0,114.0,2.0,0.0,0.0,0.96441,0.67519,5.02785,0.0,0.0,0
2970.0,2969.0,283.0,118.96,13.0,0.30569,0.11552,40.25,6.56,0.0,69.0,4.0,0.0,0.0,2.6451,1.29338,2.02293,0.0,0.0,0
2971.0,2970.0,387.0,61.94,14.0,0.16317,0.11378,622.76,9.82,0.0,638.0,2.0,0.0,1.0,1.96931,1.08833,2.38182,0.0,0.0,0
2972.0,2971.0,158.0,224.91,15.0,0.35888,0.15487,403.65,15.07,0.0,1685.0,2.0,0.0,1.0,6.5562,2.02237,2.77672,0.0,0.0,0
2973.0,2972.0,308.0,67.47,11.0,0.13276,0.11758,43.43,14.93,0.0,534.0,2.0,0.0,1.0,1.05445,0.72001,2.76795,0.0,0.0,0
2974.0,2973.0,203.0,64.37,5.0,0.44483,0.24856,5.87,23.09,0.0,1953.0,0.0,0.0,0.0,1.04392,0.71487,3.18164,1.0,1.0,0
2975.0,2974.0,305.0,19.88,17.0,0.4263,0.0436,463.03,4.14,1.0,1231.0,2.0,0.0,0.0,1.04294,0.71439,1.63661,0.0,0.0,0
2976.0,2975.0,40.0,76.84,13.0,0.62354,0.02011,941.04,1.06,0.0,1992.0,4.0,0.0,0.0,0.87629,0.62929,0.72375,0.0,0.0,0
2977.0,2976.0,353.0,52.07,15.0,0.43906,0.17872,210.39,2.22,1.0,1053.0,4.0,0.0,1.0,1.28719,0.82732,1.16817,0.0,0.0,0
2978.0,2977.0,284.0,87.7,13.0,0.20939,0.17529,817.43,10.68,0.0,427.0,1.0,0.0,0.0,3.04824,1.39828,2.45777,0.0,0.0,0
2979.0,2978.0,360.0,14.54,8.0,0.20151,0.23557,183.49,13.5,0.0,2194.0,2.0,0.0,1.0,0.77466,0.57361,2.67445,0.0,0.0,0
2980.0,2979.0,378.0,116.81,20.0,0.34453,0.25966,362.67,3.63,0.0,844.0,2.0,0.0,1.0,2.07005,1.12169,1.53225,0.0,0.0,0
2981.0,2980.0,225.0,37.66,14.0,0.20771,0.32382,178.82,14.02,0.0,1543.0,0.0,0.0,0.0,1.80564,1.03163,2.7091,0.0,0.0,0
2982.0,2981.0,180.0,69.9,9.0,0.35402,0.05203,446.53,13.94,0.0,1211.0,2.0,0.0,0.0,0.95597,0.67089,2.70389,0.0,0.0,0
2983.0,2982.0,244.0,62.06,13.0,0.33952,0.05067,107.5,3.21,0.0,1923.0,0.0,0.0,1.0,1.62711,0.96588,1.4374,0.0,0.0,0
2984.0,2983.0,261.0,18.36,7.0,0.26603,0.09075,78.4,5.02,1.0,539.0,2.0,0.0,1.0,0.72631,0.54599,1.79574,0.0,0.0,0
2985.0,2984.0,101.0,82.11,10.0,0.26578,0.02763,135.52,12.25,1.0,167.0,4.0,0.0,1.0,2.07693,1.12393,2.58411,0.0,0.0,0
2986.0,2985.0,183.0,34.44,8.0,0.34808,0.01938,22.73,32.4,1.0,474.0,1.0,0.0,1.0,0.41314,0.34581,3.50846,0.0,0.0,0
2987.0,2986.0,172.0,140.26,20.0,0.29237,0.05432,228.22,17.67,1.0,1027.0,3.0,0.0,0.0,1.94853,1.08131,2.92704,0.0,0.0,1
2988.0,2987.0,70.0,333.36,15.0,0.22573,0.16105,133.25,16.41,2.0,2097.0,1.0,0.0,1.0,10.27292,2.4224,2.85721,0.0,0.0,0
2989.0,2988.0,208.0,52.72,8.0,0.23892,0.06712,611.17,10.32,0.0,1129.0,3.0,0.0,0.0,0.84239,0.61106,2.42699,0.0,0.0,0
2990.0,2989.0,367.0,65.02,8.0,0.49299,0.18741,73.72,29.4,0.0,1754.0,1.0,0.0,0.0,0.91137,0.64782,3.41453,0.0,0.0,0
2991.0,2990.0,286.0,113.11,4.0,0.31528,0.31852,451.86,137.44,1.0,1906.0,3.0,1.0,1.0,0.80431,0.59018,4.93041,1.0,0.0,0
2992.0,2991.0,204.0,365.7,13.0,0.22201,0.03701,457.79,4.18,0.0,2066.0,2.0,0.0,0.0,6.53979,2.02019,1.64504,0.0,0.0,0
2993.0,2992.0,285.0,61.65,11.0,0.60358,0.1434,244.97,48.6,3.0,1446.0,1.0,0.0,1.0,0.80559,0.59089,3.90403,0.0,0.0,1
2994.0,2993.0,270.0,48.5,16.0,0.36323,0.22458,294.45,10.54,1.0,912.0,2.0,0.0,1.0,1.77415,1.02035,2.44586,0.0,0.0,1
2995.0,2994.0,330.0,115.29,11.0,0.2284,0.07615,707.14,4.35,0.0,1086.0,1.0,0.0,1.0,1.06168,0.72352,1.67735,0.0,0.0,0
2996.0,2995.0,202.0,57.37,11.0,0.72348,0.39917,92.32,2.25,1.0,1329.0,3.0,0.0,1.0,0.68244,0.52025,1.17972,0.0,0.0,0
2997.0,2996.0,151.0,86.96,4.0,0.15897,0.12263,292.39,8.52,0.0,1198.0,2.0,0.0,1.0,1.30136,0.8335,2.25354,1.0,0.0,0
2998.0,2997.0,59.0,166.92,7.0,0.149,0.13338,3.78,2.94,0.0,42.0,3.0,0.0,1.0,2.74416,1.3202,1.37062,0.0,1.0,0
2999.0,2998.0,313.0,27.45,15.0,0.31817,0.37217,310.53,53.86,0.0,229.0,1.0,0.0,1.0,1.15785,0.76911,4.00473,0.0,0.0,0
3000.0,2999.0,403.0,130.8,8.0,0.34972,0.64272,159.26,11.44,0.0,65.0,2.0,0.0,1.0,1.23979,0.80638,2.52077,0.0,0.0,0
3001.0,3000.0,219.0,63.36,10.0,0.36974,0.09479,210.76,11.69,0.0,1437.0,1.0,0.0,1.0,1.31191,0.83807,2.54107,0.0,0.0,0
3002.0,3001.0,216.0,58.32,9.0,0.31503,0.11904,752.2,9.57,0.0,1685.0,2.0,0.0,1.0,0.86083,0.62102,2.3582,0.0,0.0,0
3003.0,3002.0,77.0,36.68,8.0,0.18068,0.11274,125.57,2.63,0.0,698.0,0.0,0.0,0.0,0.44676,0.36932,1.28961,0.0,0.0,0
3004.0,3003.0,380.0,36.51,22.0,0.17081,0.13764,274.84,614.77,2.0,1896.0,0.0,1.0,0.0,0.82397,0.60102,6.42288,0.0,0.0,0
3005.0,3004.0,272.0,32.55,18.0,0.45697,0.15853,66.69,12.91,3.0,922.0,1.0,0.0,1.0,0.6795,0.5185,2.63265,0.0,0.0,0
3006.0,3005.0,193.0,1.21,18.0,0.13528,0.13435,4.49,27.97,0.0,137.0,3.0,0.0,0.0,0.15072,0.14039,3.36634,0.0,1.0,0
3007.0,3006.0,382.0,38.38,18.0,0.14343,0.05983,13.95,5.84,0.0,264.0,4.0,0.0,1.0,1.59414,0.95325,1.92251,0.0,0.0,0
3008.0,3007.0,294.0,20.66,14.0,0.12882,0.08061,12.2,4.23,0.0,1821.0,2.0,0.0,1.0,0.28074,0.24744,1.65457,0.0,0.0,0
3009.0,3008.0,327.0,16.76,17.0,0.32615,0.05508,438.53,4.65,2.0,2045.0,4.0,0.0,1.0,0.30596,0.26694,1.7319,0.0,0.0,0
3010.0,3009.0,191.0,33.83,9.0,0.13826,0.17103,257.55,75.02,0.0,1719.0,1.0,0.0,0.0,1.29376,0.83019,4.33094,0.0,0.0,0
3011.0,3010.0,238.0,13.33,6.0,0.1484,0.24563,465.22,16.13,0.0,1643.0,2.0,0.0,1.0,0.5281,0.42403,2.8406,0.0,0.0,0
3012.0,3011.0,363.0,29.6,13.0,0.10165,0.13148,126.68,5.89,1.0,552.0,1.0,0.0,1.0,0.48917,0.39822,1.93023,0.0,0.0,0
3013.0,3012.0,107.0,11.96,18.0,0.24166,0.01,232.42,368.97,0.0,498.0,2.0,1.0,1.0,0.43818,0.36338,5.91342,0.0,0.0,0
3014.0,3013.0,103.0,153.75,18.0,0.36885,0.0329,490.23,14.48,0.0,1513.0,2.0,0.0,1.0,2.94584,1.37266,2.73959,0.0,0.0,0
3015.0,3014.0,289.0,39.22,15.0,0.22357,0.16694,219.91,10.74,0.0,785.0,2.0,0.0,0.0,0.73531,0.55119,2.46326,0.0,0.0,0
3016.0,3015.0,116.0,58.28,2.0,0.30583,0.1267,64.5,14.32,0.0,2119.0,1.0,0.0,1.0,0.4081,0.34224,2.72929,1.0,0.0,0
3017.0,3016.0,277.0,57.36,3.0,0.04837,0.07501,209.19,5.9,0.0,198.0,3.0,0.0,0.0,1.46242,0.90114,1.93132,1.0,0.0,0
3018.0,3017.0,320.0,101.7,18.0,0.28051,0.23323,50.9,15.91,0.0,1666.0,1.0,0.0,1.0,2.03825,1.11128,2.82799,0.0,0.0,0
3019.0,3018.0,117.0,38.86,16.0,0.18044,0.2263,258.84,4.03,2.0,987.0,3.0,0.0,1.0,1.14861,0.76482,1.61591,0.0,0.0,0
3020.0,3019.0,374.0,57.52,12.0,0.29485,0.03382,640.97,3.06,1.0,1533.0,3.0,0.0,0.0,1.09348,0.73883,1.40113,0.0,0.0,0
3021.0,3020.0,231.0,40.07,14.0,0.36674,0.22845,7.92,4.7,0.0,1188.0,3.0,0.0,0.0,0.20581,0.18716,1.74052,0.0,0.0,0
3022.0,3021.0,413.0,366.74,9.0,0.28433,0.14295,725.26,40.78,1.0,1692.0,4.0,0.0,1.0,3.00829,1.38836,3.73249,0.0,0.0,0
3023.0,3022.0,346.0,2100.82,12.0,0.21318,0.16605,378.23,14.77,1.0,2186.0,1.0,0.0,1.0,14.88401,2.76531,2.75831,0.0,0.0,0
3024.0,3023.0,47.0,26.31,14.0,0.27191,0.35961,18.74,2.53,1.0,1011.0,1.0,0.0,0.0,3.00342,1.38715,1.26112,0.0,0.0,1
3025.0,3024.0,389.0,99.21,14.0,0.15669,0.06038,421.08,31.76,0.0,140.0,3.0,0.0,1.0,2.45949,1.24112,3.48923,0.0,0.0,0
3026.0,3025.0,90.0,40.48,6.0,0.14515,0.06154,324.22,8.38,1.0,879.0,1.0,0.0,1.0,0.85855,0.6198,2.23846,0.0,0.0,0
3027.0,3026.0,307.0,72.94,11.0,0.66432,0.50916,5.99,2.61,1.0,2026.0,2.0,0.0,0.0,0.86552,0.62354,1.28507,0.0,1.0,1
3028.0,3027.0,149.0,53.46,18.0,0.71546,0.26665,3.54,23.03,2.0,651.0,2.0,0.0,1.0,0.82858,0.60354,3.1791,0.0,1.0,0
3029.0,3028.0,270.0,20.99,4.0,0.23378,0.24667,397.7,8.32,0.0,912.0,2.0,0.0,1.0,0.76773,0.5697,2.23199,1.0,0.0,0
3030.0,3029.0,364.0,6.97,16.0,0.17033,0.32527,489.44,20.65,0.0,1357.0,0.0,0.0,1.0,0.47674,0.38983,3.07512,0.0,0.0,0
3031.0,3030.0,41.0,97.67,14.0,0.3667,0.04808,324.83,6.46,2.0,1555.0,4.0,0.0,0.0,1.99667,1.0975,2.00922,0.0,0.0,0
3032.0,3031.0,195.0,9.67,11.0,0.06835,0.33035,145.02,2.4,1.0,1472.0,0.0,0.0,0.0,0.79203,0.58335,1.22403,0.0,0.0,0
3033.0,3032.0,341.0,20.3,3.0,0.12152,0.42372,435.77,6.7,2.0,1560.0,2.0,0.0,1.0,0.38646,0.32676,2.04123,1.0,0.0,0
3034.0,3033.0,54.0,196.37,7.0,0.21052,0.19778,106.42,19.2,1.0,427.0,2.0,0.0,1.0,1.46295,0.90136,3.00577,0.0,0.0,0
3035.0,3034.0,373.0,219.86,9.0,0.16438,0.10392,124.81,64.63,0.0,907.0,2.0,0.0,1.0,2.06973,1.12159,4.18398,0.0,0.0,0
3036.0,3035.0,107.0,11.91,17.0,0.36525,0.15388,556.73,8.5,0.0,498.0,2.0,0.0,1.0,0.43639,0.36213,2.25137,0.0,0.0,0
3037.0,3036.0,206.0,39.92,10.0,0.51202,0.11797,95.81,239.58,1.0,1648.0,9.0,1.0,0.0,1.85782,1.05006,5.48306,0.0,0.0,1
3038.0,3037.0,407.0,13.72,9.0,0.21112,0.28792,446.06,26.05,1.0,835.0,2.0,0.0,1.0,0.30839,0.2688,3.29786,0.0,0.0,0
3039.0,3038.0,219.0,18.12,17.0,0.36291,0.09779,134.48,24.18,1.0,1437.0,1.0,0.0,1.0,0.37524,0.31863,3.2259,0.0,0.0,0
3040.0,3039.0,239.0,13.92,17.0,0.13871,0.06971,69.22,7.31,1.0,315.0,1.0,0.0,0.0,1.03233,0.70918,2.11746,0.0,0.0,0
3041.0,3040.0,219.0,110.16,14.0,0.07011,0.24429,279.91,4.61,1.0,1437.0,0.0,0.0,0.0,2.28097,1.18814,1.72407,0.0,0.0,0
3042.0,3041.0,33.0,71.02,11.0,0.29386,0.07686,121.81,440.8,2.0,1939.0,3.0,1.0,1.0,0.41622,0.34799,6.09086,0.0,0.0,0
3043.0,3042.0,40.0,286.62,1.0,0.29511,0.37672,196.86,62.93,2.0,1992.0,1.0,0.0,1.0,3.26879,1.45133,4.15774,1.0,0.0,0
3044.0,3043.0,209.0,48.71,20.0,0.03837,0.09306,259.87,11.19,0.0,2176.0,0.0,0.0,1.0,0.81762,0.59753,2.50061,0.0,0.0,0
3045.0,3044.0,28.0,306.2,6.0,0.17536,0.01393,132.23,34.57,3.0,826.0,2.0,0.0,1.0,6.20674,1.97502,3.5715,0.0,0.0,0
3046.0,3045.0,198.0,58.25,12.0,0.19642,0.13897,226.27,9.91,0.0,843.0,0.0,0.0,1.0,1.46905,0.90384,2.38987,0.0,0.0,0
3047.0,3046.0,400.0,37.64,15.0,0.11461,0.19388,140.77,24.51,0.0,783.0,0.0,0.0,0.0,0.93265,0.65889,3.2391,0.0,0.0,0
3048.0,3047.0,321.0,63.67,11.0,0.1995,0.14866,105.06,122.61,0.0,1705.0,2.0,1.0,0.0,0.90177,0.64278,4.81714,0.0,0.0,1
3049.0,3048.0,68.0,152.85,12.0,0.14147,0.24443,288.77,3.36,0.0,475.0,2.0,0.0,1.0,1.42977,0.8878,1.47207,0.0,0.0,0
3050.0,3049.0,271.0,161.57,11.0,0.62169,0.12118,99.43,30.21,0.0,1626.0,4.0,0.0,1.0,1.29332,0.83,3.44066,0.0,0.0,0
3051.0,3050.0,355.0,31.15,8.0,0.34845,0.17366,485.0,8.44,2.0,210.0,0.0,0.0,1.0,0.39791,0.33498,2.245,0.0,0.0,0
3052.0,3051.0,97.0,84.92,5.0,0.42844,0.2381,4.53,9.45,1.0,114.0,2.0,0.0,0.0,1.0259,0.70601,2.34622,1.0,1.0,1
3053.0,3052.0,5.0,38.25,14.0,0.2788,0.22439,77.98,4.1,0.0,1734.0,1.0,0.0,1.0,0.49334,0.40101,1.62827,0.0,0.0,0
3054.0,3053.0,297.0,1731.15,6.0,0.29497,0.02332,43.46,8.21,1.0,1797.0,2.0,0.0,0.0,9.40674,2.34245,2.22017,0.0,0.0,0
3055.0,3054.0,390.0,71.35,9.0,0.15337,0.03059,151.82,37.1,1.0,184.0,0.0,0.0,0.0,1.02224,0.70421,3.64021,0.0,0.0,0
3056.0,3055.0,84.0,30.34,14.0,0.01721,0.14756,177.36,21.02,0.0,2178.0,1.0,0.0,1.0,0.70441,0.53322,3.09193,0.0,0.0,0
3057.0,3056.0,118.0,175.35,8.0,0.32022,0.12366,204.24,4.3,2.0,73.0,3.0,0.0,0.0,2.07794,1.12426,1.66807,0.0,0.0,0
3058.0,3057.0,98.0,22.15,15.0,0.25153,0.18419,379.5,6.04,0.0,208.0,3.0,0.0,1.0,0.85654,0.61872,1.95228,0.0,0.0,0
3059.0,3058.0,171.0,45.11,6.0,0.21506,0.10353,277.16,31.84,1.0,1418.0,0.0,0.0,0.0,1.62403,0.96471,3.4915,0.0,0.0,0
3060.0,3059.0,1.0,190.76,13.0,0.13241,0.26465,54.69,64.76,0.0,1129.0,0.0,1.0,0.0,2.95716,1.37553,4.18608,0.0,0.0,0
3061.0,3060.0,314.0,20.23,7.0,0.30783,0.17662,252.59,130.35,0.0,1324.0,1.0,1.0,0.0,0.58441,0.46021,4.87787,0.0,0.0,0
3062.0,3061.0,117.0,743.35,0.0,0.11502,0.34916,374.84,9.9,1.0,987.0,3.0,0.0,1.0,21.97101,3.13423,2.38912,1.0,0.0,0
3063.0,3062.0,173.0,15.52,15.0,0.22823,0.28356,193.2,3.99,0.0,1982.0,1.0,0.0,1.0,0.48677,0.39661,1.60757,0.0,0.0,0
3064.0,3063.0,62.0,33.55,9.0,0.17849,0.18811,521.42,65.0,0.0,424.0,2.0,0.0,1.0,1.00449,0.69539,4.1897,0.0,0.0,0
3065.0,3064.0,22.0,45.93,16.0,0.25819,0.0921,702.08,10.45,1.0,1861.0,2.0,0.0,1.0,1.79697,1.02854,2.43836,0.0,0.0,0
3066.0,3065.0,4.0,56.93,0.0,0.34265,0.33555,6.28,62.0,0.0,1142.0,1.0,1.0,1.0,0.97069,0.67838,4.14315,1.0,1.0,1
3067.0,3066.0,45.0,74.67,7.0,0.09682,0.1897,571.21,22.62,0.0,647.0,3.0,0.0,1.0,1.32872,0.84532,3.16209,0.0,0.0,0
3068.0,3067.0,411.0,144.21,15.0,0.7713,0.10468,347.54,14.07,1.0,1445.0,4.0,0.0,0.0,1.59746,0.95453,2.71291,0.0,0.0,0
3069.0,3068.0,42.0,24.97,14.0,0.42343,0.12344,6.76,238.96,1.0,1866.0,2.0,1.0,0.0,1.52646,0.92682,5.48045,0.0,1.0,1
3070.0,3069.0,362.0,53.63,15.0,0.51941,0.30704,680.44,10.77,1.0,1375.0,5.0,0.0,1.0,0.89571,0.6396,2.46556,0.0,0.0,0
3071.0,3070.0,191.0,9.46,19.0,0.26207,0.01,810.16,1.84,0.0,1719.0,1.0,0.0,1.0,0.36161,0.30867,1.0441,0.0,0.0,0
3072.0,3071.0,324.0,51.81,4.0,0.07236,0.0812,150.85,2.85,0.0,1098.0,0.0,0.0,0.0,1.37483,0.86492,1.34702,1.0,0.0,0
3073.0,3072.0,97.0,128.42,16.0,0.31566,0.15043,374.65,17.44,0.0,114.0,3.0,0.0,1.0,1.55131,0.93661,2.91437,0.0,0.0,0
3074.0,3073.0,268.0,65.91,13.0,0.46422,0.15737,116.64,11.04,0.0,423.0,1.0,0.0,1.0,1.24029,0.80661,2.48843,0.0,0.0,0
3075.0,3074.0,277.0,50.36,7.0,0.41081,0.1921,367.73,4.54,1.0,198.0,0.0,0.0,1.0,1.28401,0.82593,1.71259,0.0,0.0,0
3076.0,3075.0,404.0,19.99,6.0,0.19808,0.11178,2.71,17.65,1.0,840.0,4.0,0.0,1.0,0.75084,0.5601,2.9258,0.0,1.0,0
3077.0,3076.0,283.0,42.6,0.0,0.08578,0.10599,69.72,3.16,0.0,69.0,1.0,0.0,1.0,0.94731,0.66645,1.42635,1.0,0.0,0
3078.0,3077.0,144.0,37.94,13.0,0.03682,0.1909,289.79,32.11,1.0,153.0,0.0,0.0,1.0,0.50978,0.41196,3.49995,0.0,0.0,0
3079.0,3078.0,296.0,38.9,10.0,0.67196,0.15406,91.15,58.77,1.0,658.0,2.0,1.0,1.0,0.87671,0.62952,4.09044,0.0,0.0,0
3080.0,3079.0,125.0,97.62,10.0,0.122,0.07281,234.41,13.52,1.0,520.0,1.0,0.0,1.0,1.45811,0.89939,2.67564,0.0,0.0,0
3081.0,3080.0,372.0,29.31,11.0,0.1109,0.07554,573.05,9.06,0.0,1276.0,2.0,0.0,1.0,0.65877,0.50608,2.30834,0.0,0.0,0
3082.0,3081.0,187.0,83.57,4.0,0.17944,0.14047,204.08,103.8,0.0,960.0,0.0,1.0,1.0,1.18829,0.78312,4.65201,1.0,0.0,0
3083.0,3082.0,129.0,84.35,5.0,0.04711,0.06929,281.89,4.5,0.0,927.0,3.0,0.0,0.0,1.93303,1.07603,1.70403,1.0,0.0,0
3084.0,3083.0,309.0,22.23,13.0,0.32702,0.12631,775.49,6.55,0.0,1963.0,2.0,0.0,1.0,0.90374,0.64382,2.02178,0.0,0.0,0
3085.0,3084.0,51.0,40.06,17.0,0.44429,0.05449,116.9,4.66,1.0,876.0,2.0,0.0,1.0,0.67362,0.51499,1.7331,0.0,0.0,0
3086.0,3085.0,231.0,302.76,5.0,0.18695,0.2039,6.68,21.68,1.0,1188.0,2.0,0.0,1.0,1.55508,0.93808,3.12138,1.0,1.0,1
3087.0,3086.0,406.0,19.31,3.0,0.70671,0.12812,503.17,275.04,1.0,2103.0,6.0,1.0,1.0,0.43431,0.36068,5.62055,1.0,0.0,0
3088.0,3087.0,124.0,42.49,0.0,0.18161,0.1725,46.02,13.79,0.0,60.0,1.0,0.0,1.0,1.11882,0.75086,2.69381,1.0,0.0,0
3089.0,3088.0,3.0,98.66,11.0,0.34029,0.12526,416.06,17.44,0.0,817.0,2.0,0.0,1.0,1.78289,1.02349,2.91428,0.0,0.0,0
3090.0,3089.0,306.0,81.38,14.0,0.06307,0.02762,120.38,1.32,0.0,716.0,1.0,0.0,1.0,0.67862,0.51797,0.84171,0.0,0.0,0
3091.0,3090.0,62.0,45.08,13.0,0.4016,0.05145,592.58,1.83,2.0,424.0,3.0,0.0,1.0,1.3496,0.85424,1.0387,0.0,0.0,0
3092.0,3091.0,127.0,20.19,15.0,0.4008,0.44405,304.8,73.64,1.0,222.0,2.0,0.0,0.0,0.37515,0.31856,4.31268,0.0,0.0,0
3093.0,3092.0,98.0,18.16,17.0,0.62625,0.41066,6.09,5.37,1.0,208.0,2.0,0.0,1.0,0.70208,0.53185,1.85089,0.0,1.0,0
3094.0,3093.0,304.0,29.13,17.0,0.24002,0.23691,613.22,76.83,0.0,1312.0,3.0,1.0,0.0,0.56631,0.44872,4.35447,0.0,0.0,0
3095.0,3094.0,12.0,92.55,15.0,0.1648,0.01,465.41,74.9,0.0,1896.0,1.0,1.0,0.0,1.60002,0.95552,4.32945,0.0,0.0,0
3096.0,3095.0,364.0,11.26,14.0,0.29722,0.13809,387.56,15.6,1.0,1357.0,3.0,0.0,0.0,0.77008,0.57102,2.80966,0.0,0.0,0
3097.0,3096.0,317.0,118.08,13.0,0.25803,0.07392,467.78,9.81,0.0,1385.0,1.0,0.0,1.0,6.64533,2.03409,2.3804,0.0,0.0,0
3098.0,3097.0,396.0,2.99,1.0,0.48599,0.04249,144.49,5.1,1.0,1942.0,4.0,0.0,1.0,0.09516,0.0909,1.80779,1.0,0.0,0
3099.0,3098.0,266.0,52.99,12.0,0.0602,0.14562,198.21,7.6,0.0,1157.0,1.0,0.0,0.0,0.35321,0.30248,2.15152,0.0,0.0,0
3100.0,3099.0,192.0,10.04,10.0,0.11537,0.32986,620.78,78.23,3.0,408.0,0.0,1.0,1.0,0.35251,0.30196,4.37241,0.0,0.0,0
3101.0,3100.0,44.0,32.6,14.0,0.14832,0.35945,311.74,21.64,0.0,237.0,0.0,0.0,1.0,0.49172,0.39993,3.11967,0.0,0.0,0
3102.0,3101.0,153.0,28.09,11.0,0.53764,0.43754,84.61,12.84,3.0,2084.0,2.0,0.0,1.0,0.83323,0.60608,2.6273,0.0,0.0,0
3103.0,3102.0,378.0,56.66,14.0,0.35233,0.01487,488.04,466.06,1.0,844.0,3.0,1.0,1.0,1.00409,0.69519,6.14646,0.0,0.0,1
3104.0,3103.0,54.0,206.91,17.0,0.11419,0.14749,137.46,6.18,0.0,427.0,0.0,0.0,1.0,1.54151,0.93276,1.97063,0.0,0.0,0
3105.0,3104.0,315.0,35.09,17.0,0.39059,0.17606,230.01,5.61,0.0,1127.0,2.0,0.0,1.0,1.36684,0.86156,1.88842,0.0,0.0,0
3106.0,3105.0,367.0,48.72,13.0,0.03522,0.06348,101.58,102.53,0.0,1754.0,1.0,1.0,1.0,0.6829,0.52052,4.63988,0.0,0.0,0
3107.0,3106.0,155.0,47.03,2.0,0.14412,0.09215,528.35,16.1,3.0,1161.0,4.0,1.0,0.0,0.81489,0.59602,2.83899,1.0,0.0,1
3108.0,3107.0,131.0,36.74,12.0,0.43232,0.38861,91.72,209.72,0.0,335.0,7.0,1.0,1.0,0.55219,0.43967,5.35054,0.0,0.0,1
3109.0,3108.0,312.0,166.49,9.0,0.47593,0.15782,72.57,10.32,0.0,748.0,2.0,0.0,0.0,1.33623,0.84854,2.42637,0.0,0.0,1
3110.0,3109.0,237.0,102.89,18.0,0.062,0.04099,737.34,26.69,1.0,1485.0,0.0,0.0,1.0,2.15914,1.1503,3.32112,0.0,0.0,0
3111.0,3110.0,3.0,48.72,20.0,0.4501,0.1185,662.93,3.97,1.0,817.0,0.0,0.0,1.0,0.88035,0.63146,1.60285,0.0,0.0,0
3112.0,3111.0,242.0,8.52,4.0,0.13373,0.15948,857.11,22.98,1.0,311.0,3.0,0.0,1.0,0.23795,0.21346,3.17702,1.0,0.0,0
3113.0,3112.0,184.0,244.46,18.0,0.03417,0.25276,168.02,142.95,1.0,1630.0,2.0,1.0,0.0,1.03617,0.71107,4.96944,0.0,0.0,1
3114.0,3113.0,96.0,45.63,1.0,0.19944,0.15669,469.46,10.38,0.0,1917.0,2.0,0.0,1.0,0.94269,0.66407,2.43146,1.0,0.0,0
3115.0,3114.0,365.0,234.48,12.0,0.10796,0.32258,507.55,25.1,0.0,60.0,1.0,0.0,0.0,2.36896,1.2146,3.26182,0.0,0.0,0
3116.0,3115.0,303.0,37.87,6.0,0.17299,0.12701,296.02,6.71,0.0,306.0,3.0,0.0,0.0,1.01386,0.70005,2.04294,0.0,0.0,1
3117.0,3116.0,300.0,3.94,13.0,0.28367,0.07249,248.41,15.71,0.0,1290.0,0.0,0.0,1.0,0.13555,0.12712,2.81576,0.0,0.0,0
3118.0,3117.0,94.0,27.96,8.0,0.25546,0.28966,298.77,7.5,1.0,906.0,1.0,0.0,1.0,0.72704,0.54641,2.14052,0.0,0.0,0
3119.0,3118.0,127.0,72.2,14.0,0.5332,0.01178,203.62,1.54,1.0,222.0,2.0,0.0,1.0,1.34156,0.85082,0.93244,0.0,0.0,0
3120.0,3119.0,274.0,335.87,12.0,0.27422,0.14718,309.61,12.86,0.0,571.0,3.0,0.0,0.0,2.52725,1.26052,2.62907,0.0,0.0,0
3121.0,3120.0,100.0,27.62,5.0,0.32972,0.10892,433.2,22.6,0.0,1929.0,1.0,0.0,1.0,0.85296,0.61678,3.16106,1.0,0.0,1
3122.0,3121.0,27.0,95.22,17.0,0.19295,0.19407,108.75,5.17,0.0,1949.0,1.0,0.0,1.0,1.6605,0.97851,1.8192,0.0,0.0,0
3123.0,3122.0,257.0,225.02,9.0,0.06023,0.0322,641.99,4.89,1.0,2159.0,2.0,0.0,0.0,1.41937,0.88351,1.77389,0.0,0.0,0
3124.0,3123.0,285.0,75.33,11.0,0.0745,0.1301,822.76,9.92,1.0,1446.0,0.0,0.0,1.0,0.98439,0.68531,2.39051,0.0,0.0,0
3125.0,3124.0,145.0,45.14,7.0,0.28148,0.06061,251.49,21.48,0.0,1658.0,2.0,0.0,0.0,1.12157,0.75215,3.1128,0.0,0.0,0
3126.0,3125.0,345.0,13.81,20.0,0.46924,0.04644,0.69,8.94,0.0,1962.0,5.0,0.0,1.0,0.40713,0.34155,2.29621,0.0,1.0,0
3127.0,3126.0,301.0,27.58,4.0,0.2226,0.56698,195.37,114.6,0.0,485.0,2.0,1.0,1.0,1.03628,0.71113,4.75009,1.0,0.0,0
3128.0,3127.0,71.0,277.21,9.0,0.24139,0.06269,71.44,3.09,0.0,810.0,1.0,0.0,0.0,5.84714,1.92383,1.40783,0.0,0.0,0
3129.0,3128.0,161.0,22.14,12.0,0.30306,0.04263,526.0,90.06,0.0,1806.0,4.0,0.0,1.0,0.49583,0.40268,4.51147,0.0,0.0,0
3130.0,3129.0,89.0,172.27,5.0,0.1496,0.41872,295.32,43.12,0.0,1378.0,4.0,1.0,1.0,2.29491,1.19238,3.78686,1.0,0.0,0
3131.0,3130.0,153.0,22.03,20.0,0.01206,0.36916,109.83,32.58,1.0,2084.0,1.0,1.0,0.0,0.65365,0.50298,3.51408,0.0,0.0,0
3132.0,3131.0,150.0,169.2,16.0,0.37251,0.08176,129.69,136.32,1.0,467.0,2.0,1.0,0.0,2.88497,1.35711,4.92229,0.0,0.0,1
3133.0,3132.0,35.0,15.18,14.0,0.06171,0.03421,445.54,2.55,0.0,224.0,1.0,0.0,1.0,0.32375,0.28047,1.26659,0.0,0.0,0
3134.0,3133.0,207.0,111.2,13.0,0.34058,0.06718,113.61,10.68,0.0,304.0,1.0,0.0,1.0,2.27999,1.18784,2.45803,0.0,0.0,0
3135.0,3134.0,90.0,35.93,1.0,0.26946,0.17868,211.34,39.09,2.0,879.0,0.0,0.0,1.0,0.76198,0.56644,3.69108,1.0,0.0,0
3136.0,3135.0,226.0,351.97,20.0,0.42491,0.04159,4.81,3.69,2.0,1331.0,4.0,0.0,0.0,11.14708,2.49709,1.54483,0.0,1.0,1
3137.0,3136.0,113.0,27.88,13.0,0.34965,0.199,390.49,8.93,2.0,1906.0,2.0,0.0,0.0,0.28871,0.25364,2.29546,0.0,0.0,0
3138.0,3137.0,94.0,119.8,19.0,0.12252,0.25021,207.4,5.43,0.0,906.0,2.0,0.0,1.0,3.1146,1.41454,1.86033,0.0,0.0,0
3139.0,3138.0,395.0,143.92,19.0,0.05115,0.26014,87.97,84.48,0.0,1708.0,2.0,0.0,1.0,1.63902,0.97041,4.44826,0.0,0.0,0
3140.0,3139.0,99.0,13.05,16.0,0.13197,0.14381,186.99,11.54,0.0,1555.0,1.0,0.0,0.0,0.38261,0.32397,2.52871,0.0,0.0,0
3141.0,3140.0,395.0,95.26,11.0,0.14095,0.234,294.13,9.71,1.0,1708.0,2.0,0.0,0.0,1.0849,0.73472,2.37113,0.0,0.0,0
3142.0,3141.0,125.0,123.22,16.0,0.03636,0.03565,858.03,4.15,0.0,520.0,0.0,0.0,1.0,1.84041,1.04395,1.63932,0.0,0.0,0
3143.0,3142.0,364.0,12.68,18.0,0.35166,0.0914,260.8,12.44,1.0,1357.0,2.0,0.0,1.0,0.86762,0.62467,2.59801,0.0,0.0,0
3144.0,3143.0,172.0,64.68,7.0,0.06799,0.06214,244.66,55.77,0.0,1027.0,0.0,0.0,1.0,0.89857,0.6411,4.03895,0.0,0.0,0
3145.0,3144.0,320.0,25.25,14.0,0.14838,0.38381,52.33,6.31,0.0,1666.0,2.0,0.0,0.0,0.50607,0.4095,1.9887,0.0,0.0,0
3146.0,3145.0,259.0,71.21,13.0,0.38072,0.09923,60.54,117.58,1.0,789.0,5.0,1.0,1.0,2.75387,1.32279,4.77562,0.0,0.0,0
3147.0,3146.0,369.0,14.66,18.0,0.27221,0.34827,175.6,22.38,0.0,1832.0,3.0,0.0,0.0,0.6506,0.50114,3.15175,0.0,0.0,0
3148.0,3147.0,261.0,61.2,13.0,0.68816,0.35358,93.98,6.0,2.0,539.0,2.0,0.0,1.0,2.42062,1.22982,1.94617,0.0,0.0,1
3149.0,3148.0,72.0,69.61,19.0,0.0452,0.01,214.59,26.62,0.0,513.0,0.0,0.0,1.0,0.84164,0.61066,3.31853,0.0,0.0,0
3150.0,3149.0,158.0,37.3,16.0,0.28232,0.50088,625.9,56.37,1.0,1685.0,4.0,1.0,0.0,1.08728,0.73586,4.04947,0.0,0.0,0
3151.0,3150.0,76.0,44.53,17.0,0.31106,0.09041,519.75,11.9,0.0,1322.0,0.0,0.0,1.0,0.97532,0.68073,2.55693,0.0,0.0,0
3152.0,3151.0,294.0,72.7,10.0,0.36569,0.048,24.24,4.31,0.0,1821.0,1.0,0.0,1.0,0.98788,0.68707,1.66906,0.0,0.0,0
3153.0,3152.0,215.0,29.31,9.0,0.24072,0.10358,160.31,4.71,1.0,1529.0,2.0,0.0,0.0,0.71757,0.54091,1.74258,0.0,0.0,0
3154.0,3153.0,192.0,31.05,8.0,0.53561,0.19699,538.67,31.16,0.0,408.0,6.0,0.0,1.0,1.09051,0.73741,3.47062,0.0,0.0,0
3155.0,3154.0,17.0,201.5,15.0,0.08512,0.03902,95.73,3.49,0.0,1638.0,0.0,0.0,1.0,6.92615,2.07017,1.50158,0.0,0.0,0
3156.0,3155.0,210.0,32.43,15.0,0.29184,0.10448,448.58,6.66,0.0,471.0,1.0,0.0,0.0,0.51744,0.41702,2.03633,0.0,0.0,0
3157.0,3156.0,326.0,19.53,18.0,0.25563,0.35479,48.88,16.69,0.0,1283.0,0.0,0.0,1.0,0.62434,0.4851,2.87272,0.0,0.0,0
3158.0,3157.0,149.0,19.13,17.0,0.2383,0.11776,13.54,9.17,0.0,651.0,1.0,0.0,0.0,0.29644,0.25962,2.31946,0.0,0.0,0
3159.0,3158.0,153.0,31.46,8.0,0.35332,0.01,68.43,40.0,3.0,2084.0,4.0,1.0,1.0,0.93325,0.6592,3.71358,0.0,0.0,0
3160.0,3159.0,188.0,514.42,11.0,0.64054,0.1288,685.87,8.86,0.0,909.0,0.0,0.0,0.0,3.52128,1.50879,2.28854,0.0,0.0,0
3161.0,3160.0,284.0,203.18,16.0,0.64441,0.09015,169.21,17.69,0.0,427.0,3.0,0.0,1.0,7.06243,2.08721,2.92821,0.0,0.0,0
3162.0,3161.0,193.0,22.74,9.0,0.24744,0.1184,151.1,83.68,0.0,137.0,3.0,0.0,1.0,2.84302,1.34626,4.43888,0.0,0.0,0
3163.0,3162.0,265.0,42.42,20.0,0.40618,0.05245,159.83,13.65,2.0,1924.0,2.0,0.0,0.0,2.34096,1.20626,2.68438,0.0,0.0,0
3164.0,3163.0,355.0,37.69,10.0,0.14764,0.1149,360.39,2.68,1.0,210.0,3.0,0.0,0.0,0.48143,0.39301,1.30241,0.0,0.0,0
3165.0,3164.0,269.0,66.38,14.0,0.46941,0.48348,363.8,34.28,0.0,659.0,2.0,0.0,1.0,0.69795,0.52942,3.56323,0.0,0.0,0
3166.0,3165.0,392.0,185.89,15.0,0.16827,0.26218,511.62,7.36,0.0,1316.0,3.0,0.0,1.0,2.76483,1.3257,2.12389,0.0,0.0,0
3167.0,3166.0,354.0,58.11,19.0,0.40581,0.06114,142.03,35.32,3.0,1115.0,7.0,0.0,1.0,2.17067,1.15394,3.59229,0.0,0.0,1
3168.0,3167.0,375.0,120.41,7.0,0.22102,0.02578,304.31,5.28,1.0,338.0,2.0,0.0,1.0,0.8782,0.63031,1.83755,0.0,0.0,0
3169.0,3168.0,97.0,36.6,13.0,0.13214,0.41746,454.74,3.91,0.0,114.0,1.0,0.0,1.0,0.44215,0.36613,1.59211,0.0,0.0,0
3170.0,3169.0,378.0,43.3,12.0,0.49275,0.22587,503.15,534.11,0.0,844.0,2.0,1.0,1.0,0.7674,0.56951,6.28246,0.0,0.0,1
3171.0,3170.0,110.0,70.26,14.0,0.38706,0.2127,366.08,48.12,1.0,1886.0,1.0,0.0,1.0,1.43498,0.88994,3.89422,0.0,0.0,0
3172.0,3171.0,169.0,32.22,10.0,0.29182,0.12105,175.52,89.5,0.0,989.0,5.0,1.0,0.0,0.48064,0.39248,4.50536,0.0,0.0,1
3173.0,3172.0,288.0,280.03,18.0,0.13899,0.28253,339.38,21.03,1.0,1634.0,3.0,0.0,1.0,6.85941,2.06171,3.09257,0.0,0.0,0
3174.0,3173.0,375.0,753.37,10.0,0.44088,0.24374,473.33,5.41,1.0,338.0,3.0,0.0,1.0,5.49455,1.87096,1.85817,0.0,0.0,1
3175.0,3174.0,254.0,91.55,16.0,0.1972,0.27196,123.27,336.59,0.0,336.0,2.0,1.0,1.0,1.4546,0.89796,5.82182,0.0,0.0,0
3176.0,3175.0,380.0,40.25,13.0,0.42541,0.017,316.33,4.52,1.0,1896.0,4.0,0.0,0.0,0.90844,0.64628,1.70783,0.0,0.0,0
3177.0,3176.0,385.0,78.18,19.0,0.19802,0.05708,541.47,6.22,0.0,915.0,2.0,0.0,1.0,1.62962,0.96684,1.97669,0.0,0.0,0
3178.0,3177.0,261.0,42.41,20.0,0.40592,0.20307,65.57,21.33,1.0,539.0,2.0,0.0,1.0,1.67742,0.98485,3.10613,0.0,0.0,0
3179.0,3178.0,179.0,963.02,20.0,0.55497,0.06054,344.68,93.87,0.0,1808.0,3.0,0.0,0.0,13.82681,2.69644,4.55251,0.0,0.0,0
3180.0,3179.0,7.0,146.68,16.0,0.09534,0.2298,312.55,22.71,1.0,1086.0,0.0,0.0,1.0,3.38918,1.47914,3.16597,0.0,0.0,0
3181.0,3180.0,264.0,10.24,14.0,0.08418,0.36158,208.7,68.72,0.0,1841.0,0.0,0.0,0.0,0.48329,0.39427,4.24451,0.0,0.0,0
3182.0,3181.0,416.0,949.15,16.0,0.24983,0.29046,99.98,20.0,0.0,737.0,2.0,0.0,0.0,6.34104,1.99348,3.04434,0.0,0.0,0
3183.0,3182.0,289.0,52.53,14.0,0.13342,0.17833,670.77,10.59,1.0,785.0,1.0,0.0,1.0,0.98501,0.68562,2.45046,0.0,0.0,0
3184.0,3183.0,310.0,39.68,14.0,0.10086,0.22042,608.41,10.84,1.0,516.0,2.0,0.0,1.0,0.91499,0.64971,2.47123,0.0,0.0,0
3185.0,3184.0,40.0,128.2,6.0,0.44974,0.3548,579.87,1.56,1.0,1992.0,3.0,0.0,1.0,1.46205,0.90099,0.94096,0.0,0.0,0
3186.0,3185.0,17.0,15.98,11.0,0.3237,0.01,141.67,4.59,0.0,1638.0,3.0,0.0,1.0,0.54915,0.43771,1.72182,0.0,0.0,0
3187.0,3186.0,229.0,81.66,12.0,0.32487,0.1942,598.89,34.17,1.0,1763.0,1.0,0.0,1.0,1.07734,0.73109,3.56008,0.0,0.0,0
3188.0,3187.0,295.0,99.45,7.0,0.05814,0.01,213.44,8.86,0.0,237.0,0.0,0.0,1.0,1.44152,0.89262,2.28886,0.0,0.0,0
3189.0,3188.0,94.0,22.44,7.0,0.62912,0.06843,1.44,25.5,0.0,906.0,3.0,0.0,1.0,0.5835,0.45964,3.27707,0.0,1.0,0
3190.0,3189.0,81.0,79.62,10.0,0.05291,0.16376,90.3,10.99,0.0,1575.0,4.0,0.0,0.0,1.07287,0.72893,2.4843,0.0,0.0,0
3191.0,3190.0,34.0,151.38,12.0,0.36831,0.08658,188.82,54.07,0.0,400.0,1.0,0.0,0.0,1.80204,1.03035,4.00856,0.0,0.0,0
3192.0,3191.0,190.0,36.19,11.0,0.09095,0.2719,315.7,5.19,0.0,401.0,3.0,0.0,1.0,1.01145,0.69886,1.8227,0.0,0.0,0
3193.0,3192.0,94.0,59.95,21.0,0.14806,0.23087,226.15,12.63,0.0,906.0,1.0,0.0,0.0,1.55861,0.93946,2.61226,0.0,0.0,0
3194.0,3193.0,6.0,40.05,4.0,0.26604,0.41701,55.1,6.92,1.0,421.0,0.0,0.0,0.0,2.78753,1.33171,2.0697,1.0,0.0,0
3195.0,3194.0,256.0,124.03,17.0,0.27303,0.31924,118.79,2.17,1.0,1545.0,1.0,0.0,1.0,1.1116,0.74745,1.15252,0.0,0.0,0
3196.0,3195.0,22.0,59.61,11.0,0.02751,0.42653,328.51,20.4,0.0,1861.0,5.0,0.0,0.0,2.33228,1.20366,3.06323,0.0,0.0,0
3197.0,3196.0,314.0,20.81,4.0,0.1748,0.04109,180.52,13.69,1.0,1324.0,4.0,0.0,1.0,0.6013,0.47081,2.68696,1.0,0.0,0
3198.0,3197.0,346.0,134.99,17.0,0.13928,0.02505,238.1,4.08,1.0,2186.0,1.0,0.0,1.0,0.95636,0.67109,1.62511,0.0,0.0,0
3199.0,3198.0,409.0,12.01,21.0,0.59231,0.11148,235.21,143.53,0.0,1009.0,1.0,0.0,0.0,0.2964,0.25959,4.97351,0.0,0.0,0
3200.0,3199.0,357.0,243.61,21.0,0.10171,0.07159,524.07,68.58,0.0,566.0,2.0,0.0,1.0,4.8782,1.77125,4.24248,0.0,0.0,0
3201.0,3200.0,317.0,15.11,17.0,0.31561,0.46213,121.38,17.3,0.0,1385.0,0.0,0.0,1.0,0.85029,0.61534,2.90704,0.0,0.0,0
3202.0,3201.0,176.0,155.99,12.0,0.53317,0.15,266.94,3.94,2.0,1175.0,2.0,0.0,0.0,2.94616,1.37274,1.5978,0.0,0.0,0
3203.0,3202.0,128.0,32.68,19.0,0.32549,0.03243,410.98,4.26,1.0,1019.0,1.0,0.0,0.0,0.53724,0.42999,1.66096,0.0,0.0,0
3204.0,3203.0,391.0,180.9,9.0,0.13037,0.09471,188.54,16.8,1.0,234.0,0.0,0.0,1.0,2.74595,1.32068,2.87908,0.0,0.0,0
3205.0,3204.0,17.0,41.32,7.0,0.08747,0.15101,149.22,16.36,0.0,1638.0,2.0,0.0,1.0,1.42043,0.88395,2.85421,0.0,0.0,0
3206.0,3205.0,24.0,104.75,14.0,0.07979,0.07393,547.49,31.24,0.0,817.0,2.0,0.0,0.0,3.54936,1.51499,3.47324,0.0,0.0,0
3207.0,3206.0,168.0,24.65,20.0,0.22268,0.06029,53.13,7.5,0.0,740.0,1.0,0.0,0.0,0.72789,0.5469,2.13973,0.0,0.0,0
3208.0,3207.0,230.0,91.75,9.0,0.021,0.1257,449.17,7.11,0.0,1266.0,3.0,0.0,1.0,1.13211,0.75711,2.09295,0.0,0.0,0
3209.0,3208.0,340.0,125.2,13.0,0.10233,0.07187,553.6,290.51,1.0,1090.0,2.0,1.0,0.0,1.59205,0.95245,5.67508,0.0,0.0,1
3210.0,3209.0,298.0,52.96,17.0,0.31711,0.10623,584.63,5.42,1.0,1486.0,1.0,0.0,1.0,2.20729,1.16543,1.85928,0.0,0.0,0
3211.0,3210.0,40.0,90.97,9.0,0.6897,0.11605,712.09,5.21,3.0,1992.0,3.0,0.0,1.0,1.03751,0.71173,1.82552,0.0,0.0,0
3212.0,3211.0,265.0,7.92,9.0,0.56549,0.1997,118.13,72.14,0.0,1924.0,2.0,1.0,1.0,0.4369,0.36249,4.29231,0.0,0.0,1
3213.0,3212.0,395.0,194.13,17.0,0.25364,0.20981,65.25,54.01,3.0,1708.0,8.0,1.0,1.0,2.21092,1.16656,4.00744,0.0,0.0,1
3214.0,3213.0,108.0,81.05,17.0,0.2805,0.0193,66.1,8.56,0.0,1757.0,3.0,0.0,0.0,0.90934,0.64676,2.25772,0.0,0.0,0
3215.0,3214.0,270.0,24.31,10.0,0.42736,0.07214,286.48,37.62,0.0,912.0,1.0,0.0,0.0,0.88927,0.63619,3.65378,0.0,0.0,0
3216.0,3215.0,257.0,246.03,9.0,0.13107,0.22262,588.86,28.73,0.0,2159.0,1.0,0.0,1.0,1.55187,0.93683,3.3922,0.0,0.0,0
3217.0,3216.0,356.0,88.83,9.0,0.05296,0.09294,756.93,6.02,0.0,413.0,1.0,0.0,1.0,2.40652,1.22569,1.94875,0.0,0.0,0
3218.0,3217.0,68.0,1146.27,15.0,0.49204,0.14947,61.23,33.14,0.0,475.0,2.0,0.0,0.0,10.72222,2.46149,3.53036,0.0,0.0,0
3219.0,3218.0,382.0,45.49,12.0,0.21828,0.01921,31.46,583.26,0.0,264.0,4.0,1.0,1.0,1.8896,1.06112,6.37034,0.0,0.0,0
3220.0,3219.0,144.0,85.54,12.0,0.06565,0.15444,327.34,34.59,0.0,153.0,2.0,0.0,1.0,1.14939,0.76518,3.5722,0.0,0.0,0
3221.0,3220.0,248.0,24.32,16.0,0.34456,0.06147,5.24,6.4,0.0,1951.0,1.0,0.0,0.0,0.40068,0.33696,2.00202,0.0,1.0,1
3222.0,3221.0,147.0,608.98,19.0,0.07979,0.09066,430.56,19.41,0.0,214.0,1.0,0.0,1.0,5.1607,1.81819,3.01612,0.0,0.0,0
3223.0,3222.0,170.0,26.83,12.0,0.2712,0.22398,564.73,19.1,1.0,1043.0,0.0,0.0,1.0,1.02103,0.70361,3.00088,0.0,0.0,0
3224.0,3223.0,392.0,34.11,12.0,0.44838,0.09247,460.48,9.04,1.0,1316.0,1.0,0.0,0.0,0.50736,0.41036,2.30615,0.0,0.0,0
3225.0,3224.0,275.0,83.05,18.0,0.43562,0.2049,1.96,23.7,2.0,327.0,3.0,0.0,1.0,1.59953,0.95533,3.20674,0.0,1.0,0
3226.0,3225.0,272.0,20.14,16.0,0.18579,0.13908,61.97,21.54,0.0,922.0,1.0,0.0,1.0,0.42056,0.35105,3.11547,0.0,0.0,0
3227.0,3226.0,324.0,27.16,8.0,0.10818,0.31295,54.38,14.2,1.0,1098.0,3.0,0.0,1.0,0.72073,0.54275,2.7212,0.0,0.0,0
3228.0,3227.0,1.0,110.21,15.0,0.31992,0.04694,150.15,741.54,0.0,1129.0,3.0,1.0,1.0,1.70847,0.99638,6.61008,0.0,0.0,1
3229.0,3228.0,355.0,131.99,15.0,0.16298,0.09024,337.36,33.35,0.0,210.0,1.0,1.0,0.0,1.68593,0.98803,3.53651,0.0,0.0,0
3230.0,3229.0,152.0,78.19,14.0,0.20408,0.09537,554.49,13.11,2.0,1937.0,1.0,0.0,0.0,1.70556,0.99531,2.64697,0.0,0.0,0
3231.0,3230.0,107.0,34.03,10.0,0.22393,0.03441,264.1,28.86,0.0,498.0,2.0,0.0,1.0,1.24693,0.80956,3.39658,0.0,0.0,0
3232.0,3231.0,224.0,42.74,14.0,0.15562,0.05442,18.44,3.49,2.0,584.0,2.0,0.0,1.0,0.68684,0.52286,1.50241,0.0,0.0,0
3233.0,3232.0,71.0,87.24,13.0,0.72874,0.02882,48.47,61.18,1.0,810.0,3.0,0.0,1.0,1.84023,1.04388,4.13005,0.0,0.0,0
3234.0,3233.0,6.0,14.12,13.0,0.34211,0.35401,35.91,17.86,0.0,421.0,4.0,0.0,0.0,0.98294,0.68458,2.93712,0.0,0.0,1
3235.0,3234.0,228.0,11.09,16.0,0.16458,0.30309,172.32,39.31,2.0,1813.0,2.0,0.0,0.0,0.22518,0.20309,3.6967,0.0,0.0,0
3236.0,3235.0,92.0,19.48,14.0,0.19381,0.07394,873.34,14.73,1.0,83.0,6.0,0.0,1.0,0.60482,0.47301,2.75577,0.0,0.0,0
3237.0,3236.0,248.0,65.71,18.0,0.34857,0.07028,63.93,14.01,1.0,1951.0,4.0,0.0,0.0,1.08268,0.73366,2.70848,0.0,0.0,0
3238.0,3237.0,6.0,24.78,7.0,0.16097,0.38178,90.05,3.46,0.0,421.0,2.0,0.0,0.0,1.72478,1.00239,1.49574,0.0,0.0,0
3239.0,3238.0,47.0,22.87,15.0,0.48238,0.20097,35.63,3.82,0.0,1011.0,0.0,0.0,0.0,2.61105,1.284,1.57381,0.0,0.0,0
3240.0,3239.0,128.0,140.61,17.0,0.38353,0.01061,731.61,7.6,1.0,1019.0,2.0,0.0,1.0,2.31175,1.19748,2.15188,0.0,0.0,0
3241.0,3240.0,282.0,417.12,18.0,0.23028,0.15944,237.84,11.38,1.0,2082.0,2.0,0.0,1.0,2.50204,1.25335,2.51598,0.0,0.0,0
3242.0,3241.0,412.0,78.47,11.0,0.14914,0.14033,209.86,8.26,0.0,243.0,0.0,0.0,1.0,1.33875,0.84962,2.22601,0.0,0.0,0
3243.0,3242.0,293.0,4.45,13.0,0.26457,0.24341,687.28,14.76,0.0,1213.0,2.0,0.0,1.0,0.15629,0.14522,2.75734,0.0,0.0,0
3244.0,3243.0,351.0,54.71,11.0,0.18422,0.11109,6.2,7.53,1.0,1619.0,1.0,0.0,0.0,0.72407,0.54469,2.14336,0.0,1.0,0
3245.0,3244.0,165.0,125.94,5.0,0.14709,0.13344,349.09,31.54,0.0,1180.0,2.0,0.0,0.0,1.9296,1.07486,3.48261,1.0,0.0,0
3246.0,3245.0,6.0,636.35,18.0,0.08914,0.27691,71.62,17.72,1.0,421.0,3.0,0.0,0.0,44.28643,3.81301,2.92975,0.0,0.0,0
3247.0,3246.0,347.0,274.13,11.0,0.35074,0.06703,52.46,8.03,0.0,1085.0,1.0,0.0,0.0,1.13255,0.75732,2.20019,0.0,0.0,0
3248.0,3247.0,222.0,75.57,10.0,0.09518,0.05599,833.33,14.28,0.0,741.0,0.0,0.0,0.0,0.83211,0.60547,2.72623,0.0,0.0,1
3249.0,3248.0,34.0,148.62,9.0,0.19445,0.20742,94.07,5.36,0.0,400.0,4.0,0.0,1.0,1.76923,1.01857,1.85036,0.0,0.0,0
3250.0,3249.0,94.0,128.31,9.0,0.28543,0.04491,294.62,17.16,0.0,906.0,2.0,1.0,1.0,3.3359,1.46693,2.89946,0.0,0.0,0
3251.0,3250.0,402.0,313.83,13.0,0.28342,0.15169,588.71,5.84,2.0,891.0,5.0,0.0,1.0,4.23872,1.65608,1.92217,0.0,0.0,0
3252.0,3251.0,337.0,130.53,16.0,0.21308,0.18382,521.75,53.64,0.0,1228.0,2.0,0.0,0.0,3.31209,1.46142,4.00079,0.0,0.0,0
3253.0,3252.0,278.0,98.0,18.0,0.16806,0.08717,486.41,47.92,0.0,457.0,2.0,0.0,1.0,0.97427,0.6802,3.89029,0.0,0.0,0
3254.0,3253.0,405.0,40.71,6.0,0.21028,0.01791,169.7,13.56,0.0,1562.0,3.0,0.0,1.0,0.57143,0.45199,2.67822,0.0,0.0,0
3255.0,3254.0,78.0,37.59,13.0,0.2846,0.43223,5.09,16.71,0.0,1375.0,3.0,0.0,0.0,0.65205,0.50202,2.87433,0.0,1.0,1
3256.0,3255.0,224.0,15.53,12.0,0.11943,0.28738,6.53,40.73,0.0,584.0,2.0,0.0,1.0,0.24959,0.22281,3.73127,0.0,1.0,0
3257.0,3256.0,5.0,44.1,10.0,0.441,0.16206,145.76,8.67,0.0,1734.0,4.0,0.0,1.0,0.56871,0.45025,2.26934,0.0,0.0,0
3258.0,3257.0,223.0,278.61,17.0,0.18408,0.05354,147.93,16.54,1.0,28.0,3.0,0.0,0.0,6.99458,2.07876,2.86433,0.0,0.0,0
3259.0,3258.0,41.0,25.81,20.0,0.03326,0.25709,218.66,22.55,0.0,1555.0,2.0,0.0,0.0,0.52758,0.42369,3.159,0.0,0.0,0
3260.0,3259.0,347.0,176.84,15.0,0.3109,0.04135,125.65,7.6,1.0,1085.0,1.0,0.0,1.0,0.73062,0.54848,2.15129,0.0,0.0,0
3261.0,3260.0,317.0,24.06,8.0,0.23616,0.32072,375.32,21.0,1.0,1385.0,3.0,0.0,0.0,1.35433,0.85626,3.09121,0.0,0.0,0
3262.0,3261.0,208.0,94.43,16.0,0.08689,0.24099,261.85,79.86,0.0,1129.0,3.0,0.0,0.0,1.50876,0.91979,4.39277,0.0,0.0,0
3263.0,3262.0,227.0,454.32,13.0,0.26349,0.19969,241.54,12.2,0.0,640.0,1.0,0.0,0.0,3.29269,1.45691,2.5805,0.0,0.0,0
3264.0,3263.0,74.0,75.83,14.0,0.16179,0.12525,36.62,16.09,0.0,1555.0,1.0,0.0,0.0,1.27896,0.82372,2.83822,0.0,0.0,0
3265.0,3264.0,55.0,89.29,10.0,0.47892,0.01,319.67,41.75,0.0,1157.0,1.0,0.0,0.0,1.17878,0.77877,3.75538,0.0,0.0,0
3266.0,3265.0,260.0,29.15,21.0,0.23065,0.07785,6.65,39.22,0.0,417.0,0.0,0.0,1.0,0.91527,0.64986,3.69445,0.0,1.0,0
3267.0,3266.0,35.0,20.17,5.0,0.09386,0.01,282.98,41.72,0.0,224.0,2.0,0.0,1.0,0.43032,0.3579,3.75459,1.0,0.0,0
3268.0,3267.0,76.0,20.29,14.0,0.15784,0.01475,426.87,604.63,1.0,1322.0,1.0,1.0,0.0,0.44437,0.36768,6.40627,0.0,0.0,0
3269.0,3268.0,362.0,91.62,13.0,0.07174,0.01268,478.42,18.12,1.0,1375.0,2.0,0.0,1.0,1.53027,0.92833,2.95084,0.0,0.0,0
3270.0,3269.0,106.0,27.32,14.0,0.61665,0.08573,821.5,76.68,0.0,997.0,2.0,0.0,0.0,1.13323,0.75764,4.35262,0.0,0.0,0
3271.0,3270.0,379.0,19.41,4.0,0.12288,0.26635,267.87,27.79,0.0,230.0,0.0,0.0,1.0,0.89588,0.63968,3.36006,1.0,0.0,0
3272.0,3271.0,297.0,159.41,17.0,0.35267,0.26354,59.89,6.76,1.0,1797.0,4.0,0.0,1.0,0.86618,0.62389,2.04898,0.0,0.0,0
3273.0,3272.0,40.0,195.05,10.0,0.39122,0.31455,276.64,15.15,0.0,1992.0,0.0,0.0,0.0,2.22451,1.17078,2.78184,0.0,0.0,0
3274.0,3273.0,140.0,36.03,17.0,0.38336,0.18031,304.92,9.42,1.0,720.0,7.0,0.0,0.0,0.28118,0.24778,2.34394,0.0,0.0,0
3275.0,3274.0,295.0,142.64,6.0,0.25096,0.06382,688.0,21.62,1.0,237.0,3.0,0.0,1.0,2.06744,1.12084,3.119,0.0,0.0,0
3276.0,3275.0,266.0,536.67,8.0,0.21804,0.08743,278.66,19.33,0.0,1157.0,4.0,0.0,0.0,3.57717,1.52108,3.01198,0.0,0.0,1
3277.0,3276.0,273.0,400.83,9.0,0.41337,0.10018,249.51,5.41,1.0,601.0,3.0,0.0,0.0,2.4737,1.24522,1.85772,0.0,0.0,0
3278.0,3277.0,301.0,27.94,5.0,0.1873,0.16534,221.89,17.66,0.0,485.0,0.0,0.0,0.0,1.0499,0.71779,2.92662,1.0,0.0,0
3279.0,3278.0,345.0,55.2,9.0,0.06876,0.05138,70.52,31.97,1.0,1962.0,2.0,0.0,0.0,1.62772,0.96612,3.49566,0.0,0.0,0
3280.0,3279.0,32.0,9.34,19.0,0.50879,0.02456,468.69,3.2,0.0,880.0,4.0,0.0,1.0,0.41034,0.34383,1.43602,0.0,0.0,0
3281.0,3280.0,289.0,44.56,19.0,0.11702,0.01947,397.99,33.76,0.0,785.0,3.0,0.0,1.0,0.83553,0.60733,3.54847,0.0,0.0,0
3282.0,3281.0,200.0,80.29,17.0,0.1958,0.41299,98.16,8.91,0.0,1138.0,0.0,0.0,1.0,0.65812,0.50568,2.29387,0.0,0.0,0
3283.0,3282.0,280.0,26.02,15.0,0.061,0.2964,458.91,11.33,1.0,1448.0,2.0,1.0,1.0,0.94928,0.66746,2.51195,0.0,0.0,0
3284.0,3283.0,113.0,80.56,8.0,0.55461,0.04978,338.09,14.73,1.0,1906.0,4.0,1.0,1.0,0.83433,0.60668,2.75555,0.0,0.0,0
3285.0,3284.0,164.0,207.19,21.0,0.30869,0.06848,25.25,15.19,1.0,2001.0,1.0,0.0,0.0,1.07268,0.72884,2.78446,0.0,0.0,0
3286.0,3285.0,64.0,15.32,18.0,0.05691,0.07971,8.91,1.4,0.0,445.0,1.0,0.0,0.0,0.17367,0.16014,0.87496,0.0,0.0,0
3287.0,3286.0,11.0,57.15,11.0,0.71279,0.15779,110.66,203.15,1.0,295.0,6.0,1.0,0.0,1.61651,0.96184,5.31886,0.0,0.0,1
3288.0,3287.0,354.0,71.04,17.0,0.14015,0.0758,566.01,15.16,0.0,1115.0,1.0,0.0,0.0,2.65361,1.29572,2.78253,0.0,0.0,0
3289.0,3288.0,29.0,84.62,16.0,0.29026,0.03035,21.11,21.39,2.0,498.0,2.0,0.0,1.0,1.77512,1.02069,3.10862,0.0,0.0,0
3290.0,3289.0,230.0,206.94,7.0,0.1351,0.49813,205.94,28.14,0.0,1266.0,0.0,0.0,0.0,2.5533,1.26788,3.37199,0.0,0.0,0
3291.0,3290.0,362.0,53.28,12.0,0.29771,0.12149,317.53,19.05,1.0,1375.0,2.0,0.0,1.0,0.88987,0.63651,2.99824,0.0,0.0,0
3292.0,3291.0,14.0,59.27,13.0,0.52477,0.20549,524.96,17.42,0.0,274.0,1.0,0.0,0.0,0.61064,0.47663,2.91319,0.0,0.0,0
3293.0,3292.0,409.0,24.08,13.0,0.13008,0.03942,559.72,75.73,1.0,1009.0,3.0,0.0,1.0,0.59453,0.46658,4.34024,0.0,0.0,0
3294.0,3293.0,187.0,101.67,15.0,0.53697,0.14566,129.09,59.84,0.0,960.0,3.0,0.0,1.0,1.44571,0.89434,4.10829,0.0,0.0,0
3295.0,3294.0,54.0,132.26,16.0,0.30733,0.08773,133.23,13.21,0.0,427.0,3.0,0.0,1.0,0.98532,0.68578,2.65416,0.0,0.0,0
3296.0,3295.0,382.0,24.72,7.0,0.24597,0.1583,52.76,30.91,1.0,264.0,1.0,0.0,0.0,1.0269,0.70651,3.463,0.0,0.0,1
3297.0,3296.0,196.0,62.57,13.0,0.71507,0.06567,2.24,46.85,1.0,1865.0,2.0,0.0,0.0,1.68706,0.98845,3.86808,0.0,1.0,0
3298.0,3297.0,128.0,144.54,18.0,0.38844,0.44067,702.13,5.95,0.0,1019.0,4.0,0.0,0.0,2.37629,1.21678,1.93808,0.0,0.0,0
3299.0,3298.0,244.0,24.28,16.0,0.20747,0.20705,76.18,47.11,1.0,1923.0,2.0,0.0,0.0,0.63647,0.49254,3.87354,0.0,0.0,0
3300.0,3299.0,267.0,477.4,10.0,0.12269,0.08268,87.01,41.64,0.0,820.0,3.0,1.0,1.0,3.50174,1.50446,3.75286,0.0,0.0,0
3301.0,3300.0,89.0,167.58,11.0,0.14477,0.16988,339.69,2.5,1.0,1378.0,0.0,0.0,1.0,2.23233,1.1732,1.2521,0.0,0.0,0
3302.0,3301.0,286.0,440.95,8.0,0.47973,0.09703,409.21,20.81,1.0,1906.0,2.0,0.0,0.0,3.13566,1.41965,3.08216,0.0,0.0,1
3303.0,3302.0,321.0,512.05,18.0,0.02264,0.08492,46.34,11.2,1.0,1705.0,0.0,0.0,1.0,7.25195,2.11045,2.50151,0.0,0.0,0
3304.0,3303.0,76.0,59.59,13.0,0.13162,0.22745,464.51,113.31,0.0,1322.0,1.0,0.0,1.0,1.30502,0.83509,4.73887,0.0,0.0,0
3305.0,3304.0,118.0,83.36,6.0,0.02375,0.16861,63.45,17.26,1.0,73.0,3.0,0.0,1.0,0.98781,0.68703,2.90452,0.0,0.0,0
3306.0,3305.0,254.0,77.84,1.0,0.28313,0.0783,126.19,19.06,0.0,336.0,1.0,0.0,1.0,1.23674,0.80502,2.9986,1.0,0.0,0
3307.0,3306.0,47.0,12.91,14.0,0.19351,0.1371,12.21,7.33,0.0,1011.0,4.0,0.0,0.0,1.4736,0.90567,2.11927,0.0,0.0,0
3308.0,3307.0,229.0,206.27,15.0,0.46233,0.12455,188.46,20.61,1.0,1763.0,2.0,0.0,1.0,2.72121,1.31405,3.07296,0.0,0.0,0
3309.0,3308.0,223.0,94.26,13.0,0.25625,0.57092,61.7,10.68,0.0,28.0,0.0,0.0,0.0,2.36651,1.21388,2.45818,0.0,0.0,0
3310.0,3309.0,215.0,22.28,17.0,0.16603,0.13,363.29,14.21,1.0,1529.0,4.0,0.0,1.0,0.54547,0.43533,2.72224,0.0,0.0,0
3311.0,3310.0,94.0,309.7,11.0,0.14927,0.12999,137.28,29.72,0.0,906.0,1.0,0.0,1.0,8.05206,2.20299,3.42507,0.0,0.0,0
3312.0,3311.0,316.0,102.39,13.0,0.66234,0.0696,482.63,95.51,0.0,693.0,2.0,1.0,1.0,1.61718,0.9621,4.56965,0.0,0.0,0
3313.0,3312.0,138.0,45.54,13.0,0.45228,0.2902,308.47,26.62,1.0,1772.0,4.0,0.0,0.0,0.98408,0.68516,3.31854,0.0,0.0,0
3314.0,3313.0,208.0,49.67,16.0,0.15604,0.08115,684.74,269.09,0.0,1129.0,0.0,1.0,0.0,0.79354,0.58419,5.59877,0.0,0.0,0
3315.0,3314.0,410.0,89.9,9.0,0.29689,0.12821,648.86,9.98,0.0,2004.0,2.0,0.0,1.0,0.77477,0.57367,2.39589,0.0,0.0,0
3316.0,3315.0,239.0,19.21,3.0,0.11863,0.18643,76.21,16.0,0.0,315.0,1.0,0.0,1.0,1.42452,0.88563,2.83292,1.0,0.0,0
3317.0,3316.0,305.0,19.59,16.0,0.01,0.05108,624.2,114.66,0.0,1231.0,2.0,1.0,1.0,1.02768,0.70689,4.75061,0.0,0.0,0
3318.0,3317.0,89.0,58.75,21.0,0.10916,0.06154,389.08,17.31,0.0,1378.0,0.0,0.0,0.0,0.78257,0.57806,2.9076,0.0,0.0,0
3319.0,3318.0,145.0,525.18,13.0,0.24478,0.46009,257.36,27.35,0.0,1658.0,1.0,0.0,0.0,13.04907,2.64256,3.34457,0.0,0.0,0
3320.0,3319.0,171.0,42.42,19.0,0.45422,0.01,227.38,118.18,1.0,1418.0,4.0,1.0,1.0,1.5272,0.92711,4.78066,0.0,0.0,1
3321.0,3320.0,376.0,108.5,18.0,0.36893,0.11779,381.73,6.76,0.0,462.0,2.0,0.0,1.0,1.54185,0.93289,2.04873,0.0,0.0,0
3322.0,3321.0,338.0,151.05,13.0,0.21016,0.0472,17.18,15.19,0.0,1230.0,2.0,0.0,1.0,1.25543,0.81334,2.78418,0.0,0.0,0
3323.0,3322.0,415.0,60.46,6.0,0.11175,0.33085,5.08,13.7,0.0,1982.0,1.0,0.0,0.0,1.59131,0.95216,2.68799,0.0,1.0,0
3324.0,3323.0,49.0,15.97,16.0,0.6402,0.24364,32.48,8.46,1.0,980.0,2.0,0.0,1.0,0.92785,0.6564,2.24688,0.0,0.0,0
3325.0,3324.0,187.0,69.11,8.0,0.07198,0.1297,288.3,26.87,0.0,960.0,0.0,0.0,1.0,0.98273,0.68447,3.32749,0.0,0.0,0
3326.0,3325.0,163.0,37.9,14.0,0.10495,0.08351,309.33,3.33,1.0,2188.0,0.0,0.0,1.0,1.23953,0.80626,1.46501,0.0,0.0,0
3327.0,3326.0,96.0,30.9,14.0,0.12035,0.46729,327.66,1.02,0.0,1917.0,0.0,0.0,0.0,0.63835,0.49369,0.70129,0.0,0.0,0
3328.0,3327.0,208.0,597.78,14.0,0.04568,0.39357,315.72,154.31,0.0,1129.0,0.0,1.0,1.0,9.55095,2.35622,5.04539,0.0,0.0,0
3329.0,3328.0,3.0,62.67,16.0,0.14223,0.09461,752.04,1.28,0.0,817.0,0.0,0.0,1.0,1.13243,0.75726,0.82331,0.0,0.0,0
3330.0,3329.0,203.0,36.12,14.0,0.51137,0.01853,209.92,12.73,1.0,1953.0,7.0,0.0,0.0,0.58581,0.4611,2.61978,0.0,0.0,0
3331.0,3330.0,362.0,55.38,9.0,0.20957,0.15509,402.86,2.1,1.0,1375.0,3.0,0.0,1.0,0.92487,0.65486,1.13218,0.0,0.0,0
3332.0,3331.0,255.0,40.39,8.0,0.22903,0.079,401.38,20.41,0.0,1608.0,0.0,0.0,0.0,0.37438,0.318,3.0637,0.0,0.0,0
3333.0,3332.0,227.0,135.17,16.0,0.02312,0.16227,128.4,18.78,0.0,640.0,1.0,0.0,0.0,0.97961,0.6829,2.98447,0.0,0.0,0
3334.0,3333.0,235.0,31.92,6.0,0.26187,0.04851,393.92,2.09,0.0,1659.0,0.0,0.0,1.0,0.83633,0.60777,1.12885,0.0,0.0,1
3335.0,3334.0,156.0,76.71,8.0,0.3281,0.06862,236.19,0.78,1.0,1986.0,4.0,0.0,1.0,1.41383,0.88121,0.57673,0.0,0.0,0
3336.0,3335.0,270.0,53.59,14.0,0.20622,0.10067,276.13,4.6,1.0,912.0,3.0,0.0,1.0,1.96035,1.08531,1.72252,0.0,0.0,0
3337.0,3336.0,337.0,37.74,10.0,0.38254,0.05756,556.01,62.31,0.0,1228.0,3.0,0.0,0.0,0.95763,0.67174,4.14808,0.0,0.0,0
3338.0,3337.0,94.0,19.61,5.0,0.52765,0.08361,296.29,61.7,0.0,906.0,1.0,1.0,0.0,0.50981,0.41198,4.13838,1.0,0.0,1
3339.0,3338.0,149.0,45.19,11.0,0.01885,0.28466,7.16,35.83,0.0,651.0,1.0,0.0,1.0,0.70043,0.53088,3.60639,0.0,0.0,0
3340.0,3339.0,412.0,85.65,12.0,0.26059,0.16145,466.39,9.12,0.0,243.0,2.0,0.0,0.0,1.4613,0.90069,2.31438,0.0,0.0,0
3341.0,3340.0,37.0,22.24,5.0,0.12362,0.12545,153.69,14.37,0.0,1840.0,2.0,0.0,0.0,0.57158,0.45208,2.73236,1.0,0.0,1
3342.0,3341.0,277.0,21.83,17.0,0.10439,0.09778,1.57,82.06,0.0,198.0,0.0,0.0,1.0,0.55647,0.44242,4.41951,0.0,1.0,0
3343.0,3342.0,250.0,16.05,4.0,0.16956,0.34497,383.34,40.89,0.0,1017.0,2.0,0.0,1.0,0.29002,0.25466,3.73508,1.0,0.0,0
3344.0,3343.0,125.0,10.73,14.0,0.20816,0.20335,634.15,135.49,0.0,520.0,2.0,0.0,1.0,0.16024,0.14862,4.91625,0.0,0.0,0
3345.0,3344.0,328.0,29.86,8.0,0.21782,0.21862,39.91,13.2,1.0,884.0,0.0,0.0,1.0,0.45242,0.37323,2.6529,0.0,0.0,0
3346.0,3345.0,213.0,75.65,14.0,0.17779,0.03861,117.74,4.88,1.0,1047.0,2.0,0.0,0.0,1.86421,1.05229,1.77203,0.0,0.0,0
3347.0,3346.0,399.0,23.65,6.0,0.39752,0.371,696.59,271.71,0.0,326.0,2.0,1.0,1.0,0.64659,0.49871,5.6084,0.0,0.0,0
3348.0,3347.0,75.0,58.47,14.0,0.28764,0.26324,75.48,7.0,1.0,4.0,3.0,0.0,1.0,0.88415,0.63348,2.0798,0.0,0.0,0
3349.0,3348.0,33.0,309.16,16.0,0.09529,0.051,380.38,26.85,1.0,1939.0,1.0,0.0,1.0,1.81189,1.03386,3.3269,0.0,0.0,0
3350.0,3349.0,375.0,123.63,11.0,0.14638,0.34954,183.02,4.33,2.0,338.0,1.0,0.0,1.0,0.9017,0.64275,1.67367,0.0,0.0,0
3351.0,3350.0,291.0,119.93,8.0,0.05548,0.2671,56.97,24.57,4.0,2129.0,5.0,0.0,0.0,2.19899,1.16284,3.24144,0.0,0.0,0
3352.0,3351.0,37.0,76.8,8.0,0.76831,0.03351,213.97,10.54,0.0,1840.0,1.0,0.0,1.0,1.97391,1.08988,2.44606,0.0,0.0,0
3353.0,3352.0,336.0,15.19,17.0,0.24165,0.0422,493.16,10.33,0.0,1874.0,2.0,0.0,1.0,0.39329,0.33167,2.42707,0.0,0.0,0
3354.0,3353.0,191.0,16.4,16.0,0.12173,0.25114,472.56,2.95,0.0,1719.0,2.0,0.0,1.0,0.62705,0.48677,1.37437,0.0,0.0,0
3355.0,3354.0,175.0,66.13,12.0,0.22563,0.06803,706.29,6.49,0.0,203.0,3.0,0.0,1.0,0.94283,0.66414,2.0141,0.0,0.0,0
3356.0,3355.0,17.0,46.03,10.0,0.35062,0.12751,43.6,6.55,0.0,1638.0,2.0,0.0,1.0,1.58216,0.94863,2.02157,0.0,0.0,0
3357.0,3356.0,391.0,56.67,12.0,0.36801,0.0412,195.15,2.6,0.0,234.0,0.0,0.0,1.0,0.8602,0.62069,1.27957,0.0,0.0,0
3358.0,3357.0,348.0,244.68,13.0,0.30298,0.04229,305.16,6.03,0.0,1225.0,1.0,0.0,1.0,2.19303,1.16097,1.94985,0.0,0.0,0
3359.0,3358.0,155.0,33.9,10.0,0.1565,0.1425,812.25,467.32,0.0,1161.0,2.0,1.0,1.0,0.58743,0.46212,6.14915,0.0,0.0,0
3360.0,3359.0,132.0,135.02,12.0,0.22665,0.2093,619.9,11.19,1.0,1676.0,0.0,0.0,1.0,2.29177,1.19143,2.50027,0.0,0.0,1
3361.0,3360.0,280.0,94.18,4.0,0.43977,0.38767,195.29,5.85,1.0,1448.0,5.0,0.0,0.0,3.43562,1.48967,1.92446,1.0,0.0,0
3362.0,3361.0,114.0,186.57,6.0,0.19126,0.24427,138.47,17.06,1.0,1334.0,2.0,0.0,0.0,3.89767,1.58876,2.89356,0.0,0.0,0
3363.0,3362.0,147.0,26.89,10.0,0.12477,0.42817,429.19,30.23,0.0,214.0,1.0,0.0,1.0,0.22785,0.20526,3.4414,0.0,0.0,0
3364.0,3363.0,252.0,20.39,15.0,0.15684,0.10643,224.96,92.93,0.0,217.0,2.0,0.0,0.0,0.64699,0.49895,4.54258,0.0,0.0,0
3365.0,3364.0,318.0,142.49,8.0,0.02654,0.23055,1.11,9.37,0.0,866.0,5.0,0.0,0.0,1.71761,0.99975,2.33878,0.0,1.0,1
3366.0,3365.0,140.0,198.44,22.0,0.29982,0.08616,483.66,36.05,0.0,720.0,2.0,0.0,1.0,1.54858,0.93554,3.61238,0.0,0.0,0
3367.0,3366.0,162.0,24.53,6.0,0.23898,0.17984,229.62,8.47,0.0,1631.0,3.0,0.0,1.0,0.89423,0.63881,2.24835,0.0,0.0,0
3368.0,3367.0,63.0,313.3,11.0,0.17816,0.36972,191.54,40.37,0.0,636.0,1.0,1.0,0.0,2.7683,1.32662,3.72255,0.0,0.0,1
3369.0,3368.0,6.0,101.36,20.0,0.17837,0.02698,80.07,35.39,0.0,421.0,2.0,0.0,0.0,7.05423,2.0862,3.59433,0.0,0.0,0
3370.0,3369.0,360.0,6.38,20.0,0.28089,0.02839,212.32,12.18,0.0,2194.0,5.0,0.0,0.0,0.33963,0.2924,2.57861,0.0,0.0,0
3371.0,3370.0,82.0,6.91,18.0,0.50449,0.19348,1.72,76.66,0.0,439.0,3.0,1.0,1.0,0.44222,0.36618,4.35238,0.0,1.0,1
3372.0,3371.0,43.0,131.1,11.0,0.35314,0.20465,52.01,3.57,0.0,637.0,1.0,0.0,1.0,1.91126,1.06859,1.5186,0.0,0.0,0
3373.0,3372.0,171.0,32.82,6.0,0.19489,0.08806,178.22,52.09,0.0,1418.0,2.0,1.0,0.0,1.18162,0.78007,3.97198,0.0,0.0,0
3374.0,3373.0,182.0,89.56,13.0,0.3464,0.14428,63.2,63.49,0.0,1976.0,4.0,0.0,0.0,0.99162,0.68895,4.16648,0.0,0.0,0
3375.0,3374.0,195.0,5.94,9.0,0.333,0.05023,254.66,14.51,2.0,1472.0,0.0,0.0,1.0,0.48661,0.3965,2.74178,0.0,0.0,0
3376.0,3375.0,213.0,47.88,18.0,0.01,0.02204,160.67,64.48,0.0,1047.0,2.0,1.0,0.0,1.17996,0.77931,4.1818,0.0,0.0,0
3377.0,3376.0,269.0,60.24,20.0,0.18773,0.22443,206.27,1.85,0.0,659.0,2.0,0.0,0.0,0.63332,0.49061,1.04741,0.0,0.0,0
3378.0,3377.0,306.0,242.71,9.0,0.4766,0.38473,302.04,17.09,1.0,716.0,3.0,0.0,0.0,2.02385,1.10653,2.89536,0.0,0.0,1
3379.0,3378.0,403.0,286.17,14.0,0.20842,0.18212,74.66,2.36,1.0,65.0,0.0,0.0,0.0,2.71258,1.31173,1.21287,0.0,0.0,0
3380.0,3379.0,272.0,30.74,14.0,0.29473,0.14613,35.83,42.28,0.0,922.0,0.0,0.0,0.0,0.64181,0.4958,3.76772,0.0,0.0,0
3381.0,3380.0,19.0,126.83,17.0,0.38646,0.34468,185.95,16.59,1.0,1732.0,2.0,0.0,0.0,1.16418,0.77204,2.8672,0.0,0.0,0
3382.0,3381.0,98.0,53.13,13.0,0.32348,0.13115,147.71,83.44,1.0,208.0,2.0,0.0,1.0,2.05465,1.11666,4.43609,0.0,0.0,0
3383.0,3382.0,48.0,78.22,14.0,0.12415,0.20243,85.9,4.88,0.0,2144.0,0.0,0.0,0.0,1.13083,0.75651,1.77189,0.0,0.0,0
3384.0,3383.0,6.0,3.57,14.0,0.4174,0.06572,99.02,20.93,3.0,421.0,0.0,0.0,0.0,0.24812,0.22164,3.08768,0.0,0.0,0
3385.0,3384.0,295.0,25.32,14.0,0.4129,0.04845,192.49,7.02,1.0,237.0,5.0,0.0,0.0,0.36702,0.31263,2.08191,0.0,0.0,0
3386.0,3385.0,39.0,27.35,10.0,0.04073,0.16261,777.73,3.15,0.0,63.0,2.0,0.0,0.0,0.34378,0.29549,1.42313,0.0,0.0,0
3387.0,3386.0,164.0,59.54,11.0,0.53149,0.57286,33.18,11.97,1.0,2001.0,4.0,0.0,1.0,0.30823,0.26868,2.56294,0.0,0.0,0
3388.0,3387.0,11.0,44.03,14.0,0.1554,0.2296,135.84,8.85,1.0,295.0,2.0,0.0,0.0,1.24532,0.80885,2.28699,0.0,0.0,0
3389.0,3388.0,44.0,39.07,22.0,0.08663,0.44523,0.78,19.78,0.0,237.0,5.0,1.0,1.0,0.58936,0.46333,3.03377,0.0,1.0,1
3390.0,3389.0,46.0,27.12,17.0,0.14663,0.08854,124.5,2.62,0.0,281.0,0.0,0.0,1.0,0.87638,0.62935,1.28706,0.0,0.0,0
3391.0,3390.0,110.0,49.39,5.0,0.22818,0.07989,173.64,2.7,0.0,1886.0,0.0,0.0,1.0,1.00858,0.69743,1.30759,1.0,0.0,0
3392.0,3391.0,93.0,128.4,15.0,0.22707,0.27491,393.48,9.94,0.0,1443.0,1.0,0.0,1.0,1.98661,1.09414,2.39213,0.0,0.0,0
3393.0,3392.0,118.0,120.13,13.0,0.23054,0.01769,232.46,3.56,1.0,73.0,3.0,0.0,1.0,1.4236,0.88525,1.51666,0.0,0.0,0
3394.0,3393.0,22.0,72.21,15.0,0.05023,0.01,612.62,13.69,0.0,1861.0,2.0,0.0,1.0,2.82518,1.34161,2.68747,0.0,0.0,0
3395.0,3394.0,123.0,45.72,13.0,0.01554,0.03683,74.03,53.55,0.0,414.0,1.0,0.0,1.0,0.80006,0.58782,3.99906,0.0,0.0,0
3396.0,3395.0,13.0,108.9,10.0,0.10327,0.30507,384.12,78.37,0.0,1331.0,3.0,0.0,1.0,1.51322,0.92157,4.37415,0.0,0.0,0
3397.0,3396.0,364.0,18.77,7.0,0.20044,0.07641,384.02,10.66,0.0,1357.0,0.0,0.0,1.0,1.28409,0.82597,2.45643,0.0,0.0,0
3398.0,3397.0,90.0,183.16,3.0,0.01495,0.3768,359.64,8.02,0.0,879.0,1.0,0.0,0.0,3.8845,1.58607,2.19963,1.0,0.0,0
3399.0,3398.0,336.0,57.42,11.0,0.20634,0.16618,525.15,6.73,1.0,1874.0,2.0,0.0,0.0,1.48707,0.91111,2.0455,0.0,0.0,0
3400.0,3399.0,57.0,74.27,12.0,0.53688,0.09666,318.81,16.44,0.0,1136.0,1.0,0.0,1.0,2.97162,1.37918,2.85853,0.0,0.0,0
3401.0,3400.0,47.0,8.34,21.0,0.15977,0.13864,42.36,37.96,1.0,1011.0,0.0,0.0,1.0,0.95243,0.66908,3.66254,0.0,0.0,0
3402.0,3401.0,306.0,89.45,11.0,0.24735,0.14817,158.82,52.87,0.0,716.0,0.0,0.0,0.0,0.74589,0.55726,3.98655,0.0,0.0,0
3403.0,3402.0,15.0,48.09,14.0,0.28341,0.41711,556.37,16.34,1.0,2047.0,0.0,0.0,1.0,0.47396,0.38795,2.85297,0.0,0.0,0
3404.0,3403.0,133.0,727.48,16.0,0.11178,0.07255,560.17,14.49,2.0,1183.0,2.0,0.0,1.0,13.69379,2.68743,2.74027,0.0,0.0,0
3405.0,3404.0,384.0,11.08,11.0,0.27834,0.10135,595.23,6.4,0.0,1549.0,2.0,0.0,1.0,0.40252,0.33827,2.00186,0.0,0.0,0
3406.0,3405.0,152.0,71.76,14.0,0.0406,0.07332,180.04,15.65,0.0,1937.0,0.0,0.0,1.0,1.56535,0.9421,2.81223,0.0,0.0,0
3407.0,3406.0,112.0,158.46,19.0,0.1642,0.01,176.87,8.41,0.0,1102.0,1.0,0.0,1.0,1.62564,0.96532,2.24177,0.0,0.0,0
3408.0,3407.0,231.0,178.65,20.0,0.4274,0.27935,4.88,747.15,1.0,1188.0,5.0,1.0,1.0,0.91761,0.65108,6.6176,0.0,1.0,1
3409.0,3408.0,395.0,140.72,17.0,0.25134,0.26913,348.22,33.38,0.0,1708.0,1.0,0.0,0.0,1.60258,0.9565,3.53738,0.0,0.0,0
3410.0,3409.0,102.0,42.69,8.0,0.17482,0.04509,76.25,7.5,0.0,471.0,1.0,0.0,1.0,1.20942,0.79273,2.14046,0.0,0.0,0
3411.0,3410.0,85.0,24.37,7.0,0.65718,0.06136,766.95,18.95,1.0,1815.0,5.0,0.0,1.0,1.0187,0.70245,2.99335,0.0,0.0,0
3412.0,3411.0,231.0,289.55,13.0,0.28119,0.11569,1.81,20.49,0.0,1188.0,2.0,0.0,1.0,1.48723,0.91117,3.0677,0.0,1.0,0
3413.0,3412.0,213.0,44.59,16.0,0.16874,0.27381,36.96,60.36,1.0,1047.0,1.0,0.0,0.0,1.09873,0.74133,4.11671,0.0,0.0,0
3414.0,3413.0,285.0,101.51,17.0,0.04232,0.1005,899.39,15.16,0.0,1446.0,1.0,0.0,1.0,1.32653,0.84438,2.78273,0.0,0.0,0
3415.0,3414.0,32.0,50.97,8.0,0.35226,0.1041,254.48,5.21,1.0,880.0,1.0,0.0,1.0,2.23983,1.17552,1.82565,0.0,0.0,0
3416.0,3415.0,225.0,60.71,11.0,0.43407,0.11688,120.44,14.89,2.0,1543.0,3.0,0.0,0.0,2.91041,1.36364,2.76546,0.0,0.0,0
3417.0,3416.0,216.0,50.48,13.0,0.10234,0.05888,471.07,52.98,1.0,1685.0,2.0,0.0,0.0,0.74514,0.55683,3.98854,0.0,0.0,0
3418.0,3417.0,150.0,235.41,13.0,0.32954,0.05502,136.64,31.57,2.0,467.0,5.0,0.0,1.0,4.01375,1.61218,3.48338,0.0,0.0,0
3419.0,3418.0,48.0,129.58,12.0,0.14107,0.46363,288.83,72.09,0.0,2144.0,4.0,1.0,1.0,1.87338,1.05549,4.29169,0.0,0.0,0
3420.0,3419.0,87.0,139.27,15.0,0.03932,0.04079,71.35,6.84,0.0,1015.0,1.0,0.0,1.0,1.21666,0.796,2.05972,0.0,0.0,0
3421.0,3420.0,272.0,44.24,16.0,0.27173,0.34883,52.49,238.6,1.0,922.0,0.0,1.0,0.0,0.92363,0.65421,5.47897,0.0,0.0,0
3422.0,3421.0,110.0,169.11,12.0,0.0565,0.13113,230.84,9.32,1.0,1886.0,1.0,0.0,0.0,3.45373,1.49374,2.33408,0.0,0.0,0
3423.0,3422.0,88.0,47.96,12.0,0.23992,0.118,44.29,22.09,1.0,982.0,8.0,1.0,1.0,0.46947,0.3849,3.1396,0.0,0.0,1
3424.0,3423.0,128.0,319.77,13.0,0.07569,0.16036,790.81,45.79,1.0,1019.0,3.0,0.0,1.0,5.25725,1.83374,3.84569,0.0,0.0,1
3425.0,3424.0,409.0,19.06,7.0,0.3388,0.07624,576.94,9.9,1.0,1009.0,4.0,0.0,1.0,0.47051,0.38561,2.38894,0.0,0.0,0
3426.0,3425.0,244.0,13.23,5.0,0.39134,0.40329,171.92,34.61,1.0,1923.0,2.0,0.0,0.0,0.34676,0.2977,3.57249,1.0,0.0,0
3427.0,3426.0,304.0,39.61,4.0,0.19682,0.05865,734.08,11.37,0.0,1312.0,2.0,0.0,1.0,0.77016,0.57107,2.51495,1.0,0.0,0
3428.0,3427.0,309.0,87.74,8.0,0.2431,0.06766,294.12,33.27,1.0,1963.0,1.0,0.0,0.0,3.56672,1.5188,3.53425,0.0,0.0,0
3429.0,3428.0,307.0,112.34,7.0,0.2603,0.27402,637.78,26.29,0.0,2026.0,2.0,0.0,0.0,1.33306,0.84718,3.30653,0.0,0.0,1
3430.0,3429.0,361.0,358.78,5.0,0.23211,0.09976,766.06,13.92,0.0,2032.0,2.0,0.0,0.0,2.60122,1.28127,2.70244,1.0,0.0,0
3431.0,3430.0,125.0,95.49,16.0,0.20805,0.10901,2.98,8.97,0.0,520.0,5.0,0.0,1.0,1.42619,0.88632,2.30001,0.0,1.0,0
3432.0,3431.0,254.0,36.25,13.0,0.19716,0.1855,37.97,27.86,0.0,336.0,2.0,0.0,1.0,0.57596,0.45487,3.3625,0.0,0.0,0
3433.0,3432.0,374.0,178.36,18.0,0.17978,0.09107,280.72,10.24,0.0,1533.0,0.0,0.0,1.0,3.39103,1.47956,2.41948,0.0,0.0,0
3434.0,3433.0,388.0,80.8,5.0,0.18983,0.0671,14.76,42.95,0.0,1720.0,1.0,0.0,0.0,1.10717,0.74535,3.78315,1.0,0.0,0
3435.0,3434.0,368.0,141.71,21.0,0.15213,0.07519,67.44,32.83,0.0,578.0,1.0,0.0,1.0,2.91158,1.36394,3.52128,0.0,0.0,0
3436.0,3435.0,10.0,41.8,13.0,0.21339,0.52992,165.88,11.15,1.0,1497.0,1.0,0.0,1.0,0.97051,0.67829,2.49738,0.0,0.0,0
3437.0,3436.0,148.0,10.87,18.0,0.08487,0.32283,702.6,49.15,0.0,1988.0,2.0,0.0,0.0,0.35231,0.30182,3.91498,0.0,0.0,0
3438.0,3437.0,406.0,172.4,9.0,0.72631,0.32155,131.14,31.89,0.0,2103.0,6.0,0.0,0.0,3.8767,1.58447,3.4932,0.0,0.0,0
3439.0,3438.0,384.0,47.4,9.0,0.15914,0.15427,559.55,115.78,0.0,1549.0,5.0,1.0,1.0,1.72212,1.00141,4.76028,0.0,0.0,0
3440.0,3439.0,79.0,44.24,6.0,0.16826,0.48497,49.45,12.9,1.0,818.0,2.0,0.0,1.0,1.23495,0.80422,2.63215,0.0,0.0,0
3441.0,3440.0,294.0,44.76,6.0,0.64508,0.1552,23.88,15.63,1.0,1821.0,1.0,0.0,1.0,0.60816,0.47509,2.81102,0.0,0.0,0
3442.0,3441.0,384.0,11.4,5.0,0.12962,0.24159,782.2,6.14,0.0,1549.0,4.0,0.0,1.0,0.41434,0.34666,1.96548,1.0,0.0,0
3443.0,3442.0,224.0,128.1,13.0,0.25195,0.07389,22.59,30.81,3.0,584.0,2.0,1.0,0.0,2.05865,1.11797,3.45991,0.0,0.0,1
3444.0,3443.0,29.0,132.59,10.0,0.34973,0.06677,1.67,39.27,0.0,498.0,2.0,0.0,0.0,2.7815,1.33012,3.69558,0.0,1.0,0
3445.0,3444.0,252.0,17.97,14.0,0.19202,0.16035,493.39,3.55,0.0,217.0,2.0,0.0,1.0,0.57003,0.4511,1.51572,0.0,0.0,0
3446.0,3445.0,176.0,76.99,17.0,0.30548,0.43434,117.57,3.38,0.0,1175.0,6.0,0.0,0.0,1.45424,0.89782,1.47812,0.0,0.0,0
3447.0,3446.0,136.0,236.96,7.0,0.32052,0.02237,384.24,30.33,1.0,1185.0,2.0,0.0,0.0,2.35744,1.21118,3.44471,0.0,0.0,1
3448.0,3447.0,372.0,18.91,17.0,0.33277,0.46765,699.02,40.22,1.0,1276.0,3.0,0.0,1.0,0.42491,0.35411,3.71899,0.0,0.0,0
3449.0,3448.0,322.0,125.77,12.0,0.16235,0.2279,274.71,2.12,1.0,1310.0,3.0,0.0,1.0,2.81574,1.33913,1.13899,0.0,0.0,0
3450.0,3449.0,370.0,15.96,14.0,0.02523,0.05004,280.07,12.68,0.0,49.0,2.0,0.0,0.0,0.64385,0.49704,2.61582,0.0,0.0,0
3451.0,3450.0,99.0,26.58,8.0,0.23094,0.08705,209.6,48.48,1.0,1555.0,1.0,0.0,1.0,0.77905,0.57608,3.90153,0.0,0.0,0
3452.0,3451.0,39.0,28.91,15.0,0.37614,0.01558,5.17,10.67,2.0,63.0,5.0,0.0,0.0,0.3633,0.30991,2.45739,0.0,1.0,1
3453.0,3452.0,376.0,102.74,13.0,0.31,0.11383,621.3,1.77,0.0,462.0,1.0,0.0,1.0,1.46001,0.90016,1.01855,0.0,0.0,0
3454.0,3453.0,245.0,193.2,7.0,0.05589,0.01,240.23,10.49,0.0,1444.0,1.0,0.0,1.0,1.56467,0.94183,2.44137,0.0,0.0,0
3455.0,3454.0,23.0,102.95,14.0,0.10082,0.02786,3.8,8.51,0.0,2053.0,0.0,0.0,1.0,1.0597,0.72256,2.25264,0.0,1.0,0
3456.0,3455.0,327.0,51.64,19.0,0.0288,0.03939,512.66,12.26,0.0,2045.0,1.0,0.0,1.0,0.94274,0.6641,2.58492,0.0,0.0,0
3457.0,3456.0,191.0,7.5,10.0,0.57574,0.2073,409.35,6.3,2.0,1719.0,1.0,0.0,0.0,0.28667,0.25205,1.98847,0.0,0.0,0
3458.0,3457.0,198.0,41.42,12.0,0.17482,0.36607,664.04,90.64,0.0,843.0,2.0,1.0,0.0,1.04447,0.71514,4.51789,0.0,0.0,0
3459.0,3458.0,103.0,18.22,11.0,0.22029,0.09653,405.67,15.08,0.0,1513.0,2.0,0.0,0.0,0.34919,0.2995,2.77745,0.0,0.0,0
3460.0,3459.0,320.0,133.81,10.0,0.1078,0.1288,55.57,5.24,0.0,1666.0,1.0,0.0,0.0,2.6818,1.3034,1.83102,0.0,0.0,1
3461.0,3460.0,256.0,78.72,12.0,0.23751,0.13544,355.5,87.54,2.0,1545.0,3.0,1.0,1.0,0.70548,0.53385,4.4835,0.0,0.0,0
3462.0,3461.0,220.0,62.71,19.0,0.18764,0.35039,188.01,13.57,1.0,929.0,1.0,0.0,1.0,2.06777,1.12095,2.67887,0.0,0.0,0
3463.0,3462.0,156.0,80.96,14.0,0.30775,0.08645,158.02,112.85,0.0,1986.0,3.0,0.0,1.0,1.49205,0.91311,4.73489,0.0,0.0,0
3464.0,3463.0,92.0,80.38,8.0,0.32402,0.03881,532.73,2.32,0.0,83.0,5.0,0.0,0.0,2.49634,1.25172,1.20026,0.0,0.0,0
3465.0,3464.0,117.0,21.79,15.0,0.2663,0.07435,244.99,6.08,0.0,987.0,3.0,0.0,0.0,0.64417,0.49723,1.95767,0.0,0.0,0
3466.0,3465.0,234.0,66.65,6.0,0.41599,0.08709,0.48,1.34,0.0,1886.0,2.0,0.0,0.0,0.75081,0.56008,0.84839,0.0,1.0,0
3467.0,3466.0,16.0,32.43,14.0,0.17473,0.07421,210.27,25.9,0.0,1013.0,4.0,0.0,1.0,0.62758,0.48709,3.29224,0.0,0.0,0
3468.0,3467.0,269.0,82.43,17.0,0.28597,0.23488,433.54,964.4,0.0,659.0,5.0,1.0,1.0,0.86667,0.62415,6.87255,0.0,0.0,0
3469.0,3468.0,149.0,132.84,18.0,0.23449,0.29655,9.77,30.84,0.0,651.0,1.0,0.0,0.0,2.05902,1.11809,3.46079,0.0,0.0,0
3470.0,3469.0,203.0,376.9,21.0,0.15559,0.55848,289.03,8.85,0.0,1953.0,2.0,0.0,1.0,6.11222,1.96181,2.28752,0.0,0.0,0
3471.0,3470.0,241.0,175.27,4.0,0.21704,0.21253,227.48,28.25,0.0,424.0,0.0,0.0,0.0,2.6346,1.2905,3.37578,1.0,0.0,0
3472.0,3471.0,212.0,57.29,12.0,0.06114,0.21954,64.61,10.08,1.0,1636.0,0.0,0.0,1.0,1.81795,1.03601,2.40497,0.0,0.0,0
3473.0,3472.0,42.0,18.74,15.0,0.40667,0.18075,476.7,5.84,1.0,1866.0,3.0,0.0,1.0,1.14524,0.76325,1.9222,0.0,0.0,0
3474.0,3473.0,184.0,84.74,17.0,0.2421,0.16546,404.02,816.99,0.0,1630.0,3.0,1.0,1.0,0.35918,0.30688,6.70685,0.0,0.0,0
3475.0,3474.0,378.0,88.68,7.0,0.04113,0.02232,420.67,12.49,1.0,844.0,1.0,0.0,0.0,1.57146,0.94447,2.60228,0.0,0.0,0
3476.0,3475.0,266.0,306.34,17.0,0.01,0.06423,404.18,9.31,1.0,1157.0,1.0,0.0,0.0,2.04188,1.11247,2.33351,0.0,0.0,0
3477.0,3476.0,144.0,42.59,20.0,0.0433,0.04935,260.94,8.66,0.0,153.0,2.0,0.0,1.0,0.57226,0.45251,2.26805,0.0,0.0,0
3478.0,3477.0,34.0,160.06,7.0,0.49553,0.19123,339.7,16.71,0.0,400.0,4.0,0.0,1.0,1.90543,1.06658,2.87406,0.0,0.0,1
3479.0,3478.0,283.0,64.88,17.0,0.11125,0.10595,29.28,14.8,0.0,69.0,1.0,0.0,1.0,1.44258,0.89306,2.76019,0.0,0.0,0
3480.0,3479.0,397.0,18.01,3.0,0.1752,0.08881,119.01,14.53,0.0,1899.0,2.0,0.0,1.0,0.69995,0.5306,2.74291,1.0,0.0,0
3481.0,3480.0,275.0,71.53,6.0,0.33619,0.55924,224.93,34.09,1.0,327.0,4.0,0.0,1.0,1.37769,0.86613,3.55792,0.0,0.0,0
3482.0,3481.0,330.0,149.61,12.0,0.11826,0.19588,0.79,15.5,0.0,1086.0,2.0,0.0,1.0,1.37773,0.86615,2.80366,0.0,1.0,0
3483.0,3482.0,277.0,15.36,19.0,0.19153,0.18341,488.87,58.17,1.0,198.0,3.0,1.0,1.0,0.39162,0.33047,4.08038,0.0,0.0,0
3484.0,3483.0,260.0,12.73,12.0,0.14199,0.01664,297.55,32.12,0.0,417.0,1.0,0.0,1.0,0.39968,0.33624,3.50015,0.0,0.0,0
3485.0,3484.0,30.0,64.95,14.0,0.1707,0.06769,7.55,188.12,0.0,945.0,3.0,0.0,0.0,1.83093,1.0406,5.24237,0.0,0.0,0
3486.0,3485.0,410.0,265.2,11.0,0.35507,0.02998,321.32,71.06,2.0,2004.0,2.0,0.0,1.0,2.28569,1.18958,4.27746,0.0,0.0,0
3487.0,3486.0,143.0,52.8,5.0,0.22722,0.08218,198.87,6.06,0.0,1689.0,3.0,0.0,1.0,1.62345,0.96449,1.95513,1.0,0.0,0
3488.0,3487.0,71.0,121.52,6.0,0.07503,0.45156,82.47,2206.55,1.0,810.0,3.0,1.0,1.0,2.56317,1.27065,7.69964,0.0,0.0,1
3489.0,3488.0,193.0,2.41,19.0,0.15379,0.28557,129.88,24.32,1.0,137.0,3.0,0.0,1.0,0.30104,0.26316,3.23159,0.0,0.0,0
3490.0,3489.0,135.0,26.11,21.0,0.21677,0.05517,25.48,3.68,1.0,1091.0,1.0,0.0,1.0,0.68074,0.51924,1.54319,0.0,0.0,0
3491.0,3490.0,74.0,129.59,16.0,0.45881,0.05978,175.77,351.66,1.0,1555.0,5.0,1.0,0.0,2.18578,1.1587,5.86551,0.0,0.0,0
3492.0,3491.0,153.0,55.7,3.0,0.11402,0.15407,140.85,11.12,0.0,2084.0,1.0,0.0,0.0,1.65246,0.97549,2.49447,1.0,0.0,0
3493.0,3492.0,395.0,80.7,12.0,0.09973,0.21659,193.48,34.85,1.0,1708.0,1.0,0.0,1.0,0.91905,0.65183,3.57924,0.0,0.0,0
3494.0,3493.0,12.0,47.59,13.0,0.20912,0.0662,689.18,25.47,0.0,1896.0,1.0,0.0,0.0,0.82275,0.60034,3.27597,0.0,0.0,0
3495.0,3494.0,92.0,126.74,9.0,0.3304,0.19356,701.08,8.4,0.0,83.0,3.0,0.0,1.0,3.93597,1.59655,2.24055,0.0,0.0,1
3496.0,3495.0,38.0,62.15,16.0,0.2377,0.17322,997.98,4.65,1.0,311.0,2.0,0.0,0.0,1.57043,0.94407,1.7319,0.0,0.0,0
3497.0,3496.0,202.0,128.13,8.0,0.08053,0.18485,117.15,10.83,0.0,1329.0,1.0,0.0,1.0,1.52407,0.92587,2.4704,0.0,0.0,0
3498.0,3497.0,85.0,136.97,14.0,0.27808,0.0231,693.52,154.45,0.0,1815.0,4.0,0.0,0.0,5.72497,1.90583,5.04632,0.0,0.0,0
3499.0,3498.0,330.0,192.84,16.0,0.38299,0.05018,704.38,61.35,1.0,1086.0,2.0,0.0,1.0,1.77583,1.02095,4.13284,0.0,0.0,0
3500.0,3499.0,92.0,30.56,17.0,0.1127,0.13193,173.13,8.47,0.0,83.0,1.0,0.0,0.0,0.94894,0.66728,2.24779,0.0,0.0,0
3501.0,3500.0,57.0,12.45,10.0,0.01478,0.03762,122.43,2.14,0.0,1136.0,0.0,0.0,1.0,0.49817,0.40424,1.14393,0.0,0.0,0
3502.0,3501.0,104.0,148.33,9.0,0.28212,0.08192,8.75,126.33,0.0,1277.0,2.0,0.0,0.0,1.86206,1.05154,4.84679,0.0,0.0,0
3503.0,3502.0,399.0,37.72,18.0,0.18668,0.0509,567.08,143.28,1.0,326.0,2.0,1.0,1.0,1.03128,0.70867,4.97178,0.0,0.0,0
3504.0,3503.0,223.0,68.71,6.0,0.18191,0.06796,151.89,118.07,0.0,28.0,4.0,1.0,1.0,1.72489,1.00243,4.7797,0.0,0.0,0
3505.0,3504.0,391.0,106.06,18.0,0.10834,0.01,90.98,21.11,0.0,234.0,2.0,0.0,1.0,1.60983,0.95929,3.09626,0.0,0.0,0
3506.0,3505.0,339.0,158.44,14.0,0.21135,0.40378,612.29,37.83,0.0,1709.0,2.0,0.0,1.0,4.51798,1.70801,3.65909,0.0,0.0,0
3507.0,3506.0,210.0,83.27,15.0,0.10224,0.26964,724.13,12.31,1.0,471.0,2.0,0.0,1.0,1.3288,0.84535,2.58819,0.0,0.0,0
3508.0,3507.0,262.0,323.83,11.0,0.52908,0.1472,28.24,39.52,1.0,681.0,4.0,1.0,1.0,1.20902,0.79255,3.70186,0.0,0.0,1
3509.0,3508.0,224.0,297.09,15.0,0.10295,0.15286,23.35,2546.77,3.0,584.0,5.0,1.0,1.0,4.77446,1.75345,7.84297,0.0,0.0,1
3510.0,3509.0,62.0,19.26,18.0,0.0938,0.08749,195.8,4.58,0.0,424.0,2.0,0.0,1.0,0.57654,0.45523,1.71899,0.0,0.0,0
3511.0,3510.0,3.0,101.53,3.0,0.10365,0.17595,803.69,5.1,0.0,817.0,3.0,0.0,1.0,1.8347,1.04193,1.8082,1.0,0.0,0
3512.0,3511.0,343.0,66.47,12.0,0.04132,0.32048,449.42,14.17,0.0,838.0,0.0,0.0,1.0,1.54389,0.93369,2.71921,0.0,0.0,0
3513.0,3512.0,348.0,44.62,19.0,0.39082,0.04414,305.95,6.73,3.0,1225.0,1.0,0.0,0.0,0.39993,0.33642,2.04506,0.0,0.0,0
3514.0,3513.0,251.0,35.22,17.0,0.20021,0.06216,5.46,5.14,0.0,1493.0,2.0,0.0,0.0,0.59785,0.46866,1.81496,0.0,1.0,1
3515.0,3514.0,113.0,107.02,8.0,0.40943,0.2456,2.9,15.17,2.0,1906.0,3.0,0.0,0.0,1.10834,0.7459,2.78312,0.0,1.0,1
3516.0,3515.0,225.0,17.31,4.0,0.22261,0.06276,204.9,25.38,1.0,1543.0,3.0,0.0,0.0,0.83003,0.60433,3.27252,1.0,0.0,0
3517.0,3516.0,262.0,272.02,14.0,0.2777,0.01368,17.28,27.34,0.0,681.0,2.0,0.0,1.0,1.01557,0.7009,3.34418,0.0,0.0,0
3518.0,3517.0,242.0,50.36,18.0,0.47161,0.17097,301.88,36.9,0.0,311.0,5.0,0.0,1.0,1.40727,0.87849,3.63504,0.0,0.0,0
3519.0,3518.0,25.0,38.55,7.0,0.49956,0.10457,243.8,3.07,0.0,461.0,2.0,0.0,1.0,0.56495,0.44785,1.40436,0.0,0.0,0
3520.0,3519.0,273.0,195.24,15.0,0.31671,0.09836,67.36,1.22,1.0,601.0,2.0,0.0,1.0,1.20492,0.79069,0.79897,0.0,0.0,1
3521.0,3520.0,407.0,37.39,17.0,0.30032,0.19727,263.73,7.38,1.0,835.0,3.0,0.0,0.0,0.84069,0.61014,2.12592,0.0,0.0,0
3522.0,3521.0,372.0,20.14,9.0,0.14819,0.09693,566.4,11.97,0.0,1276.0,3.0,0.0,1.0,0.4527,0.37342,2.56287,0.0,0.0,0
3523.0,3522.0,330.0,53.01,9.0,0.21705,0.40827,494.7,7.6,0.0,1086.0,4.0,0.0,1.0,0.48816,0.39754,2.15123,0.0,0.0,0
3524.0,3523.0,142.0,82.09,18.0,0.21368,0.02972,560.95,12.4,0.0,1675.0,1.0,0.0,1.0,0.55631,0.44232,2.59546,0.0,0.0,0
3525.0,3524.0,195.0,14.23,12.0,0.13669,0.04524,157.92,57.81,1.0,1472.0,3.0,0.0,1.0,1.16533,0.77257,4.0743,0.0,0.0,0
3526.0,3525.0,415.0,23.1,8.0,0.10344,0.23653,6.65,17.66,0.0,1982.0,1.0,0.0,1.0,0.60797,0.47497,2.92654,0.0,1.0,0
3527.0,3526.0,112.0,51.05,18.0,0.20117,0.10201,261.89,21.28,1.0,1102.0,3.0,0.0,1.0,0.52374,0.42117,3.10381,0.0,0.0,0
3528.0,3527.0,393.0,13.6,8.0,0.05193,0.13675,245.11,17.41,0.0,908.0,2.0,0.0,1.0,0.79746,0.58637,2.91297,0.0,0.0,0
3529.0,3528.0,190.0,12.89,4.0,0.07286,0.16561,405.84,12.09,1.0,401.0,1.0,0.0,1.0,0.36032,0.30772,2.57164,1.0,0.0,0
3530.0,3529.0,122.0,32.52,6.0,0.30858,0.35529,400.93,14.22,1.0,1135.0,3.0,0.0,1.0,2.2042,1.16446,2.72252,0.0,0.0,0
3531.0,3530.0,141.0,59.35,18.0,0.19918,0.03841,214.37,10.4,1.0,1788.0,1.0,0.0,1.0,1.17975,0.77921,2.4339,0.0,0.0,0
3532.0,3531.0,240.0,532.37,6.0,0.38954,0.01,936.32,6.87,1.0,1434.0,2.0,0.0,1.0,9.27827,2.33003,2.06297,0.0,0.0,0
3533.0,3532.0,264.0,9.73,6.0,0.02409,0.27091,4.04,11.94,0.0,1841.0,0.0,0.0,1.0,0.45933,0.37798,2.56068,0.0,1.0,0
3534.0,3533.0,114.0,105.91,2.0,0.07227,0.42387,194.77,15.03,1.0,1334.0,2.0,0.0,1.0,2.21255,1.16707,2.77427,1.0,0.0,0
3535.0,3534.0,162.0,65.24,11.0,0.77153,0.12509,708.49,29.96,1.0,1631.0,7.0,1.0,0.0,2.37812,1.21732,3.43257,0.0,0.0,1
3536.0,3535.0,337.0,43.1,16.0,0.19703,0.17954,433.53,9.58,0.0,1228.0,1.0,0.0,1.0,1.09367,0.73892,2.35876,0.0,0.0,0
3537.0,3536.0,93.0,38.04,13.0,0.14518,0.02258,127.27,26.99,0.0,1443.0,2.0,0.0,1.0,0.58854,0.46282,3.33196,0.0,0.0,0
3538.0,3537.0,142.0,229.85,11.0,0.20173,0.07285,737.22,9.44,0.0,1675.0,1.0,0.0,1.0,1.55772,0.93912,2.34582,0.0,0.0,0
3539.0,3538.0,303.0,60.23,18.0,0.10123,0.50283,769.34,23.62,0.0,306.0,1.0,0.0,0.0,1.61244,0.96028,3.20347,0.0,0.0,0
3540.0,3539.0,392.0,95.47,17.0,0.15107,0.1376,543.87,9.81,1.0,1316.0,0.0,0.0,1.0,1.42,0.88377,2.38085,0.0,0.0,0
3541.0,3540.0,177.0,55.25,11.0,0.10301,0.07854,1.07,104.95,0.0,781.0,2.0,1.0,0.0,0.83549,0.60731,4.66294,0.0,1.0,1
3542.0,3541.0,254.0,46.66,16.0,0.42766,0.23718,35.98,20.94,0.0,336.0,2.0,0.0,0.0,0.74131,0.55464,3.0882,0.0,0.0,0
3543.0,3542.0,9.0,132.86,14.0,0.56858,0.19332,502.88,21.22,1.0,1484.0,3.0,0.0,1.0,0.92225,0.6535,3.10099,0.0,0.0,0
3544.0,3543.0,303.0,41.25,11.0,0.51594,0.36048,503.81,10.32,0.0,306.0,3.0,0.0,0.0,1.10436,0.74401,2.42697,0.0,0.0,1
3545.0,3544.0,386.0,56.22,16.0,0.05732,0.42853,579.27,11.99,2.0,1740.0,1.0,0.0,0.0,2.18231,1.15761,2.56385,0.0,0.0,1
3546.0,3545.0,70.0,42.07,18.0,0.45563,0.02117,397.9,13.15,1.0,2097.0,6.0,0.0,0.0,1.29652,0.83139,2.64993,0.0,0.0,0
3547.0,3546.0,35.0,46.43,18.0,0.11253,0.20714,251.15,7.14,0.0,224.0,1.0,0.0,1.0,0.99062,0.68845,2.0967,0.0,0.0,0
3548.0,3547.0,295.0,39.18,15.0,0.01165,0.14054,149.57,33.04,0.0,237.0,2.0,0.0,1.0,0.56795,0.44977,3.52745,0.0,0.0,0
3549.0,3548.0,342.0,3.29,19.0,0.13097,0.02204,292.72,2.65,0.0,453.0,1.0,0.0,0.0,0.1173,0.11091,1.29508,0.0,0.0,0
3550.0,3549.0,271.0,155.0,17.0,0.0454,0.3408,208.0,78.07,0.0,1626.0,1.0,1.0,1.0,1.24075,0.80681,4.37034,0.0,0.0,0
3551.0,3550.0,293.0,33.92,14.0,0.18874,0.10863,693.83,246.13,0.0,1213.0,3.0,1.0,0.0,1.19244,0.78502,5.50993,0.0,0.0,0
3552.0,3551.0,174.0,122.78,6.0,0.16372,0.07062,459.54,9.46,1.0,1212.0,2.0,0.0,0.0,1.84869,1.04686,2.3478,0.0,0.0,0
3553.0,3552.0,392.0,132.1,5.0,0.12363,0.02879,913.63,8.28,1.0,1316.0,3.0,0.0,1.0,1.96468,1.08677,2.22822,1.0,0.0,0
3554.0,3553.0,99.0,30.05,8.0,0.09819,0.10036,186.21,4.3,0.0,1555.0,2.0,0.0,0.0,0.88093,0.63177,1.66736,0.0,0.0,0
3555.0,3554.0,229.0,193.2,11.0,0.11367,0.34506,386.19,21.93,0.0,1763.0,1.0,0.0,1.0,2.54878,1.2666,3.13254,0.0,0.0,1
3556.0,3555.0,372.0,85.13,14.0,0.31939,0.03901,154.83,6.78,0.0,1276.0,3.0,0.0,0.0,1.91327,1.06927,2.05131,0.0,0.0,0
3557.0,3556.0,399.0,231.2,18.0,0.13189,0.59852,720.4,27.51,2.0,326.0,5.0,0.0,0.0,6.32108,1.99076,3.35008,0.0,0.0,1
3558.0,3557.0,69.0,58.31,13.0,0.27171,0.13394,696.78,6.22,0.0,1782.0,1.0,0.0,1.0,1.42156,0.88441,1.97635,0.0,0.0,0
3559.0,3558.0,9.0,184.83,11.0,0.22528,0.04709,480.87,312.47,1.0,1484.0,1.0,1.0,1.0,1.28305,0.82551,5.74771,0.0,0.0,0
3560.0,3559.0,145.0,40.04,12.0,0.27508,0.1355,619.52,4.26,0.0,1658.0,3.0,0.0,0.0,0.99489,0.69059,1.65981,0.0,0.0,0
3561.0,3560.0,244.0,16.92,19.0,0.57004,0.27347,184.73,38.57,0.0,1923.0,3.0,0.0,1.0,0.44369,0.3672,3.67799,0.0,0.0,0
3562.0,3561.0,368.0,62.35,14.0,0.61121,0.235,240.07,43.71,1.0,578.0,3.0,0.0,1.0,1.28111,0.82466,3.80025,0.0,0.0,0
3563.0,3562.0,230.0,42.69,4.0,0.34687,0.23491,446.45,18.14,0.0,1266.0,5.0,0.0,1.0,0.52668,0.4231,2.95176,1.0,0.0,0
3564.0,3563.0,231.0,486.75,4.0,0.43162,0.2639,3.29,81.58,1.0,1188.0,2.0,0.0,0.0,2.50011,1.25279,4.41381,1.0,1.0,1
3565.0,3564.0,251.0,80.2,19.0,0.129,0.0511,287.14,10.19,0.0,1493.0,3.0,0.0,0.0,1.36124,0.85919,2.41537,0.0,0.0,0
3566.0,3565.0,204.0,47.77,14.0,0.60646,0.46137,154.76,15.01,3.0,2066.0,1.0,0.0,0.0,0.85421,0.61746,2.77342,0.0,0.0,0
3567.0,3566.0,377.0,89.87,12.0,0.19235,0.12991,649.14,10.39,0.0,616.0,0.0,0.0,0.0,0.93052,0.65779,2.43306,0.0,0.0,0
3568.0,3567.0,243.0,78.7,19.0,0.51583,0.133,122.27,11.7,0.0,1841.0,2.0,0.0,0.0,1.09655,0.7403,2.54187,0.0,0.0,0
3569.0,3568.0,55.0,66.15,18.0,0.30084,0.20761,716.85,23.14,0.0,1157.0,4.0,0.0,1.0,0.8733,0.6277,3.18367,0.0,0.0,0
3570.0,3569.0,22.0,135.96,10.0,0.2615,0.19572,616.64,1.88,0.0,1861.0,1.0,0.0,1.0,5.31945,1.84363,1.05756,0.0,0.0,0
3571.0,3570.0,131.0,20.32,13.0,0.63684,0.08064,49.97,146.94,1.0,335.0,6.0,0.0,1.0,0.30542,0.26653,4.99681,0.0,0.0,0
3572.0,3571.0,112.0,93.82,11.0,0.27429,0.27274,98.6,19.71,1.0,1102.0,0.0,0.0,0.0,0.96247,0.6742,3.03055,0.0,0.0,0
3573.0,3572.0,350.0,709.6,18.0,0.09625,0.10905,289.85,75.3,0.0,1123.0,5.0,0.0,0.0,4.60821,1.72423,4.33473,0.0,0.0,0
3574.0,3573.0,303.0,16.53,20.0,0.25899,0.14426,267.66,38.09,1.0,306.0,3.0,0.0,0.0,0.44246,0.36635,3.66577,0.0,0.0,1
3575.0,3574.0,324.0,70.76,11.0,0.25527,0.16602,104.66,1.3,0.0,1098.0,3.0,0.0,1.0,1.87753,1.05693,0.83433,0.0,0.0,0
3576.0,3575.0,182.0,84.34,12.0,0.49921,0.09413,338.89,7.19,0.0,1976.0,2.0,0.0,1.0,0.93387,0.65952,2.10282,0.0,0.0,0
3577.0,3576.0,123.0,141.36,1.0,0.54114,0.02958,180.02,1474.84,1.0,414.0,2.0,1.0,0.0,2.47364,1.2452,7.29698,1.0,0.0,1
3578.0,3577.0,70.0,11.82,9.0,0.03904,0.30195,132.41,6.32,0.0,2097.0,1.0,0.0,1.0,0.36426,0.31061,1.99069,0.0,0.0,0
3579.0,3578.0,295.0,85.77,8.0,0.1476,0.16542,280.7,3.23,1.0,237.0,3.0,0.0,1.0,1.24322,0.80791,1.44145,0.0,0.0,0
3580.0,3579.0,227.0,353.09,7.0,0.07659,0.29638,635.56,21.41,0.0,640.0,1.0,1.0,1.0,2.55902,1.26949,3.10966,0.0,0.0,0
3581.0,3580.0,347.0,1078.35,6.0,0.15618,0.06244,2.54,7.32,1.0,1085.0,1.0,0.0,0.0,4.4551,1.69655,2.11845,0.0,1.0,0
3582.0,3581.0,67.0,79.19,1.0,0.12818,0.20838,1.46,47.29,2.0,1146.0,0.0,0.0,1.0,5.9076,1.93262,3.87721,1.0,1.0,1
3583.0,3582.0,128.0,19.42,7.0,0.40973,0.057,623.47,20.82,0.0,1019.0,3.0,0.0,0.0,0.31935,0.27714,3.08277,0.0,0.0,0
3584.0,3583.0,277.0,48.22,3.0,0.59001,0.0591,173.9,15.48,1.0,198.0,6.0,0.0,1.0,1.22945,0.80176,2.80228,1.0,0.0,1
3585.0,3584.0,381.0,87.33,4.0,0.2397,0.25246,577.73,11.64,2.0,15.0,2.0,0.0,1.0,1.05141,0.71853,2.53664,1.0,0.0,0
3586.0,3585.0,41.0,41.27,2.0,0.13271,0.19661,430.91,2.9,0.0,1555.0,2.0,0.0,1.0,0.84363,0.61174,1.36048,1.0,0.0,0
3587.0,3586.0,396.0,17.76,16.0,0.03153,0.16937,67.98,15.88,0.0,1942.0,2.0,0.0,0.0,0.56591,0.44847,2.82618,0.0,0.0,0
3588.0,3587.0,161.0,86.15,6.0,0.11195,0.13452,261.43,14.35,1.0,1806.0,3.0,0.0,1.0,1.92889,1.07462,2.73126,0.0,0.0,0
3589.0,3588.0,20.0,50.4,18.0,0.01263,0.25173,121.27,88.55,0.0,50.0,4.0,1.0,1.0,0.29823,0.261,4.49483,0.0,0.0,0
3590.0,3589.0,331.0,58.35,13.0,0.18649,0.04577,4.5,192.73,0.0,212.0,2.0,1.0,1.0,1.18774,0.78287,5.26647,0.0,1.0,0
3591.0,3590.0,250.0,131.0,7.0,0.39231,0.46973,92.64,716.24,0.0,1017.0,2.0,1.0,0.0,2.36721,1.21409,6.57541,0.0,0.0,1
3592.0,3591.0,110.0,660.87,21.0,0.2307,0.08044,224.91,11.18,1.0,1886.0,5.0,0.0,1.0,13.49667,2.67392,2.49954,0.0,0.0,0
3593.0,3592.0,157.0,89.63,5.0,0.32529,0.35843,338.98,390.75,1.0,1321.0,4.0,1.0,0.0,1.01786,0.70204,5.97061,1.0,0.0,1
3594.0,3593.0,343.0,31.28,10.0,0.19543,0.09466,186.64,29.9,0.0,838.0,4.0,0.0,1.0,0.72638,0.54603,3.4307,0.0,0.0,0
3595.0,3594.0,277.0,5.15,12.0,0.04597,0.15451,346.16,3.33,0.0,198.0,1.0,0.0,0.0,0.13143,0.12348,1.46486,0.0,0.0,0
3596.0,3595.0,182.0,1186.92,16.0,0.31968,0.04159,195.29,20.63,0.0,1976.0,2.0,0.0,0.0,13.14221,2.64916,3.07394,0.0,0.0,0
3597.0,3596.0,89.0,29.55,13.0,0.26216,0.26449,184.3,27.06,0.0,1378.0,0.0,1.0,0.0,0.39368,0.33195,3.33451,0.0,0.0,0
3598.0,3597.0,254.0,37.61,11.0,0.37175,0.30448,37.92,24.5,1.0,336.0,3.0,0.0,1.0,0.59762,0.46851,3.23886,0.0,0.0,0
3599.0,3598.0,309.0,17.21,15.0,0.18255,0.10169,868.75,8.15,0.0,1963.0,4.0,0.0,1.0,0.69946,0.53031,2.21411,0.0,0.0,0
3600.0,3599.0,53.0,60.81,4.0,0.21641,0.11037,542.02,15.99,0.0,2169.0,1.0,0.0,1.0,0.61628,0.48013,2.83256,1.0,0.0,0
3601.0,3600.0,177.0,128.95,17.0,0.56578,0.0683,147.98,7.55,0.0,781.0,4.0,0.0,1.0,1.94988,1.08176,2.14589,0.0,0.0,0
3602.0,3601.0,323.0,20.9,5.0,0.21627,0.26551,69.65,10.17,1.0,1520.0,1.0,0.0,1.0,0.50627,0.40963,2.41342,1.0,0.0,0
3603.0,3602.0,82.0,50.82,7.0,0.07842,0.15279,219.27,349.91,0.0,439.0,4.0,1.0,1.0,3.25136,1.44724,5.86053,0.0,0.0,0
3604.0,3603.0,93.0,466.15,9.0,0.11752,0.09333,233.15,6.59,1.0,1443.0,0.0,0.0,1.0,7.21237,2.10564,2.02668,0.0,0.0,0
3605.0,3604.0,63.0,64.93,17.0,0.12006,0.08943,115.81,23.01,0.0,636.0,1.0,0.0,0.0,0.57373,0.45345,3.17856,0.0,0.0,0
3606.0,3605.0,174.0,134.81,11.0,0.45972,0.2534,288.26,29.33,0.0,1212.0,1.0,0.0,1.0,2.0297,1.10846,3.41226,0.0,0.0,0
3607.0,3606.0,41.0,24.95,9.0,0.09047,0.02496,380.15,4.78,1.0,1555.0,0.0,0.0,0.0,0.51014,0.4122,1.75449,0.0,0.0,0
3608.0,3607.0,264.0,6.02,0.0,0.17302,0.01519,193.47,57.56,0.0,1841.0,2.0,1.0,1.0,0.2843,0.25022,4.07009,1.0,0.0,0
3609.0,3608.0,375.0,111.87,15.0,0.14922,0.2518,406.01,41.59,0.0,338.0,2.0,0.0,1.0,0.81591,0.59659,3.75156,0.0,0.0,0
3610.0,3609.0,195.0,28.07,15.0,0.05629,0.17182,80.93,14.52,0.0,1472.0,2.0,0.0,0.0,2.29856,1.19349,2.74207,0.0,0.0,0
3611.0,3610.0,4.0,44.58,13.0,0.25543,0.38374,2.73,23.37,1.0,1142.0,1.0,0.0,1.0,0.76008,0.56536,3.19316,0.0,1.0,0
3612.0,3611.0,295.0,42.64,7.0,0.07442,0.05303,674.81,47.82,0.0,237.0,3.0,0.0,0.0,0.61811,0.48126,3.88823,0.0,0.0,0
3613.0,3612.0,80.0,14.98,18.0,0.33233,0.18718,1.74,31.98,1.0,301.0,4.0,0.0,1.0,0.46825,0.38407,3.49578,0.0,1.0,0
3614.0,3613.0,364.0,43.28,13.0,0.62278,0.18092,307.63,7.07,0.0,1357.0,3.0,0.0,0.0,2.96053,1.37638,2.08869,0.0,0.0,1
3615.0,3614.0,240.0,30.53,13.0,0.21188,0.13852,183.54,28.21,1.0,1434.0,2.0,0.0,0.0,0.53202,0.42659,3.37467,0.0,0.0,0
3616.0,3615.0,211.0,55.08,11.0,0.26336,0.28157,58.53,8.48,1.0,883.0,2.0,0.0,0.0,0.39169,0.33052,2.249,0.0,0.0,0
3617.0,3616.0,141.0,15.36,16.0,0.18461,0.14682,326.28,60.6,1.0,1788.0,2.0,0.0,1.0,0.30542,0.26653,4.12062,0.0,0.0,0
3618.0,3617.0,315.0,25.42,11.0,0.08333,0.08867,338.58,26.39,1.0,1127.0,2.0,0.0,1.0,0.99009,0.68818,3.31021,0.0,0.0,0
3619.0,3618.0,384.0,32.37,15.0,0.17452,0.54535,4.75,9.17,0.0,1549.0,1.0,0.0,1.0,1.17624,0.7776,2.31941,0.0,1.0,1
3620.0,3619.0,1.0,60.47,10.0,0.37433,0.23203,36.53,17.76,2.0,1129.0,3.0,0.0,1.0,0.93737,0.66133,2.93172,0.0,0.0,0
3621.0,3620.0,12.0,98.56,9.0,0.21139,0.24176,372.69,28.2,0.0,1896.0,1.0,0.0,0.0,1.70398,0.99473,3.37401,0.0,0.0,0
3622.0,3621.0,410.0,76.39,2.0,0.28126,0.09954,552.34,16.22,1.0,2004.0,2.0,0.0,0.0,0.6584,0.50586,2.84623,1.0,0.0,0
3623.0,3622.0,19.0,130.0,15.0,0.21197,0.14843,224.73,45.73,1.0,1732.0,1.0,0.0,0.0,1.19329,0.7854,3.84434,0.0,0.0,1
3624.0,3623.0,273.0,1487.49,7.0,0.33441,0.32589,324.71,119.77,0.0,601.0,6.0,0.0,0.0,9.17996,2.32042,4.79387,0.0,0.0,1
3625.0,3624.0,135.0,28.78,19.0,0.1545,0.14305,20.4,11.31,0.0,1091.0,0.0,0.0,1.0,0.75057,0.55994,2.51077,0.0,0.0,0
3626.0,3625.0,115.0,135.44,16.0,0.41199,0.21163,720.24,11.97,0.0,1148.0,0.0,0.0,0.0,3.06323,1.40198,2.56292,0.0,0.0,0
3627.0,3626.0,353.0,6.62,16.0,0.46279,0.07472,161.35,10.28,0.0,1053.0,3.0,0.0,1.0,0.16376,0.15165,2.42295,0.0,0.0,0
3628.0,3627.0,410.0,28.14,10.0,0.05276,0.13025,393.82,5.43,0.0,2004.0,2.0,0.0,1.0,0.24253,0.21715,1.86151,0.0,0.0,0
3629.0,3628.0,345.0,24.16,17.0,0.15973,0.10418,274.13,19.43,1.0,1962.0,1.0,0.0,0.0,0.71245,0.53793,3.01698,0.0,0.0,0
3630.0,3629.0,18.0,220.9,5.0,0.29373,0.47244,51.62,31.23,0.0,195.0,1.0,0.0,1.0,3.96962,1.60334,3.47283,1.0,0.0,0
3631.0,3630.0,294.0,75.62,8.0,0.18617,0.35291,46.11,7.93,1.0,1821.0,1.0,0.0,1.0,1.02748,0.7068,2.18942,0.0,0.0,0
3632.0,3631.0,230.0,129.42,11.0,0.12575,0.03586,402.81,4.95,0.0,1266.0,1.0,0.0,1.0,1.59685,0.9543,1.78328,0.0,0.0,0
3633.0,3632.0,215.0,74.65,8.0,0.05524,0.0643,363.67,163.06,1.0,1529.0,2.0,1.0,1.0,1.8274,1.03936,5.10021,0.0,0.0,0
3634.0,3633.0,34.0,145.19,12.0,0.1227,0.0194,408.5,49.62,0.0,400.0,4.0,0.0,1.0,1.72837,1.0037,3.92436,0.0,0.0,0
3635.0,3634.0,292.0,53.92,8.0,0.08057,0.15218,171.61,2.1,1.0,742.0,3.0,0.0,1.0,0.74479,0.55663,1.13152,0.0,0.0,0
3636.0,3635.0,105.0,99.88,11.0,0.26726,0.08828,425.58,2.09,0.0,1540.0,0.0,0.0,1.0,0.58817,0.46258,1.12712,0.0,0.0,0
3637.0,3636.0,98.0,37.07,15.0,0.13605,0.02468,161.0,31.52,0.0,208.0,2.0,0.0,1.0,1.43362,0.88938,3.48178,0.0,0.0,0
3638.0,3637.0,114.0,67.25,8.0,0.39596,0.36059,222.8,109.03,0.0,1334.0,5.0,1.0,1.0,1.40503,0.87756,4.70075,0.0,0.0,1
3639.0,3638.0,225.0,27.61,13.0,0.15765,0.29645,122.6,9.15,0.0,1543.0,0.0,0.0,1.0,1.32369,0.84316,2.31775,0.0,0.0,0
3640.0,3639.0,355.0,59.92,20.0,0.20702,0.27813,507.67,4.86,1.0,210.0,3.0,0.0,0.0,0.76529,0.56832,1.76844,0.0,0.0,0
3641.0,3640.0,32.0,322.73,11.0,0.04309,0.28669,536.51,14.07,0.0,880.0,0.0,0.0,1.0,14.18319,2.72019,2.71289,0.0,0.0,0
3642.0,3641.0,43.0,51.0,19.0,0.22805,0.06902,90.15,47.38,0.0,637.0,1.0,0.0,0.0,0.74349,0.55589,3.87908,0.0,0.0,0
3643.0,3642.0,156.0,32.59,15.0,0.19129,0.11072,510.85,28.89,0.0,1986.0,4.0,0.0,0.0,0.60058,0.47037,3.39757,0.0,0.0,0
3644.0,3643.0,60.0,167.33,18.0,0.43171,0.19734,90.97,21.48,1.0,1515.0,2.0,0.0,1.0,1.12913,0.75571,3.11266,0.0,0.0,0
3645.0,3644.0,1.0,27.76,18.0,0.14943,0.28859,93.51,2.16,0.0,1129.0,0.0,0.0,1.0,0.43032,0.3579,1.1516,0.0,0.0,0
3646.0,3645.0,251.0,145.58,17.0,0.13117,0.08175,268.59,3.2,0.0,1493.0,3.0,0.0,1.0,2.47093,1.24442,1.43552,0.0,0.0,0
3647.0,3646.0,20.0,815.46,18.0,0.2112,0.01092,92.93,5.72,0.0,50.0,1.0,0.0,1.0,4.82544,1.76223,1.90483,0.0,0.0,0
3648.0,3647.0,315.0,97.44,11.0,0.36188,0.07883,6.38,4.91,0.0,1127.0,1.0,0.0,1.0,3.79589,1.56776,1.77581,0.0,1.0,1
3649.0,3648.0,157.0,254.36,13.0,0.14595,0.16504,283.69,141.79,0.0,1321.0,1.0,0.0,1.0,2.88855,1.35804,4.96136,0.0,0.0,0
3650.0,3649.0,120.0,23.83,6.0,0.35375,0.01778,101.26,10.36,1.0,1861.0,1.0,0.0,1.0,0.39738,0.3346,2.43017,0.0,0.0,0
3651.0,3650.0,175.0,100.27,14.0,0.16893,0.16075,283.15,2.75,2.0,203.0,1.0,0.0,1.0,1.42949,0.88768,1.32183,0.0,0.0,0
3652.0,3651.0,221.0,87.56,18.0,0.35765,0.16582,608.39,14.29,0.0,110.0,4.0,0.0,0.0,1.18851,0.78322,2.72723,0.0,0.0,0
3653.0,3652.0,292.0,60.82,18.0,0.47658,0.07461,128.66,31.07,0.0,742.0,3.0,0.0,0.0,0.84005,0.60979,3.46781,0.0,0.0,0
3654.0,3653.0,339.0,115.2,5.0,0.2007,0.04772,479.59,11.95,2.0,1709.0,0.0,0.0,0.0,3.28497,1.45511,2.56083,1.0,0.0,0
3655.0,3654.0,211.0,218.83,19.0,0.09486,0.06078,138.85,4.41,1.0,883.0,0.0,0.0,0.0,1.55616,0.9385,1.68914,0.0,0.0,0
3656.0,3655.0,389.0,141.84,2.0,0.30306,0.09427,562.9,3.7,1.0,140.0,1.0,0.0,1.0,3.51621,1.50767,1.54797,1.0,0.0,1
3657.0,3656.0,137.0,2903.09,3.0,0.26075,0.26317,216.45,37.44,2.0,1118.0,1.0,0.0,0.0,26.19338,3.30297,3.64916,1.0,0.0,1
3658.0,3657.0,247.0,68.17,18.0,0.44129,0.34781,552.83,5.22,0.0,1577.0,1.0,0.0,1.0,3.81959,1.57269,1.82701,0.0,0.0,0
3659.0,3658.0,75.0,33.35,7.0,0.19437,0.22929,82.63,4.22,0.0,4.0,2.0,0.0,1.0,0.50436,0.40837,1.65215,0.0,0.0,0
3660.0,3659.0,309.0,10.95,13.0,0.17011,0.07606,216.98,13.09,2.0,1963.0,0.0,0.0,1.0,0.44528,0.3683,2.6456,0.0,0.0,0
3661.0,3660.0,197.0,119.76,10.0,0.35633,0.06537,169.32,27.72,1.0,90.0,3.0,0.0,1.0,1.47097,0.90461,3.35746,0.0,0.0,0
3662.0,3661.0,212.0,139.27,4.0,0.26269,0.2104,24.6,25.73,1.0,1636.0,3.0,0.0,1.0,4.41911,1.68993,3.28568,1.0,0.0,0
3663.0,3662.0,165.0,26.47,14.0,0.74217,0.39146,639.65,112.09,0.0,1180.0,6.0,1.0,0.0,0.40556,0.34043,4.7282,0.0,0.0,1
3664.0,3663.0,321.0,103.25,5.0,0.12079,0.32213,200.9,6.48,0.0,1705.0,1.0,0.0,1.0,1.46231,0.9011,2.01178,1.0,0.0,0
3665.0,3664.0,337.0,137.78,9.0,0.28976,0.33329,231.22,5.35,1.0,1228.0,3.0,0.0,1.0,3.4961,1.50321,1.84803,0.0,0.0,0
3666.0,3665.0,300.0,15.88,2.0,0.36524,0.02029,249.2,7.16,0.0,1290.0,2.0,0.0,1.0,0.54659,0.43605,2.09871,1.0,0.0,0
3667.0,3666.0,73.0,32.18,15.0,0.17436,0.11504,270.94,2.78,0.0,1339.0,3.0,0.0,1.0,0.57138,0.45195,1.32893,0.0,0.0,0
3668.0,3667.0,89.0,103.28,13.0,0.02568,0.05391,490.9,59.33,1.0,1378.0,0.0,0.0,1.0,1.37584,0.86535,4.09982,0.0,0.0,0
3669.0,3668.0,31.0,6.36,15.0,0.14398,0.16322,31.08,17.47,1.0,940.0,2.0,0.0,1.0,0.42291,0.35271,2.91605,0.0,0.0,0
3670.0,3669.0,1.0,48.04,12.0,0.15381,0.21528,43.77,17.68,0.0,1129.0,2.0,0.0,1.0,0.74473,0.5566,2.92727,0.0,0.0,0
3671.0,3670.0,333.0,46.7,17.0,0.13978,0.05541,0.95,11.16,0.0,489.0,1.0,0.0,1.0,0.61767,0.48099,2.49777,0.0,1.0,0
3672.0,3671.0,275.0,48.54,14.0,0.20977,0.04128,108.86,7.76,1.0,327.0,0.0,0.0,0.0,0.9348,0.66001,2.17031,0.0,0.0,0
3673.0,3672.0,102.0,25.6,14.0,0.09904,0.32483,134.5,9.3,1.0,471.0,4.0,0.0,1.0,0.72521,0.54535,2.33177,0.0,0.0,0
3674.0,3673.0,415.0,14.8,12.0,0.05522,0.11166,12.05,193.99,1.0,1982.0,3.0,1.0,0.0,0.38946,0.32891,5.27294,0.0,0.0,0
3675.0,3674.0,106.0,119.46,14.0,0.14398,0.13774,908.79,5.98,0.0,997.0,0.0,0.0,1.0,4.95458,1.78416,1.94327,0.0,0.0,0
3676.0,3675.0,197.0,166.43,16.0,0.05281,0.06076,254.15,7.99,0.0,90.0,1.0,0.0,0.0,2.04417,1.11323,2.19574,0.0,0.0,0
3677.0,3676.0,344.0,146.6,7.0,0.25383,0.09729,178.52,82.24,0.0,258.0,3.0,1.0,0.0,2.10668,1.13356,4.42169,0.0,0.0,1
3678.0,3677.0,134.0,16.57,9.0,0.47401,0.08671,591.78,10.68,1.0,813.0,4.0,0.0,1.0,0.45125,0.37242,2.45826,0.0,0.0,0
3679.0,3678.0,25.0,59.67,15.0,0.03351,0.02122,260.6,4.06,0.0,461.0,2.0,0.0,1.0,0.87443,0.62831,1.621,0.0,0.0,0
3680.0,3679.0,305.0,19.89,9.0,0.31197,0.26609,699.27,6.96,2.0,1231.0,1.0,0.0,1.0,1.0433,0.71457,2.07428,0.0,0.0,0
3681.0,3680.0,101.0,114.61,9.0,0.30416,0.15012,67.26,24.91,0.0,167.0,2.0,0.0,0.0,2.89902,1.36073,3.2547,0.0,0.0,0
3682.0,3681.0,412.0,79.08,12.0,0.40474,0.20964,757.79,9.03,2.0,243.0,1.0,0.0,0.0,1.34921,0.85408,2.30533,0.0,0.0,0
3683.0,3682.0,37.0,13.68,5.0,0.57796,0.07907,133.19,5.82,0.0,1840.0,0.0,0.0,0.0,0.35147,0.30119,1.91984,1.0,0.0,0
3684.0,3683.0,104.0,147.15,13.0,0.13744,0.18806,20.7,9.95,1.0,1277.0,1.0,0.0,1.0,1.84729,1.04637,2.39296,0.0,0.0,0
3685.0,3684.0,303.0,47.96,13.0,0.38471,0.0436,601.61,10.46,1.0,306.0,2.0,0.0,1.0,1.28391,0.82589,2.43896,0.0,0.0,0
3686.0,3685.0,89.0,142.5,19.0,0.36019,0.2528,160.61,17.44,2.0,1378.0,2.0,0.0,1.0,1.89823,1.0641,2.91456,0.0,0.0,0
3687.0,3686.0,309.0,22.51,7.0,0.18964,0.0168,660.99,31.62,0.0,1963.0,3.0,0.0,1.0,0.91521,0.64983,3.48491,0.0,0.0,0
3688.0,3687.0,98.0,38.33,8.0,0.15893,0.18776,200.73,4.34,1.0,208.0,3.0,0.0,1.0,1.48216,0.90913,1.67605,0.0,0.0,0
3689.0,3688.0,35.0,17.29,15.0,0.31628,0.32162,0.7,11.14,0.0,224.0,1.0,0.0,0.0,0.36887,0.31399,2.49635,0.0,1.0,0
3690.0,3689.0,27.0,29.95,12.0,0.26623,0.06818,177.24,9.52,1.0,1949.0,1.0,0.0,1.0,0.52232,0.42024,2.35351,0.0,0.0,0
3691.0,3690.0,325.0,72.54,14.0,0.43219,0.06309,3.15,11.57,2.0,1576.0,3.0,0.0,0.0,2.48494,1.24845,2.53096,0.0,1.0,0
3692.0,3691.0,35.0,44.95,16.0,0.3931,0.23066,648.61,8.43,0.0,224.0,4.0,0.0,1.0,0.95898,0.67242,2.24393,0.0,0.0,0
3693.0,3692.0,414.0,9.31,16.0,0.41199,0.07241,1.69,12.43,0.0,40.0,2.0,0.0,0.0,0.47047,0.38558,2.59731,0.0,1.0,0
3694.0,3693.0,279.0,72.51,10.0,0.57349,0.03591,177.82,20.32,1.0,2113.0,3.0,0.0,1.0,1.18146,0.77999,3.05976,0.0,0.0,0
3695.0,3694.0,188.0,219.09,12.0,0.32738,0.48623,650.64,33.72,2.0,909.0,2.0,0.0,1.0,1.49971,0.91617,3.54728,0.0,0.0,0
3696.0,3695.0,220.0,204.15,9.0,0.17875,0.1882,480.68,10.5,0.0,929.0,2.0,0.0,1.0,6.73137,2.04529,2.44232,0.0,0.0,0
3697.0,3696.0,58.0,56.71,1.0,0.34417,0.03964,435.55,8.2,0.0,1075.0,1.0,0.0,1.0,0.44825,0.37036,2.21938,1.0,0.0,0
3698.0,3697.0,199.0,119.74,9.0,0.42519,0.27044,150.17,15.11,1.0,957.0,2.0,0.0,1.0,1.88112,1.05818,2.77938,0.0,0.0,0
3699.0,3698.0,416.0,230.23,17.0,0.43959,0.17121,71.6,20.17,0.0,737.0,5.0,0.0,1.0,1.53814,0.93143,3.05275,0.0,0.0,0
3700.0,3699.0,133.0,136.95,12.0,0.26666,0.05288,325.55,19.62,0.0,1183.0,1.0,0.0,0.0,2.57795,1.27479,3.02607,0.0,0.0,0
3701.0,3700.0,246.0,190.2,9.0,0.14078,0.11343,34.67,4.85,0.0,1513.0,2.0,0.0,0.0,3.61487,1.52928,1.76609,0.0,0.0,0
3702.0,3701.0,86.0,147.29,15.0,0.17148,0.06516,767.69,12.92,0.0,1829.0,0.0,0.0,1.0,1.24925,0.8106,2.63314,0.0,0.0,0
3703.0,3702.0,99.0,32.87,19.0,0.40051,0.07274,813.88,36.76,1.0,1555.0,2.0,0.0,0.0,0.96356,0.67476,3.63123,0.0,0.0,0
3704.0,3703.0,254.0,41.82,10.0,0.24095,0.32148,102.64,43.6,1.0,336.0,3.0,0.0,1.0,0.66441,0.50947,3.79767,0.0,0.0,0
3705.0,3704.0,201.0,216.88,5.0,0.27149,0.10304,278.59,10.43,2.0,108.0,5.0,0.0,1.0,2.71296,1.31183,2.43624,1.0,0.0,0
3706.0,3705.0,255.0,40.2,4.0,0.30913,0.03697,5.85,65.42,1.0,1608.0,1.0,0.0,1.0,0.37259,0.3167,4.19593,1.0,1.0,0
3707.0,3706.0,170.0,8.23,12.0,0.11948,0.12926,456.23,6.06,1.0,1043.0,2.0,0.0,1.0,0.31308,0.27238,1.95482,0.0,0.0,0
3708.0,3707.0,67.0,30.55,9.0,0.18435,0.15423,329.11,15.64,0.0,1146.0,0.0,0.0,1.0,2.27911,1.18757,2.81209,0.0,0.0,0
3709.0,3708.0,366.0,65.8,2.0,0.30646,0.26422,764.68,7.26,0.0,794.0,2.0,0.0,1.0,2.41383,1.22783,2.11192,1.0,0.0,0
3710.0,3709.0,113.0,32.39,14.0,0.33439,0.04693,266.77,4.86,0.0,1906.0,2.0,0.0,1.0,0.33548,0.28929,1.76835,0.0,0.0,0
3711.0,3710.0,246.0,33.05,7.0,0.11368,0.08251,41.66,10.79,0.0,1513.0,2.0,0.0,1.0,0.6281,0.48742,2.46764,0.0,0.0,0
3712.0,3711.0,27.0,29.63,6.0,0.11548,0.01569,55.71,1.77,0.0,1949.0,1.0,0.0,0.0,0.51675,0.41657,1.01807,0.0,0.0,0
3713.0,3712.0,324.0,25.02,12.0,0.04451,0.08766,111.05,35.02,0.0,1098.0,2.0,0.0,0.0,0.66381,0.50911,3.584,0.0,0.0,0
3714.0,3713.0,405.0,229.19,14.0,0.38265,0.36981,496.68,65.84,0.0,1562.0,1.0,1.0,0.0,3.21729,1.43919,4.20237,0.0,0.0,1
3715.0,3714.0,103.0,314.82,15.0,0.22323,0.05179,266.87,15.69,1.0,1513.0,4.0,0.0,0.0,6.03203,1.95048,2.81507,0.0,0.0,0
3716.0,3715.0,382.0,26.28,14.0,0.35417,0.15573,60.97,6.31,1.0,264.0,1.0,0.0,0.0,1.0917,0.73798,1.98872,0.0,0.0,0
3717.0,3716.0,266.0,56.14,5.0,0.1052,0.09044,389.83,22.12,0.0,1157.0,2.0,0.0,0.0,0.37417,0.31785,3.14083,1.0,0.0,0
3718.0,3717.0,293.0,341.73,10.0,0.19531,0.09761,660.54,4.86,0.0,1213.0,1.0,0.0,1.0,12.01363,2.566,1.76883,0.0,0.0,0
3719.0,3718.0,276.0,134.32,7.0,0.27407,0.07001,6.21,11.56,0.0,2164.0,3.0,0.0,0.0,1.06724,0.72621,2.53035,0.0,1.0,0
3720.0,3719.0,343.0,46.33,17.0,0.0757,0.08835,895.92,18.53,0.0,838.0,4.0,0.0,0.0,1.07605,0.73047,2.97197,0.0,0.0,0
3721.0,3720.0,340.0,81.36,14.0,0.31002,0.07799,869.55,108.99,2.0,1090.0,1.0,1.0,1.0,1.03452,0.71026,4.70037,0.0,0.0,0
3722.0,3721.0,296.0,56.24,10.0,0.31136,0.137,75.22,741.01,3.0,658.0,3.0,1.0,0.0,1.2676,0.81872,6.60937,0.0,0.0,0
3723.0,3722.0,252.0,36.96,6.0,0.19427,0.05134,231.04,17.41,0.0,217.0,3.0,1.0,0.0,1.17251,0.77588,2.9128,0.0,0.0,0
3724.0,3723.0,297.0,143.41,14.0,0.25955,0.08887,49.19,3.61,0.0,1797.0,1.0,0.0,1.0,0.77928,0.57621,1.52893,0.0,0.0,0
3725.0,3724.0,262.0,233.23,16.0,0.1262,0.08991,40.26,73.91,0.0,681.0,2.0,0.0,1.0,0.87077,0.62635,4.31627,0.0,0.0,0
3726.0,3725.0,22.0,65.71,8.0,0.54208,0.22093,357.82,939.07,0.0,1861.0,4.0,1.0,1.0,2.57071,1.27276,6.84596,0.0,0.0,0
3727.0,3726.0,35.0,27.43,13.0,0.22267,0.06537,732.02,4.28,0.0,224.0,0.0,0.0,0.0,0.58516,0.46069,1.66481,0.0,0.0,0
3728.0,3727.0,13.0,62.24,10.0,0.47586,0.01251,865.61,34.95,0.0,1331.0,1.0,0.0,0.0,0.86491,0.62321,3.58215,0.0,0.0,0
3729.0,3728.0,80.0,29.34,9.0,0.29894,0.08237,272.15,18.16,0.0,301.0,0.0,0.0,0.0,0.91745,0.651,2.95287,0.0,0.0,0
3730.0,3729.0,266.0,5179.74,13.0,0.15133,0.03783,239.23,3.76,1.0,1157.0,0.0,0.0,0.0,34.52532,3.57025,1.56102,0.0,0.0,0
3731.0,3730.0,382.0,43.39,11.0,0.11245,0.03558,31.56,43.48,3.0,264.0,5.0,1.0,0.0,1.80239,1.03047,3.79507,0.0,0.0,1
3732.0,3731.0,256.0,50.61,13.0,0.42536,0.02964,262.57,5.75,0.0,1545.0,0.0,0.0,1.0,0.45355,0.37401,1.90923,0.0,0.0,0
3733.0,3732.0,54.0,113.62,3.0,0.56931,0.01,30.47,155.55,0.0,427.0,4.0,0.0,1.0,0.84651,0.6133,5.0534,1.0,0.0,0
3734.0,3733.0,348.0,201.19,12.0,0.45149,0.21935,114.12,4.13,1.0,1225.0,1.0,0.0,1.0,1.80328,1.03079,1.63541,0.0,0.0,0
3735.0,3734.0,333.0,121.57,20.0,0.43693,0.27971,53.78,14.1,1.0,489.0,1.0,0.0,0.0,1.60784,0.95852,2.71481,0.0,0.0,0
3736.0,3735.0,212.0,40.2,12.0,0.22183,0.13543,108.72,29.03,0.0,1636.0,3.0,0.0,1.0,1.27548,0.82219,3.40221,0.0,0.0,0
3737.0,3736.0,101.0,17.36,9.0,0.11833,0.18905,272.56,122.91,0.0,167.0,0.0,0.0,0.0,0.4392,0.36409,4.81959,0.0,0.0,0
3738.0,3737.0,151.0,139.83,14.0,0.436,0.33843,204.85,759.3,1.0,1198.0,3.0,1.0,1.0,2.0926,1.12901,6.63371,0.0,0.0,1
3739.0,3738.0,139.0,68.98,11.0,0.56143,0.09409,273.81,2.79,1.0,87.0,3.0,0.0,1.0,1.7038,0.99466,1.33112,0.0,0.0,0
3740.0,3739.0,231.0,458.81,17.0,0.21218,0.07397,1.96,22.92,0.0,1188.0,0.0,0.0,0.0,2.3566,1.21093,3.17475,0.0,1.0,0
3741.0,3740.0,268.0,54.86,16.0,0.08495,0.02981,544.18,8.03,0.0,423.0,0.0,0.0,1.0,1.03246,0.70925,2.2007,0.0,0.0,0
3742.0,3741.0,53.0,175.35,9.0,0.15593,0.01,268.59,3.72,0.0,2169.0,0.0,0.0,0.0,1.77704,1.02139,1.5522,0.0,0.0,0
3743.0,3742.0,208.0,230.89,18.0,0.26688,0.04799,356.06,23.76,2.0,1129.0,4.0,0.0,0.0,3.68899,1.54522,3.20908,0.0,0.0,0
3744.0,3743.0,140.0,310.28,20.0,0.11531,0.3486,329.09,14.53,1.0,720.0,1.0,0.0,1.0,2.42133,1.23003,2.74274,0.0,0.0,0
3745.0,3744.0,321.0,65.79,9.0,0.40005,0.05041,148.07,3.41,3.0,1705.0,0.0,0.0,0.0,0.93176,0.65843,1.48448,0.0,0.0,0
3746.0,3745.0,145.0,46.09,12.0,0.05294,0.45404,900.1,36.04,0.0,1658.0,1.0,0.0,1.0,1.14506,0.76317,3.61206,0.0,0.0,0
3747.0,3746.0,400.0,98.82,13.0,0.15047,0.27322,4.88,4.46,0.0,783.0,0.0,0.0,1.0,2.44863,1.23798,1.69683,0.0,1.0,0
3748.0,3747.0,16.0,28.57,8.0,0.32362,0.15197,484.88,3.32,0.0,1013.0,2.0,0.0,0.0,0.55292,0.44013,1.4636,0.0,0.0,0
3749.0,3748.0,403.0,1308.51,15.0,0.24454,0.2243,85.82,42.11,1.0,65.0,1.0,0.0,1.0,12.40309,2.59549,3.76366,0.0,0.0,0
3750.0,3749.0,156.0,94.39,19.0,0.13322,0.04209,2.7,16.32,0.0,1986.0,3.0,0.0,1.0,1.73968,1.00784,2.85181,0.0,1.0,0
3751.0,3750.0,387.0,39.13,7.0,0.07369,0.06974,920.45,15.5,1.0,638.0,3.0,0.0,0.0,1.24413,0.80832,2.80342,0.0,0.0,0
3752.0,3751.0,206.0,21.67,11.0,0.41229,0.10693,54.84,3.03,0.0,1648.0,3.0,0.0,1.0,1.00866,0.69747,1.39293,0.0,0.0,0
3753.0,3752.0,234.0,319.5,6.0,0.58399,0.38238,967.31,12.92,1.0,1886.0,2.0,0.0,1.0,3.59912,1.52587,2.63309,0.0,0.0,0
3754.0,3753.0,248.0,53.3,20.0,0.2152,0.18269,34.56,13.35,0.0,1951.0,2.0,0.0,1.0,0.87823,0.63033,2.66396,0.0,0.0,0
3755.0,3754.0,190.0,32.22,16.0,0.28132,0.3367,143.84,1.7,0.0,401.0,1.0,0.0,1.0,0.90056,0.64215,0.99319,0.0,0.0,0
3756.0,3755.0,345.0,58.06,14.0,0.17825,0.13627,114.98,12.93,0.0,1962.0,2.0,0.0,1.0,1.712,0.99769,2.63389,0.0,0.0,0
3757.0,3756.0,134.0,326.74,8.0,0.25133,0.15577,572.55,32.38,2.0,813.0,1.0,0.0,0.0,8.89959,2.29249,3.50786,0.0,0.0,1
3758.0,3757.0,221.0,122.04,20.0,0.22627,0.26448,734.38,65.08,0.0,110.0,2.0,1.0,1.0,1.65646,0.97699,4.1909,0.0,0.0,0
3759.0,3758.0,90.0,160.7,12.0,0.20945,0.07513,380.94,11.42,0.0,879.0,2.0,0.0,1.0,3.40807,1.48344,2.51901,0.0,0.0,0
3760.0,3759.0,392.0,111.7,18.0,0.12433,0.02138,967.19,18.08,1.0,1316.0,2.0,0.0,1.0,1.66137,0.97884,2.9489,0.0,0.0,0
3761.0,3760.0,271.0,111.96,2.0,0.23242,0.06623,215.13,1.73,0.0,1626.0,0.0,0.0,0.0,0.89617,0.63984,1.00329,1.0,0.0,0
3762.0,3761.0,119.0,36.47,9.0,0.27089,0.04452,0.42,9.03,1.0,1514.0,2.0,0.0,0.0,0.76338,0.56723,2.30603,0.0,1.0,0
3763.0,3762.0,193.0,15.5,18.0,0.04486,0.16405,222.68,4.41,0.0,137.0,0.0,0.0,1.0,1.93727,1.07748,1.68745,0.0,0.0,0
3764.0,3763.0,284.0,19.39,20.0,0.08732,0.03324,830.17,8.12,0.0,427.0,1.0,0.0,0.0,0.67408,0.51526,2.21083,0.0,0.0,0
3765.0,3764.0,352.0,1788.48,7.0,0.20614,0.0427,23.22,32.23,1.0,1181.0,1.0,0.0,0.0,20.14725,3.05151,3.50341,0.0,0.0,1
3766.0,3765.0,298.0,166.15,12.0,0.59953,0.24716,187.62,23.0,0.0,1486.0,2.0,0.0,0.0,6.92533,2.07006,3.17815,0.0,0.0,0
3767.0,3766.0,260.0,35.23,6.0,0.72565,0.10643,438.55,4.74,0.0,417.0,2.0,0.0,1.0,1.10624,0.74491,1.74767,0.0,0.0,0
3768.0,3767.0,341.0,76.5,15.0,0.21954,0.4737,795.82,11.22,1.0,1560.0,3.0,0.0,0.0,1.4561,0.89858,2.5029,0.0,0.0,0
3769.0,3768.0,108.0,64.63,16.0,0.29754,0.11605,19.57,2.03,3.0,1757.0,2.0,0.0,1.0,0.72506,0.54526,1.1072,0.0,0.0,0
3770.0,3769.0,239.0,45.78,15.0,0.21024,0.13464,105.7,2.87,0.0,315.0,1.0,0.0,0.0,3.39444,1.48034,1.35276,0.0,0.0,0
3771.0,3770.0,380.0,131.33,17.0,0.13128,0.04189,229.12,34.68,0.0,1896.0,0.0,0.0,1.0,2.9642,1.3773,3.57451,0.0,0.0,0
3772.0,3771.0,377.0,56.46,11.0,0.25582,0.071,858.24,15.81,1.0,616.0,2.0,0.0,0.0,0.58451,0.46028,2.82213,0.0,0.0,0
3773.0,3772.0,5.0,128.38,2.0,0.29601,0.11302,72.95,9.67,2.0,1734.0,3.0,0.0,0.0,1.6557,0.97671,2.36703,1.0,0.0,0
3774.0,3773.0,157.0,43.82,7.0,0.38875,0.51111,6.38,15.17,1.0,1321.0,1.0,0.0,0.0,0.49758,0.40385,2.78318,0.0,1.0,1
3775.0,3774.0,25.0,31.7,14.0,0.47345,0.06482,952.92,61.36,0.0,461.0,3.0,1.0,0.0,0.46446,0.38149,4.13289,0.0,0.0,0
3776.0,3775.0,100.0,17.24,8.0,0.15797,0.19077,520.88,83.05,0.0,1929.0,1.0,0.0,0.0,0.53232,0.42678,4.43147,0.0,0.0,0
3777.0,3776.0,213.0,91.41,16.0,0.15083,0.09765,100.52,10.11,0.0,1047.0,2.0,0.0,0.0,2.25264,1.17947,2.40751,0.0,0.0,0
3778.0,3777.0,226.0,29.28,16.0,0.24553,0.1816,569.47,14.91,1.0,1331.0,0.0,0.0,1.0,0.92727,0.6561,2.76725,0.0,0.0,0
3779.0,3778.0,206.0,41.05,11.0,0.42661,0.27645,70.94,91.78,1.0,1648.0,0.0,0.0,1.0,1.91064,1.06837,4.53027,0.0,0.0,0
3780.0,3779.0,334.0,32.33,12.0,0.29394,0.0758,283.35,13.8,1.0,1391.0,2.0,0.0,0.0,1.04655,0.71616,2.69486,0.0,0.0,0
3781.0,3780.0,279.0,75.29,19.0,0.5846,0.08475,689.85,13.03,2.0,2113.0,3.0,0.0,1.0,1.22674,0.80054,2.64144,0.0,0.0,0
3782.0,3781.0,106.0,221.3,9.0,0.31924,0.05833,863.19,23.37,0.0,997.0,2.0,0.0,0.0,9.1785,2.32028,3.19342,0.0,0.0,0
3783.0,3782.0,366.0,429.71,9.0,0.65552,0.27434,707.83,10.52,0.0,794.0,5.0,0.0,1.0,15.76462,2.81927,2.44391,0.0,0.0,0
3784.0,3783.0,388.0,136.12,17.0,0.18734,0.0949,10.26,9.08,0.0,1720.0,2.0,0.0,1.0,1.86523,1.05265,2.31095,0.0,0.0,0
3785.0,3784.0,259.0,29.83,6.0,0.2373,0.03792,31.23,8.45,1.0,789.0,2.0,0.0,1.0,1.1536,0.76714,2.246,0.0,0.0,0
3786.0,3785.0,112.0,111.01,3.0,0.17243,0.31923,239.57,4.38,1.0,1102.0,2.0,0.0,1.0,1.13877,0.76023,1.68335,1.0,0.0,0
3787.0,3786.0,49.0,10.0,9.0,0.18838,0.12956,87.72,4.33,0.0,980.0,3.0,0.0,0.0,0.58107,0.4581,1.67358,0.0,0.0,0
3788.0,3787.0,73.0,48.2,15.0,0.34012,0.1558,132.04,5.05,0.0,1339.0,7.0,0.0,1.0,0.85574,0.61828,1.79983,0.0,0.0,0
3789.0,3788.0,348.0,87.42,12.0,0.07446,0.02618,134.74,16.87,1.0,1225.0,0.0,0.0,0.0,0.7835,0.57858,2.883,0.0,0.0,0
3790.0,3789.0,400.0,72.96,12.0,0.36547,0.09942,436.28,10.28,0.0,783.0,4.0,0.0,1.0,1.80798,1.03247,2.42268,0.0,0.0,0
3791.0,3790.0,407.0,15.29,13.0,0.13932,0.04574,127.25,22.67,0.0,835.0,0.0,0.0,1.0,0.34381,0.29551,3.16421,0.0,0.0,0
3792.0,3791.0,300.0,101.52,18.0,0.06602,0.34869,220.69,11.47,0.0,1290.0,4.0,0.0,1.0,3.49435,1.50282,2.52307,0.0,0.0,0
3793.0,3792.0,208.0,59.63,15.0,0.34672,0.09138,0.97,5.26,0.0,1129.0,2.0,0.0,0.0,0.95273,0.66923,1.83452,0.0,1.0,1
3794.0,3793.0,371.0,35.55,6.0,0.39905,0.05079,83.85,11.55,1.0,487.0,4.0,0.0,0.0,0.51393,0.41471,2.52992,0.0,0.0,1
3795.0,3794.0,339.0,30.63,20.0,0.31009,0.30883,568.11,5.53,1.0,1709.0,3.0,0.0,0.0,0.87351,0.62781,1.877,0.0,0.0,0
3796.0,3795.0,187.0,132.37,15.0,0.15904,0.07749,344.69,17.07,0.0,960.0,2.0,0.0,1.0,1.88226,1.05857,2.89423,0.0,0.0,0
3797.0,3796.0,319.0,31.62,14.0,0.16249,0.15008,292.14,4.59,0.0,1189.0,1.0,0.0,1.0,0.50183,0.40668,1.72105,0.0,0.0,0
3798.0,3797.0,268.0,40.13,13.0,0.65592,0.17056,156.51,9.5,3.0,423.0,3.0,0.0,1.0,0.75521,0.56259,2.35158,0.0,0.0,1
3799.0,3798.0,393.0,90.12,7.0,0.22407,0.01,201.62,29.28,2.0,908.0,3.0,0.0,0.0,5.28315,1.83787,3.41059,0.0,0.0,0
3800.0,3799.0,228.0,24.9,14.0,0.51248,0.20266,94.76,5.42,0.0,1813.0,4.0,0.0,1.0,0.50542,0.40907,1.85928,0.0,0.0,0
3801.0,3800.0,145.0,51.5,20.0,0.42144,0.18023,354.56,12.92,1.0,1658.0,1.0,0.0,0.0,1.27957,0.82399,2.63316,0.0,0.0,0
3802.0,3801.0,229.0,42.16,17.0,0.43228,0.43166,668.27,9.42,1.0,1763.0,4.0,0.0,1.0,0.5562,0.44225,2.34365,0.0,0.0,0
3803.0,3802.0,357.0,15.01,2.0,0.22983,0.27009,1.67,16.65,0.0,566.0,1.0,0.0,1.0,0.30063,0.26285,2.87081,1.0,1.0,0
3804.0,3803.0,250.0,75.61,11.0,0.34603,0.22562,93.95,5.47,0.0,1017.0,5.0,0.0,0.0,1.36626,0.86131,1.86789,0.0,0.0,1
3805.0,3804.0,40.0,127.33,4.0,0.27443,0.3873,322.29,6.1,1.0,1992.0,1.0,0.0,1.0,1.4522,0.89699,1.95968,1.0,0.0,0
3806.0,3805.0,260.0,75.48,9.0,0.21553,0.22732,355.93,31.49,1.0,417.0,2.0,0.0,1.0,2.37015,1.21496,3.48086,0.0,0.0,0
3807.0,3806.0,303.0,24.69,16.0,0.28876,0.26836,684.13,25.94,3.0,306.0,5.0,0.0,1.0,0.66088,0.50735,3.2936,0.0,0.0,0
3808.0,3807.0,261.0,24.56,14.0,0.21999,0.16611,41.52,43.93,0.0,539.0,1.0,0.0,1.0,0.97128,0.67868,3.80511,0.0,0.0,0
3809.0,3808.0,266.0,139.1,12.0,0.16281,0.02301,310.62,1.41,0.0,1157.0,1.0,0.0,1.0,0.92713,0.65603,0.87919,0.0,0.0,0
3810.0,3809.0,17.0,40.95,11.0,0.3522,0.01,44.17,9.34,1.0,1638.0,2.0,0.0,1.0,1.40751,0.87859,2.33626,0.0,0.0,0
3811.0,3810.0,122.0,5.53,8.0,0.2861,0.14733,512.79,11.15,1.0,1135.0,1.0,0.0,0.0,0.3751,0.31852,2.49711,0.0,0.0,0
3812.0,3811.0,12.0,79.45,16.0,0.15156,0.28754,725.23,98.83,1.0,1896.0,3.0,0.0,1.0,1.37349,0.86436,4.60347,0.0,0.0,0
3813.0,3812.0,67.0,2.91,8.0,0.01961,0.01,226.46,3.29,0.0,1146.0,1.0,0.0,1.0,0.21712,0.19648,1.4557,0.0,0.0,0
3814.0,3813.0,397.0,41.11,10.0,0.68718,0.27361,189.74,83.25,0.0,1899.0,3.0,1.0,1.0,1.59786,0.95469,4.43377,0.0,0.0,0
3815.0,3814.0,161.0,36.96,13.0,0.53378,0.02342,160.77,27.88,1.0,1806.0,4.0,0.0,1.0,0.82761,0.60301,3.36304,0.0,0.0,1
3816.0,3815.0,67.0,11.16,9.0,0.0451,0.04033,389.75,11.11,0.0,1146.0,2.0,0.0,1.0,0.83248,0.60567,2.49404,0.0,0.0,0
3817.0,3816.0,308.0,155.44,3.0,0.07197,0.11263,34.89,2.26,1.0,534.0,3.0,0.0,1.0,2.4293,1.23235,1.18067,1.0,0.0,0
3818.0,3817.0,40.0,115.69,21.0,0.20016,0.12017,1017.99,68.44,0.0,1992.0,1.0,0.0,0.0,1.31944,0.84133,4.24046,0.0,0.0,0
3819.0,3818.0,131.0,55.74,20.0,0.20735,0.01,198.97,22.59,1.0,335.0,0.0,0.0,1.0,0.83785,0.6086,3.16072,0.0,0.0,0
3820.0,3819.0,407.0,37.44,7.0,0.19073,0.02557,156.05,26.9,0.0,835.0,1.0,0.0,1.0,0.84174,0.61071,3.32863,0.0,0.0,0
3821.0,3820.0,111.0,19.16,15.0,0.08321,0.22348,209.6,5.08,0.0,1109.0,1.0,0.0,0.0,0.74127,0.55461,1.80424,0.0,0.0,0
3822.0,3821.0,73.0,69.37,0.0,0.09205,0.25262,0.49,146.76,0.0,1339.0,2.0,1.0,0.0,1.23151,0.80268,4.99557,1.0,1.0,1
3823.0,3822.0,104.0,108.42,15.0,0.22015,0.04256,18.28,5.88,0.0,1277.0,2.0,0.0,1.0,1.36106,0.85911,1.92908,0.0,0.0,0
3824.0,3823.0,391.0,346.63,14.0,0.41443,0.12509,178.87,3.25,0.0,234.0,3.0,0.0,0.0,5.26152,1.83442,1.44762,0.0,0.0,0
3825.0,3824.0,113.0,206.68,14.0,0.41091,0.16126,774.22,12.92,0.0,1906.0,2.0,0.0,0.0,2.14045,1.14437,2.63302,0.0,0.0,0
3826.0,3825.0,398.0,14.65,12.0,0.18332,0.11773,149.56,1.31,2.0,2173.0,0.0,0.0,0.0,0.31472,0.27362,0.83755,0.0,0.0,0
3827.0,3826.0,309.0,212.68,9.0,0.23854,0.54205,379.37,8.31,0.0,1963.0,2.0,0.0,0.0,8.64562,2.2665,2.23111,0.0,0.0,1
3828.0,3827.0,413.0,70.83,20.0,0.22245,0.09398,555.96,8.19,1.0,1692.0,3.0,0.0,0.0,0.58103,0.45807,2.21789,0.0,0.0,0
3829.0,3828.0,172.0,1346.15,8.0,0.17291,0.02926,315.02,33.48,0.0,1027.0,2.0,0.0,1.0,18.70049,2.98064,3.54044,0.0,0.0,0
3830.0,3829.0,324.0,151.55,13.0,0.52439,0.39378,109.16,5.88,1.0,1098.0,4.0,0.0,0.0,4.0214,1.61371,1.92896,0.0,0.0,1
3831.0,3830.0,247.0,36.39,12.0,0.24116,0.13561,432.42,28.41,1.0,1577.0,5.0,0.0,1.0,2.03925,1.11161,3.38127,0.0,0.0,0
3832.0,3831.0,220.0,50.0,7.0,0.34446,0.35829,262.04,16.43,1.0,929.0,4.0,0.0,1.0,1.64852,0.974,2.85792,0.0,0.0,0
3833.0,3832.0,365.0,158.5,8.0,0.13109,0.06257,705.33,240.55,0.0,60.0,3.0,1.0,1.0,1.60128,0.956,5.48708,0.0,0.0,0
3834.0,3833.0,126.0,67.51,14.0,0.26085,0.26338,517.29,162.43,1.0,1167.0,4.0,1.0,1.0,1.3296,0.8457,5.09639,0.0,0.0,0
3835.0,3834.0,22.0,17.74,6.0,0.72786,0.30867,796.32,29.62,2.0,1861.0,3.0,0.0,0.0,0.69417,0.5272,3.42176,0.0,0.0,1
3836.0,3835.0,102.0,143.0,13.0,0.1821,0.30443,202.95,2.86,0.0,471.0,0.0,0.0,1.0,4.05171,1.61973,1.35018,0.0,0.0,0
3837.0,3836.0,217.0,97.54,9.0,0.32876,0.01,264.91,18.63,0.0,213.0,4.0,0.0,0.0,0.75621,0.56316,2.97688,0.0,0.0,1
3838.0,3837.0,229.0,207.97,9.0,0.27974,0.11538,416.84,19.02,0.0,1763.0,1.0,0.0,0.0,2.74358,1.32004,2.99686,0.0,0.0,0
3839.0,3838.0,344.0,69.53,8.0,0.05131,0.15522,350.25,101.83,0.0,258.0,1.0,0.0,0.0,0.99921,0.69275,4.63309,0.0,0.0,0
3840.0,3839.0,356.0,81.49,10.0,0.38425,0.13579,406.06,18.88,0.0,413.0,5.0,0.0,0.0,2.20743,1.16547,2.98951,0.0,0.0,0
3841.0,3840.0,78.0,95.92,16.0,0.16037,0.15369,849.05,5.8,0.0,1375.0,2.0,0.0,1.0,1.66403,0.97984,1.91655,0.0,0.0,0
3842.0,3841.0,179.0,34.93,18.0,0.1529,0.19936,253.69,33.15,2.0,1808.0,4.0,0.0,1.0,0.50158,0.40652,3.5307,0.0,0.0,0
3843.0,3842.0,288.0,51.6,10.0,0.28219,0.11887,476.9,158.04,1.0,1634.0,2.0,1.0,1.0,1.26392,0.8171,5.06913,0.0,0.0,0
3844.0,3843.0,385.0,73.74,13.0,0.38226,0.02838,402.4,10.05,0.0,915.0,0.0,0.0,0.0,1.53696,0.93097,2.40205,0.0,0.0,0
3845.0,3844.0,263.0,206.33,20.0,0.45036,0.13541,399.35,9.56,0.0,975.0,4.0,0.0,1.0,5.10024,1.80833,2.3574,0.0,0.0,0
3846.0,3845.0,18.0,157.76,16.0,0.01,0.13175,106.89,7.02,2.0,195.0,3.0,0.0,1.0,2.83502,1.34418,2.08205,0.0,0.0,0
3847.0,3846.0,296.0,64.23,16.0,0.1162,0.32314,159.76,14.22,0.0,658.0,2.0,0.0,1.0,1.44769,0.89514,2.72264,0.0,0.0,0
3848.0,3847.0,88.0,102.93,8.0,0.12432,0.46908,71.28,13.7,3.0,982.0,2.0,0.0,1.0,1.0076,0.69694,2.68805,0.0,0.0,0
3849.0,3848.0,240.0,97.66,11.0,0.41704,0.01,898.99,24.04,1.0,1434.0,3.0,0.0,1.0,1.70202,0.994,3.22032,0.0,0.0,0
3850.0,3849.0,259.0,26.56,16.0,0.74523,0.01,99.59,146.97,0.0,789.0,2.0,1.0,1.0,1.02715,0.70663,4.99701,0.0,0.0,0
3851.0,3850.0,167.0,30.48,16.0,0.05276,0.29698,136.59,27.93,0.0,1471.0,2.0,0.0,1.0,0.68195,0.51995,3.3648,0.0,0.0,0
3852.0,3851.0,155.0,190.55,13.0,0.31889,0.1913,283.41,112.81,0.0,1161.0,4.0,0.0,0.0,3.30193,1.45906,4.73455,0.0,0.0,0
3853.0,3852.0,335.0,831.58,20.0,0.223,0.01685,46.87,17.33,0.0,2088.0,0.0,0.0,1.0,10.60179,2.45116,2.90855,0.0,0.0,0
3854.0,3853.0,185.0,54.74,16.0,0.18827,0.12161,201.02,22.53,2.0,1619.0,0.0,0.0,0.0,0.92783,0.65639,3.15839,0.0,0.0,0
3855.0,3854.0,327.0,48.86,7.0,0.38606,0.08127,482.18,14.11,0.0,2045.0,1.0,0.0,0.0,0.892,0.63764,2.71562,0.0,0.0,1
3856.0,3855.0,83.0,58.92,1.0,0.21567,0.08646,116.23,69.37,0.0,1023.0,2.0,1.0,1.0,1.04887,0.71729,4.25373,1.0,0.0,0
3857.0,3856.0,414.0,13.72,12.0,0.23765,0.02517,345.1,126.48,1.0,40.0,0.0,0.0,0.0,0.69365,0.52688,4.84796,0.0,0.0,0
3858.0,3857.0,130.0,25.33,14.0,0.62297,0.03292,272.37,21.56,0.0,1759.0,1.0,0.0,1.0,0.50854,0.41114,3.11616,0.0,0.0,0
3859.0,3858.0,110.0,53.28,11.0,0.38511,0.23619,397.59,20.08,0.0,1886.0,2.0,0.0,0.0,1.08802,0.73622,3.04812,0.0,0.0,0
3860.0,3859.0,66.0,74.18,16.0,0.05229,0.20053,6.54,103.36,1.0,99.0,1.0,0.0,1.0,0.88059,0.63158,4.64789,0.0,1.0,0
3861.0,3860.0,115.0,59.15,6.0,0.41267,0.06044,281.29,254.75,1.0,1148.0,3.0,1.0,1.0,1.33768,0.84916,5.5442,0.0,0.0,0
3862.0,3861.0,161.0,37.13,10.0,0.34456,0.24634,434.52,61.92,2.0,1806.0,4.0,0.0,0.0,0.83146,0.60511,4.14186,0.0,0.0,1
3863.0,3862.0,55.0,54.49,9.0,0.12282,0.0308,464.91,18.52,0.0,1157.0,2.0,0.0,1.0,0.71938,0.54197,2.97166,0.0,0.0,0
3864.0,3863.0,240.0,80.93,7.0,0.43397,0.08619,954.6,7.25,0.0,1434.0,3.0,0.0,0.0,1.41043,0.87981,2.10962,0.0,0.0,0
3865.0,3864.0,396.0,50.21,11.0,0.16691,0.20868,46.29,13.28,0.0,1942.0,3.0,0.0,1.0,1.59969,0.95539,2.65881,0.0,0.0,0
3866.0,3865.0,244.0,17.93,16.0,0.0884,0.01384,248.88,17.93,0.0,1923.0,1.0,0.0,1.0,0.47003,0.38528,2.94083,0.0,0.0,0
3867.0,3866.0,370.0,52.95,19.0,0.05116,0.42993,76.17,6.05,1.0,49.0,1.0,0.0,1.0,2.13598,1.14294,1.9537,0.0,0.0,0
3868.0,3867.0,354.0,62.25,14.0,0.22487,0.10208,443.17,9.75,1.0,1115.0,2.0,0.0,0.0,2.32509,1.2015,2.37499,0.0,0.0,0
3869.0,3868.0,285.0,172.91,14.0,0.05344,0.09762,777.97,6.71,0.0,1446.0,1.0,0.0,0.0,2.25946,1.18156,2.04204,0.0,0.0,0
3870.0,3869.0,186.0,6.68,12.0,0.26036,0.13618,212.52,198.18,0.0,1076.0,1.0,1.0,1.0,0.23597,0.21186,5.29422,0.0,0.0,0
3871.0,3870.0,96.0,74.64,9.0,0.44262,0.05962,293.12,49.87,1.0,1917.0,3.0,0.0,0.0,1.54209,0.93299,3.92926,0.0,0.0,0
3872.0,3871.0,214.0,68.17,12.0,0.12123,0.12974,98.14,24.1,0.0,376.0,1.0,0.0,1.0,0.83398,0.60649,3.22291,0.0,0.0,0
3873.0,3872.0,233.0,11.4,14.0,0.39734,0.13714,702.21,2.95,1.0,1453.0,3.0,0.0,0.0,0.41012,0.34367,1.37322,0.0,0.0,0
3874.0,3873.0,89.0,178.67,15.0,0.25758,0.21011,417.13,6.71,0.0,1378.0,2.0,0.0,0.0,2.38005,1.21789,2.04314,0.0,0.0,0
3875.0,3874.0,379.0,32.58,14.0,0.04262,0.03269,451.7,2.19,1.0,230.0,2.0,0.0,0.0,1.50391,0.91785,1.16073,0.0,0.0,0
3876.0,3875.0,266.0,211.83,11.0,0.16892,0.07119,326.91,136.06,2.0,1157.0,3.0,1.0,1.0,1.41195,0.88043,4.9204,0.0,0.0,0
3877.0,3876.0,192.0,37.92,16.0,0.05636,0.12335,174.85,33.46,1.0,408.0,1.0,0.0,1.0,1.33168,0.84659,3.53975,0.0,0.0,0
3878.0,3877.0,401.0,44.32,15.0,0.2483,0.01689,214.45,11.9,1.0,301.0,1.0,0.0,0.0,0.49476,0.40197,2.55746,0.0,0.0,0
3879.0,3878.0,242.0,33.31,15.0,0.125,0.06117,865.71,10.58,0.0,311.0,0.0,0.0,1.0,0.93072,0.65789,2.44934,0.0,0.0,0
3880.0,3879.0,54.0,72.93,3.0,0.27174,0.2087,45.59,42.92,0.0,427.0,3.0,1.0,1.0,0.54336,0.43396,3.78234,1.0,0.0,0
3881.0,3880.0,175.0,29.15,16.0,0.31036,0.06012,746.35,52.26,1.0,203.0,4.0,1.0,1.0,0.41553,0.34751,3.97517,0.0,0.0,0
3882.0,3881.0,130.0,33.84,5.0,0.20203,0.34116,335.93,18.89,0.0,1759.0,1.0,0.0,1.0,0.67931,0.51838,2.9903,1.0,0.0,0
3883.0,3882.0,331.0,121.24,19.0,0.15509,0.52358,128.47,8.54,0.0,212.0,5.0,0.0,0.0,2.46812,1.24361,2.2553,0.0,0.0,1
3884.0,3883.0,268.0,102.95,13.0,0.44584,0.15192,451.57,32.66,1.0,423.0,2.0,0.0,0.0,1.93729,1.07749,3.51628,0.0,0.0,0
3885.0,3884.0,36.0,474.37,16.0,0.23335,0.17521,48.47,36.05,0.0,1392.0,5.0,0.0,1.0,18.25191,2.95761,3.61226,0.0,0.0,0
3886.0,3885.0,328.0,122.86,19.0,0.20108,0.08751,26.93,21.86,1.0,884.0,2.0,0.0,1.0,1.86171,1.05142,3.1292,0.0,0.0,0
3887.0,3886.0,80.0,41.37,16.0,0.15505,0.09927,435.73,7.97,0.0,301.0,3.0,0.0,1.0,1.29357,0.83011,2.19339,0.0,0.0,0
3888.0,3887.0,81.0,23.77,17.0,0.24392,0.22635,104.88,22.01,0.0,1575.0,2.0,0.0,1.0,0.32025,0.27782,3.13586,0.0,0.0,0
3889.0,3888.0,277.0,20.81,10.0,0.18299,0.01696,564.69,1.38,0.0,198.0,3.0,0.0,1.0,0.53051,0.4256,0.86676,0.0,0.0,0
3890.0,3889.0,41.0,197.18,15.0,0.42562,0.1364,249.72,10.9,1.0,1555.0,1.0,0.0,0.0,4.03107,1.61563,2.4765,0.0,0.0,0
3891.0,3890.0,240.0,37.79,8.0,0.38675,0.16054,878.47,58.02,0.0,1434.0,1.0,0.0,1.0,0.65857,0.50596,4.07782,0.0,0.0,0
3892.0,3891.0,100.0,11.25,17.0,0.22113,0.09792,543.02,54.63,0.0,1929.0,2.0,0.0,1.0,0.34742,0.29819,4.01865,0.0,0.0,0
3893.0,3892.0,176.0,138.67,8.0,0.41547,0.13727,207.38,26.01,0.0,1175.0,3.0,0.0,0.0,2.61915,1.28624,3.2963,0.0,0.0,0
3894.0,3893.0,153.0,103.02,5.0,0.06516,0.12385,68.79,101.61,1.0,2084.0,2.0,0.0,1.0,3.05633,1.40028,4.63097,1.0,0.0,0
3895.0,3894.0,30.0,71.52,16.0,0.10379,0.09905,1.91,45.56,0.0,945.0,3.0,0.0,1.0,2.01613,1.10398,3.84072,0.0,1.0,1
3896.0,3895.0,106.0,35.24,11.0,0.62346,0.17386,392.14,48.25,2.0,997.0,2.0,0.0,0.0,1.46173,0.90086,3.89698,0.0,0.0,0
3897.0,3896.0,72.0,40.94,8.0,0.03911,0.25361,227.89,84.91,0.0,513.0,2.0,0.0,1.0,0.49496,0.4021,4.45336,0.0,0.0,0
3898.0,3897.0,150.0,28.26,7.0,0.30934,0.10065,96.27,25.4,0.0,467.0,2.0,0.0,1.0,0.48192,0.39334,3.2735,0.0,0.0,0
3899.0,3898.0,131.0,32.35,8.0,0.46591,0.12521,87.59,20.15,0.0,335.0,3.0,0.0,1.0,0.48631,0.39629,3.05156,0.0,0.0,0
3900.0,3899.0,45.0,47.78,17.0,0.26114,0.02979,215.15,11.33,0.0,647.0,1.0,0.0,0.0,0.8501,0.61524,2.51187,0.0,0.0,0
3901.0,3900.0,67.0,10.8,10.0,0.31175,0.10588,404.21,1.37,1.0,1146.0,1.0,0.0,1.0,0.806,0.59111,0.86183,0.0,0.0,0
3902.0,3901.0,166.0,192.11,17.0,0.2411,0.45669,301.32,52.77,0.0,414.0,1.0,1.0,1.0,1.31024,0.83735,3.98476,0.0,0.0,1
3903.0,3902.0,54.0,525.28,13.0,0.01547,0.03499,72.45,23.85,0.0,427.0,0.0,0.0,1.0,3.9134,1.59197,3.21274,0.0,0.0,0
3904.0,3903.0,285.0,88.63,13.0,0.02019,0.24092,565.84,11.63,0.0,1446.0,2.0,0.0,1.0,1.1582,0.76927,2.53605,0.0,0.0,0
3905.0,3904.0,93.0,27.58,16.0,0.21086,0.02534,129.67,20.05,1.0,1443.0,1.0,0.0,0.0,0.42677,0.35541,3.04683,0.0,0.0,0
3906.0,3905.0,232.0,38.13,17.0,0.20185,0.03107,813.66,2.06,0.0,532.0,0.0,0.0,1.0,0.69677,0.52872,1.1171,0.0,0.0,0
3907.0,3906.0,269.0,189.19,19.0,0.17018,0.3831,348.45,7.16,1.0,659.0,1.0,0.0,1.0,1.98913,1.09498,2.09864,0.0,0.0,0
3908.0,3907.0,341.0,105.26,15.0,0.13409,0.12937,186.5,5.35,0.0,1560.0,0.0,0.0,0.0,2.00361,1.09982,1.84844,0.0,0.0,0
3909.0,3908.0,17.0,21.21,8.0,0.21242,0.06786,78.18,10.47,0.0,1638.0,1.0,0.0,1.0,0.72905,0.54757,2.43936,0.0,0.0,0
3910.0,3909.0,66.0,264.39,16.0,0.0791,0.03737,156.0,20.85,0.0,99.0,3.0,0.0,0.0,3.13837,1.4203,3.08425,0.0,0.0,0
3911.0,3910.0,191.0,12.44,16.0,0.17576,0.13452,617.96,2.5,0.0,1719.0,2.0,0.0,1.0,0.47584,0.38923,1.25272,0.0,0.0,0
3912.0,3911.0,236.0,20.15,17.0,0.40128,0.09253,0.92,27.4,0.0,1333.0,5.0,0.0,1.0,0.54342,0.434,3.34648,0.0,1.0,1
3913.0,3912.0,27.0,179.12,19.0,0.28052,0.06541,63.94,10.82,0.0,1949.0,3.0,0.0,0.0,3.12369,1.41675,2.46953,0.0,0.0,0
3914.0,3913.0,306.0,171.02,5.0,0.74302,0.22115,553.47,8.28,1.0,716.0,5.0,0.0,1.0,1.42608,0.88628,2.22817,1.0,0.0,0
3915.0,3914.0,56.0,34.76,20.0,0.23856,0.1714,94.83,91.66,0.0,1084.0,2.0,0.0,1.0,1.1072,0.74536,4.5289,0.0,0.0,0
3916.0,3915.0,293.0,38.95,15.0,0.32884,0.30299,351.03,91.13,0.0,1213.0,0.0,0.0,0.0,1.36925,0.86258,4.52317,0.0,0.0,1
3917.0,3916.0,229.0,125.61,14.0,0.27789,0.05719,291.4,41.41,1.0,1763.0,2.0,0.0,1.0,1.65711,0.97724,3.74732,0.0,0.0,0
3918.0,3917.0,117.0,174.87,14.0,0.3164,0.18695,753.34,15.49,1.0,987.0,0.0,0.0,1.0,5.16866,1.81948,2.80302,0.0,0.0,0
3919.0,3918.0,285.0,210.12,16.0,0.12268,0.01953,813.53,27.06,0.0,1446.0,1.0,0.0,0.0,2.74582,1.32064,3.33426,0.0,0.0,0
3920.0,3919.0,225.0,12.74,8.0,0.37538,0.16912,317.58,102.3,2.0,1543.0,5.0,1.0,1.0,0.61074,0.47669,4.63765,0.0,0.0,0
3921.0,3920.0,345.0,57.3,9.0,0.20327,0.01907,230.67,72.11,0.0,1962.0,2.0,1.0,1.0,1.68969,0.98943,4.29193,0.0,0.0,0
3922.0,3921.0,203.0,99.03,21.0,0.20379,0.15816,240.4,72.36,0.0,1953.0,1.0,0.0,0.0,1.60604,0.95783,4.2954,0.0,0.0,0
3923.0,3922.0,200.0,70.89,15.0,0.33989,0.61661,100.45,49.77,1.0,1138.0,1.0,0.0,0.0,0.58109,0.45812,3.92734,0.0,0.0,0
3924.0,3923.0,272.0,56.23,17.0,0.14433,0.12473,107.41,6.44,0.0,922.0,0.0,0.0,1.0,1.17383,0.77649,2.00689,0.0,0.0,0
3925.0,3924.0,156.0,17.86,12.0,0.27978,0.11752,316.86,6.86,0.0,1986.0,4.0,0.0,0.0,0.32914,0.28453,2.06123,0.0,0.0,0
3926.0,3925.0,329.0,17.61,9.0,0.13349,0.06791,5.63,51.53,0.0,1930.0,2.0,0.0,1.0,0.86346,0.62243,3.96131,0.0,1.0,0
3927.0,3926.0,67.0,35.61,10.0,0.22712,0.11299,295.35,207.38,1.0,1146.0,4.0,1.0,0.0,2.65698,1.29664,5.33938,0.0,0.0,0
3928.0,3927.0,385.0,38.6,17.0,0.52152,0.01,658.98,27.6,1.0,915.0,4.0,0.0,0.0,0.80462,0.59035,3.35349,0.0,0.0,0
3929.0,3928.0,136.0,250.71,2.0,0.42242,0.08464,514.66,47.68,1.0,1185.0,1.0,0.0,1.0,2.49419,1.2511,3.88526,1.0,0.0,0
3930.0,3929.0,394.0,269.67,20.0,0.16258,0.17675,350.29,180.44,0.0,2033.0,2.0,1.0,1.0,3.83655,1.5762,5.2009,0.0,0.0,0
3931.0,3930.0,196.0,92.2,14.0,0.04382,0.57935,172.28,3.67,0.0,1865.0,1.0,0.0,1.0,2.486,1.24876,1.54221,0.0,0.0,1
3932.0,3931.0,313.0,10.73,2.0,0.35331,0.23184,241.54,6.76,0.0,229.0,2.0,0.0,1.0,0.45256,0.37333,2.04915,1.0,0.0,0
3933.0,3932.0,319.0,64.77,6.0,0.57643,0.16316,172.58,74.9,1.0,1189.0,2.0,0.0,0.0,1.02803,0.70706,4.32944,0.0,0.0,0
3934.0,3933.0,307.0,182.58,19.0,0.18647,0.34223,231.55,5.37,0.0,2026.0,2.0,0.0,1.0,2.16662,1.15266,1.85173,0.0,0.0,0
3935.0,3934.0,278.0,95.92,13.0,0.18809,0.28737,304.01,32.41,0.0,457.0,2.0,0.0,1.0,0.95366,0.6697,3.50896,0.0,0.0,0
3936.0,3935.0,397.0,9.6,13.0,0.01002,0.249,566.72,69.18,0.0,1899.0,0.0,0.0,0.0,0.37317,0.31712,4.25107,0.0,0.0,0
3937.0,3936.0,166.0,222.97,9.0,0.05036,0.04086,564.43,10.24,1.0,414.0,0.0,0.0,1.0,1.52071,0.92454,2.41926,0.0,0.0,0
3938.0,3937.0,383.0,52.88,12.0,0.16784,0.14182,429.35,2.52,1.0,1724.0,1.0,0.0,1.0,1.49265,0.91335,1.25711,0.0,0.0,0
3939.0,3938.0,149.0,120.38,16.0,0.04616,0.06003,3.27,11.0,0.0,651.0,2.0,0.0,1.0,1.86587,1.05287,2.48457,0.0,1.0,0
3940.0,3939.0,178.0,303.08,10.0,0.44326,0.29477,626.72,3.83,1.0,563.0,5.0,0.0,0.0,1.61777,0.96232,1.57431,0.0,0.0,1
3941.0,3940.0,247.0,12.85,17.0,0.18521,0.16227,511.27,6.22,0.0,1577.0,3.0,0.0,0.0,0.72008,0.54237,1.97666,0.0,0.0,0
3942.0,3941.0,408.0,59.4,17.0,0.26248,0.35136,68.07,39.01,2.0,1713.0,2.0,0.0,0.0,0.9362,0.66072,3.68902,0.0,0.0,0
3943.0,3942.0,60.0,96.66,20.0,0.13702,0.07236,143.87,8.0,0.0,1515.0,0.0,0.0,1.0,0.65226,0.50214,2.19706,0.0,0.0,0
3944.0,3943.0,202.0,70.51,21.0,0.25399,0.3441,274.33,25.01,1.0,1329.0,1.0,0.0,1.0,0.83874,0.60908,3.25865,0.0,0.0,0
3945.0,3944.0,391.0,42.9,17.0,0.04327,0.42371,144.1,28.4,0.0,234.0,0.0,0.0,1.0,0.65118,0.50149,3.38101,0.0,0.0,0
3946.0,3945.0,252.0,15.87,11.0,0.31785,0.04463,213.36,35.1,3.0,217.0,2.0,1.0,1.0,0.5036,0.40786,3.58621,0.0,0.0,1
3947.0,3946.0,177.0,45.12,17.0,0.07693,0.11521,178.35,6.51,0.0,781.0,1.0,0.0,0.0,0.68226,0.52014,2.01566,0.0,0.0,0
3948.0,3947.0,413.0,213.24,11.0,0.329,0.28012,151.08,6.72,0.0,1692.0,2.0,0.0,0.0,1.74913,1.01129,2.04327,0.0,0.0,0
3949.0,3948.0,80.0,32.64,20.0,0.03821,0.04704,131.9,200.27,0.0,301.0,3.0,1.0,1.0,1.02048,0.70334,5.30466,0.0,0.0,0
3950.0,3949.0,198.0,18.14,8.0,0.56446,0.56239,0.83,53.64,0.0,843.0,2.0,0.0,1.0,0.45746,0.3767,4.00085,0.0,1.0,0
3951.0,3950.0,362.0,102.44,6.0,0.15428,0.16189,525.23,4.18,1.0,1375.0,4.0,0.0,0.0,1.71092,0.99729,1.64475,0.0,0.0,0
3952.0,3951.0,21.0,18.63,20.0,0.37421,0.21826,315.61,45.89,0.0,1095.0,2.0,0.0,0.0,0.21865,0.19774,3.84781,0.0,0.0,1
3953.0,3952.0,35.0,79.78,16.0,0.14162,0.18077,615.53,72.08,0.0,224.0,2.0,1.0,1.0,1.70209,0.99403,4.29155,0.0,0.0,0
3954.0,3953.0,169.0,107.22,18.0,0.24866,0.06387,231.47,21.88,0.0,989.0,1.0,0.0,0.0,1.59975,0.95541,3.13007,0.0,0.0,0
3955.0,3954.0,198.0,22.28,5.0,0.14337,0.14898,486.26,10.33,1.0,843.0,2.0,0.0,1.0,0.56174,0.4458,2.4278,1.0,0.0,0
3956.0,3955.0,273.0,277.5,14.0,0.10816,0.01679,155.5,11.32,0.0,601.0,1.0,0.0,0.0,1.71259,0.9979,2.51146,0.0,0.0,0
3957.0,3956.0,319.0,36.49,3.0,0.28534,0.2042,324.04,73.27,1.0,1189.0,1.0,0.0,0.0,0.57923,0.45694,4.30774,1.0,0.0,0
3958.0,3957.0,330.0,69.25,5.0,0.03597,0.06524,884.71,275.27,0.0,1086.0,1.0,1.0,0.0,0.63772,0.49331,5.62137,1.0,0.0,0
3959.0,3958.0,137.0,137.59,14.0,0.47574,0.06704,573.51,6.14,1.0,1118.0,3.0,0.0,0.0,1.2414,0.8071,1.96532,0.0,0.0,0
3960.0,3959.0,358.0,135.92,14.0,0.45871,0.12755,84.26,6.03,0.0,1951.0,0.0,0.0,1.0,0.59233,0.4652,1.95062,0.0,0.0,0
3961.0,3960.0,326.0,19.48,10.0,0.13387,0.06682,43.47,5.99,0.0,1283.0,1.0,0.0,1.0,0.62251,0.48398,1.94455,0.0,0.0,0
3962.0,3961.0,162.0,45.1,11.0,0.38568,0.05983,449.27,5.06,1.0,1631.0,0.0,0.0,1.0,1.64393,0.97227,1.8016,0.0,0.0,0
3963.0,3962.0,109.0,46.82,16.0,0.55753,0.10196,4.64,20.95,0.0,1723.0,5.0,0.0,0.0,0.84268,0.61122,3.0889,0.0,1.0,0
3964.0,3963.0,94.0,18.57,10.0,0.29941,0.05408,130.27,50.45,0.0,906.0,1.0,0.0,1.0,0.48277,0.39392,3.9407,0.0,0.0,1
3965.0,3964.0,79.0,21.73,13.0,0.41575,0.04999,5.83,10.1,0.0,818.0,4.0,0.0,0.0,0.60664,0.47414,2.40677,0.0,1.0,1
3966.0,3965.0,27.0,85.93,16.0,0.38598,0.1875,70.14,5.17,0.0,1949.0,2.0,0.0,0.0,1.49845,0.91567,1.81924,0.0,0.0,0
3967.0,3966.0,395.0,107.55,15.0,0.16796,0.09673,247.51,28.42,0.0,1708.0,1.0,1.0,0.0,1.22486,0.7997,3.38168,0.0,0.0,0
3968.0,3967.0,67.0,8.45,12.0,0.32024,0.30616,4.71,4.09,1.0,1146.0,2.0,0.0,0.0,0.63033,0.48879,1.62757,0.0,1.0,0
3969.0,3968.0,145.0,26.16,11.0,0.18176,0.15174,799.35,21.96,1.0,1658.0,3.0,0.0,1.0,0.65002,0.50079,3.13386,0.0,0.0,0
3970.0,3969.0,67.0,27.69,11.0,0.55497,0.16701,503.19,4.82,0.0,1146.0,1.0,0.0,1.0,2.06596,1.12036,1.76134,0.0,0.0,0
3971.0,3970.0,366.0,17.66,11.0,0.25287,0.04807,399.33,43.66,1.0,794.0,3.0,0.0,0.0,0.64804,0.49958,3.799,0.0,0.0,0
3972.0,3971.0,58.0,85.72,6.0,0.31504,0.01,6.29,25.33,0.0,1075.0,5.0,0.0,1.0,0.67751,0.51731,3.27079,0.0,1.0,1
3973.0,3972.0,329.0,10.62,12.0,0.19611,0.12553,5.16,9.68,0.0,1930.0,2.0,0.0,1.0,0.52103,0.41939,2.36815,0.0,1.0,0
3974.0,3973.0,311.0,19.38,18.0,0.13323,0.0581,273.09,8.92,0.0,2122.0,3.0,0.0,1.0,0.85694,0.61893,2.29441,0.0,0.0,0
3975.0,3974.0,324.0,52.83,12.0,0.23092,0.05004,119.83,12.87,1.0,1098.0,4.0,0.0,1.0,1.40194,0.87628,2.63006,0.0,0.0,0
3976.0,3975.0,275.0,54.4,16.0,0.12799,0.17231,158.08,4.71,1.0,327.0,4.0,0.0,1.0,1.04783,0.71678,1.7429,0.0,0.0,0
3977.0,3976.0,75.0,174.65,15.0,0.34489,0.23357,132.54,32.87,2.0,4.0,0.0,0.0,0.0,2.64111,1.29229,3.52264,0.0,0.0,0
3978.0,3977.0,277.0,75.81,19.0,0.20229,0.3682,2.11,2.33,0.0,198.0,4.0,0.0,0.0,1.93286,1.07598,1.20418,0.0,1.0,0
3979.0,3978.0,169.0,47.02,4.0,0.16458,0.04239,643.34,26.18,0.0,989.0,4.0,0.0,1.0,0.70149,0.53151,3.30237,1.0,0.0,0
3980.0,3979.0,389.0,13.11,17.0,0.2413,0.18989,546.02,5.65,0.0,140.0,0.0,0.0,1.0,0.32493,0.28136,1.89443,0.0,0.0,0
3981.0,3980.0,269.0,106.99,15.0,0.32991,0.21005,5.88,792.59,0.0,659.0,4.0,1.0,0.0,1.12491,0.75373,6.67657,0.0,1.0,0
3982.0,3981.0,23.0,100.43,6.0,0.22103,0.06484,542.72,16.56,1.0,2053.0,2.0,0.0,1.0,1.03369,0.70985,2.86569,0.0,0.0,0
3983.0,3982.0,44.0,189.05,9.0,0.18522,0.15159,277.73,71.43,1.0,237.0,4.0,0.0,0.0,2.85186,1.34856,4.28266,0.0,0.0,0
3984.0,3983.0,309.0,23.29,14.0,0.46537,0.03825,484.09,2.29,1.0,1963.0,3.0,0.0,0.0,0.94681,0.66619,1.19001,0.0,0.0,0
3985.0,3984.0,104.0,204.49,11.0,0.29942,0.03764,28.95,14.39,0.0,1277.0,2.0,0.0,1.0,2.56711,1.27176,2.73356,0.0,0.0,0
3986.0,3985.0,291.0,85.77,16.0,0.26232,0.0931,40.85,12.97,2.0,2129.0,3.0,0.0,0.0,1.57262,0.94492,2.63668,0.0,0.0,0
3987.0,3986.0,314.0,102.27,16.0,0.04744,0.04182,236.42,22.44,1.0,1324.0,1.0,0.0,1.0,2.955,1.37498,3.15449,0.0,0.0,0
3988.0,3987.0,371.0,16.5,14.0,0.44085,0.21814,94.56,4.43,0.0,487.0,7.0,0.0,1.0,0.23855,0.21394,1.6917,0.0,0.0,0
3989.0,3988.0,79.0,47.05,6.0,0.21467,0.12026,47.09,1.22,0.0,818.0,1.0,0.0,1.0,1.31337,0.8387,0.79782,0.0,0.0,0
3990.0,3989.0,292.0,96.32,16.0,0.26042,0.10742,300.79,227.47,1.0,742.0,3.0,1.0,0.0,1.33036,0.84602,5.4314,0.0,0.0,0
3991.0,3990.0,157.0,311.92,5.0,0.34517,0.30138,168.52,10.62,0.0,1321.0,1.0,0.0,1.0,3.54214,1.5134,2.45299,1.0,0.0,0
3992.0,3991.0,244.0,234.45,15.0,0.12387,0.06563,130.53,5.67,0.0,1923.0,1.0,0.0,0.0,6.14641,1.96661,1.89829,0.0,0.0,0
3993.0,3992.0,29.0,36.53,11.0,0.36591,0.20316,18.8,23.94,1.0,498.0,4.0,0.0,0.0,0.76644,0.56897,3.21644,0.0,0.0,0
3994.0,3993.0,164.0,513.9,10.0,0.42238,0.02814,41.82,9.72,0.0,2001.0,2.0,0.0,0.0,2.66059,1.29762,2.37251,0.0,0.0,0
3995.0,3994.0,132.0,162.53,12.0,0.28616,0.26254,397.8,9.58,0.0,1676.0,4.0,0.0,0.0,2.75887,1.32412,2.35863,0.0,0.0,0
3996.0,3995.0,105.0,179.18,17.0,0.19734,0.18898,282.16,75.08,1.0,1540.0,2.0,1.0,1.0,1.05513,0.72034,4.33173,0.0,0.0,0
3997.0,3996.0,181.0,39.2,13.0,0.12849,0.16406,319.57,5.81,2.0,1501.0,1.0,0.0,1.0,1.08116,0.73292,1.91787,0.0,0.0,0
3998.0,3997.0,337.0,22.51,13.0,0.15872,0.07912,432.28,154.93,0.0,1228.0,7.0,1.0,1.0,0.57125,0.45187,5.0494,0.0,0.0,0
3999.0,3998.0,54.0,96.82,13.0,0.24677,0.12198,85.07,178.8,1.0,427.0,1.0,0.0,0.0,0.72131,0.54309,5.19182,0.0,0.0,0
4000.0,3999.0,69.0,91.16,12.0,0.24901,0.11298,877.58,10.57,0.0,1782.0,2.0,0.0,1.0,2.22246,1.17015,2.44813,0.0,0.0,0
4001.0,4000.0,348.0,118.75,16.0,0.0847,0.11128,128.73,179.68,0.0,1225.0,2.0,1.0,0.0,1.06435,0.72481,5.19673,0.0,0.0,0
4002.0,4001.0,148.0,46.86,3.0,0.24829,0.01893,519.09,32.91,0.0,1988.0,2.0,0.0,0.0,1.51851,0.92367,3.5238,1.0,0.0,0
4003.0,4002.0,53.0,446.68,20.0,0.36258,0.17619,630.4,5.29,0.0,2169.0,2.0,0.0,1.0,4.52689,1.70963,1.83826,0.0,0.0,0
4004.0,4003.0,22.0,10.04,16.0,0.40552,0.18462,807.24,5.84,2.0,1861.0,4.0,0.0,1.0,0.39296,0.33143,1.92303,0.0,0.0,1
4005.0,4004.0,245.0,84.42,8.0,0.22986,0.06045,189.6,1.29,0.0,1444.0,1.0,0.0,0.0,0.68366,0.52097,0.8267,0.0,0.0,0
4006.0,4005.0,330.0,431.55,6.0,0.09259,0.07685,891.06,19.74,0.0,1086.0,1.0,0.0,0.0,3.974,1.60423,3.03202,0.0,0.0,0
4007.0,4006.0,145.0,18.04,1.0,0.27868,0.08865,614.74,362.01,0.0,1658.0,4.0,1.0,0.0,0.44816,0.3703,5.89444,1.0,0.0,0
4008.0,4007.0,232.0,45.86,14.0,0.58403,0.09405,256.29,56.09,1.0,532.0,4.0,0.0,0.0,0.83816,0.60876,4.04464,0.0,0.0,1
4009.0,4008.0,57.0,70.17,21.0,0.20123,0.01723,125.76,39.68,1.0,1136.0,1.0,0.0,1.0,2.80729,1.33692,3.70567,0.0,0.0,0
4010.0,4009.0,262.0,59.62,12.0,0.05793,0.13289,31.14,16.35,0.0,681.0,1.0,0.0,1.0,0.22258,0.20096,2.85335,0.0,0.0,1
4011.0,4010.0,117.0,19.4,12.0,0.11595,0.01,582.19,9.68,1.0,987.0,1.0,0.0,0.0,0.57345,0.45327,2.36798,0.0,0.0,0
4012.0,4011.0,8.0,64.2,17.0,0.25341,0.19274,155.9,48.09,1.0,1553.0,2.0,0.0,1.0,1.22917,0.80163,3.89363,0.0,0.0,0
4013.0,4012.0,374.0,110.65,6.0,0.44485,0.35955,6.08,11.44,0.0,1533.0,2.0,0.0,0.0,2.10361,1.13256,2.52099,0.0,1.0,0
4014.0,4013.0,13.0,55.88,10.0,0.3294,0.19836,325.31,43.67,0.0,1331.0,4.0,0.0,1.0,0.77646,0.57462,3.79936,0.0,0.0,0
4015.0,4014.0,208.0,43.1,15.0,0.26765,0.07604,132.51,40.84,0.0,1129.0,2.0,1.0,1.0,0.68864,0.52392,3.73396,0.0,0.0,0
4016.0,4015.0,268.0,44.52,15.0,0.31527,0.30162,108.7,28.05,0.0,423.0,2.0,0.0,1.0,0.83775,0.60854,3.36915,0.0,0.0,0
4017.0,4016.0,25.0,51.93,16.0,0.29,0.02216,180.15,13.43,0.0,461.0,0.0,0.0,1.0,0.76096,0.56586,2.66947,0.0,0.0,0
4018.0,4017.0,257.0,429.26,3.0,0.24279,0.1399,207.33,78.95,0.0,2159.0,2.0,0.0,1.0,2.70766,1.3104,4.38144,1.0,0.0,0
4019.0,4018.0,259.0,609.04,14.0,0.28303,0.06206,110.87,23.78,1.0,789.0,1.0,0.0,0.0,23.55319,3.20084,3.20998,0.0,0.0,0
4020.0,4019.0,226.0,25.07,9.0,0.34416,0.03162,235.28,88.26,0.0,1331.0,0.0,0.0,1.0,0.79414,0.58453,4.49153,0.0,0.0,0
4021.0,4020.0,346.0,146.95,13.0,0.24625,0.06641,116.19,8.4,0.0,2186.0,1.0,0.0,1.0,1.04114,0.71351,2.24048,0.0,0.0,0
4022.0,4021.0,153.0,38.39,6.0,0.22809,0.11985,36.34,5.83,1.0,2084.0,1.0,0.0,1.0,1.13879,0.76024,1.92118,0.0,0.0,0
4023.0,4022.0,116.0,363.55,15.0,0.17838,0.40072,49.24,41.11,0.0,2119.0,0.0,0.0,0.0,2.54566,1.26573,3.7404,0.0,0.0,0
4024.0,4023.0,44.0,13.05,10.0,0.17377,0.05921,0.88,6.19,0.0,237.0,1.0,0.0,1.0,0.19693,0.17976,1.97275,0.0,1.0,0
4025.0,4024.0,222.0,109.79,7.0,0.2835,0.18466,759.86,219.79,0.0,741.0,1.0,1.0,1.0,1.20888,0.79248,5.39721,0.0,0.0,0
4026.0,4025.0,194.0,22.55,6.0,0.44385,0.0294,515.65,13.82,2.0,1488.0,4.0,0.0,1.0,1.46969,0.90409,2.69625,0.0,0.0,0
4027.0,4026.0,223.0,113.27,12.0,0.14663,0.12256,158.57,6.08,0.0,28.0,1.0,0.0,1.0,2.84363,1.34642,1.95778,0.0,0.0,0
4028.0,4027.0,211.0,700.56,8.0,0.16056,0.26981,5.56,4.48,1.0,883.0,0.0,0.0,0.0,4.98188,1.78873,1.70072,0.0,1.0,0
4029.0,4028.0,68.0,116.93,15.0,0.37557,0.04014,125.84,6.49,0.0,475.0,1.0,0.0,1.0,1.09374,0.73895,2.01338,0.0,0.0,0
4030.0,4029.0,279.0,86.02,12.0,0.27483,0.01702,673.23,4.27,0.0,2113.0,2.0,0.0,0.0,1.40153,0.87611,1.66292,0.0,0.0,0
4031.0,4030.0,186.0,68.65,11.0,0.28139,0.06424,220.26,4.29,1.0,1076.0,1.0,0.0,1.0,2.42662,1.23157,1.66542,0.0,0.0,0
4032.0,4031.0,66.0,37.4,21.0,0.74077,0.10228,114.44,5.85,1.0,99.0,3.0,0.0,0.0,0.44394,0.36737,1.92448,0.0,0.0,0
4033.0,4032.0,124.0,503.61,6.0,0.29066,0.10788,77.38,10.5,0.0,60.0,2.0,0.0,1.0,13.26075,2.65751,2.44191,0.0,0.0,0
4034.0,4033.0,337.0,42.92,7.0,0.06641,0.19343,592.29,3.83,0.0,1228.0,2.0,0.0,1.0,1.0892,0.73678,1.57448,0.0,0.0,0
4035.0,4034.0,15.0,62.46,17.0,0.25306,0.26395,656.5,10.7,0.0,2047.0,3.0,0.0,0.0,0.61553,0.47966,2.45989,0.0,0.0,0
4036.0,4035.0,13.0,41.66,1.0,0.6793,0.13544,568.43,5.76,0.0,1331.0,6.0,0.0,1.0,0.57889,0.45672,1.91092,1.0,0.0,0
4037.0,4036.0,134.0,50.46,3.0,0.69913,0.3895,551.11,8.94,1.0,813.0,1.0,0.0,1.0,1.37452,0.86479,2.29682,1.0,0.0,0
4038.0,4037.0,107.0,30.8,11.0,0.27839,0.15284,3.2,71.25,0.0,498.0,1.0,1.0,0.0,1.12857,0.75545,4.28011,0.0,1.0,0
4039.0,4038.0,92.0,54.87,16.0,0.40684,0.01542,576.39,17.21,1.0,83.0,6.0,0.0,0.0,1.704,0.99473,2.90214,0.0,0.0,1
4040.0,4039.0,360.0,24.36,14.0,0.37259,0.01,469.67,7.06,0.0,2194.0,2.0,0.0,1.0,1.29767,0.8319,2.08719,0.0,0.0,0
4041.0,4040.0,138.0,105.92,7.0,0.06547,0.07506,233.19,15.08,0.0,1772.0,0.0,0.0,1.0,2.28884,1.19053,2.77766,0.0,0.0,0
4042.0,4041.0,124.0,33.62,15.0,0.2783,0.06482,42.07,60.89,0.0,60.0,0.0,0.0,0.0,0.8853,0.63409,4.12537,0.0,0.0,0
4043.0,4042.0,343.0,53.64,19.0,0.04691,0.09938,685.75,276.62,0.0,838.0,1.0,1.0,0.0,1.24577,0.80905,5.62624,0.0,0.0,1
4044.0,4043.0,140.0,42.6,15.0,0.50166,0.08444,2.15,12.2,2.0,720.0,3.0,0.0,1.0,0.33248,0.28704,2.57988,0.0,1.0,0
4045.0,4044.0,77.0,214.45,7.0,0.54598,0.06453,304.75,48.82,0.0,698.0,1.0,0.0,1.0,2.61201,1.28426,3.90836,0.0,0.0,0
4046.0,4045.0,178.0,318.85,6.0,0.36202,0.02009,391.15,20.93,1.0,563.0,3.0,0.0,1.0,1.70191,0.99396,3.08804,0.0,0.0,0
4047.0,4046.0,223.0,54.73,19.0,0.2866,0.21733,4.03,21.19,2.0,28.0,1.0,0.0,1.0,1.37399,0.86457,3.09985,0.0,1.0,0
4048.0,4047.0,321.0,70.99,7.0,0.42242,0.05054,91.88,17.85,0.0,1705.0,5.0,0.0,0.0,1.00536,0.69582,2.93676,0.0,0.0,0
4049.0,4048.0,254.0,222.94,15.0,0.31266,0.07389,86.89,10.33,0.0,336.0,6.0,0.0,1.0,3.54236,1.51345,2.42772,0.0,0.0,0
4050.0,4049.0,280.0,35.31,15.0,0.11516,0.01477,360.71,50.59,0.0,1448.0,2.0,0.0,1.0,1.28824,0.82778,3.94328,0.0,0.0,0
4051.0,4050.0,96.0,24.42,14.0,0.22019,0.40297,258.75,15.04,0.0,1917.0,4.0,0.0,1.0,0.50443,0.40842,2.77528,0.0,0.0,0
4052.0,4051.0,37.0,24.43,12.0,0.10039,0.31295,147.04,11.09,1.0,1840.0,0.0,0.0,1.0,0.62775,0.4872,2.49197,0.0,0.0,0
4053.0,4052.0,318.0,54.42,18.0,0.14231,0.08473,427.52,7.62,0.0,866.0,2.0,0.0,1.0,0.65603,0.50442,2.1545,0.0,0.0,0
4054.0,4053.0,296.0,264.71,16.0,0.51536,0.08709,73.26,823.28,0.0,658.0,7.0,1.0,1.0,5.96601,1.94104,6.71451,0.0,0.0,1
4055.0,4054.0,156.0,233.83,17.0,0.33076,0.01,179.28,4.61,1.0,1986.0,2.0,0.0,1.0,4.3095,1.6695,1.72482,0.0,0.0,0
4056.0,4055.0,314.0,101.93,19.0,0.17879,0.11053,243.76,1.96,0.0,1324.0,1.0,0.0,1.0,2.94499,1.37245,1.08562,0.0,0.0,0
4057.0,4056.0,323.0,33.53,2.0,0.04472,0.01554,36.36,27.74,0.0,1520.0,2.0,0.0,0.0,0.81211,0.59449,3.35818,1.0,0.0,0
4058.0,4057.0,366.0,20.97,15.0,0.13146,0.16384,882.21,1.13,0.0,794.0,4.0,0.0,0.0,0.76935,0.57061,0.75409,0.0,0.0,0
4059.0,4058.0,182.0,74.18,17.0,0.31608,0.16063,6.22,174.4,0.0,1976.0,3.0,1.0,0.0,0.82132,0.59956,5.16707,0.0,1.0,0
4060.0,4059.0,73.0,33.73,13.0,0.26212,0.43283,175.31,10.53,0.0,1339.0,0.0,0.0,1.0,0.59875,0.46922,2.44465,0.0,0.0,0
4061.0,4060.0,58.0,159.76,12.0,0.03225,0.27978,1.82,17.23,2.0,1075.0,2.0,0.0,1.0,1.26268,0.81655,2.90301,0.0,1.0,1
4062.0,4061.0,360.0,55.49,20.0,0.1478,0.17767,621.57,14.76,0.0,2194.0,3.0,0.0,1.0,2.95585,1.3752,2.75777,0.0,0.0,0
4063.0,4062.0,100.0,12.88,7.0,0.29145,0.06293,167.99,11.42,0.0,1929.0,0.0,0.0,1.0,0.39769,0.33482,2.51944,0.0,0.0,0
4064.0,4063.0,308.0,183.24,14.0,0.33085,0.04769,42.18,3.21,1.0,534.0,1.0,0.0,1.0,2.86381,1.35165,1.4373,0.0,0.0,0
4065.0,4064.0,264.0,16.1,5.0,0.04619,0.23162,271.67,5.48,0.0,1841.0,0.0,0.0,1.0,0.75962,0.5651,1.86892,1.0,0.0,0
4066.0,4065.0,10.0,82.53,6.0,0.3395,0.2883,405.49,4.08,2.0,1497.0,2.0,0.0,0.0,1.91617,1.07027,1.62526,0.0,0.0,0
4067.0,4066.0,356.0,179.97,15.0,0.1763,0.19579,302.38,5.53,0.0,413.0,0.0,0.0,1.0,4.87538,1.77077,1.87691,0.0,0.0,0
4068.0,4067.0,87.0,174.23,10.0,0.1398,0.08799,191.09,5.71,0.0,1015.0,0.0,0.0,1.0,1.522,0.92505,1.90304,0.0,0.0,0
4069.0,4068.0,288.0,141.39,8.0,0.10285,0.22899,157.11,58.56,0.0,1634.0,0.0,0.0,1.0,3.46338,1.49591,4.08703,0.0,0.0,0
4070.0,4069.0,393.0,11.41,13.0,0.18932,0.28368,173.99,254.96,2.0,908.0,4.0,1.0,0.0,0.66915,0.51231,5.54502,0.0,0.0,1
4071.0,4070.0,156.0,86.75,14.0,0.23777,0.10886,486.28,17.48,0.0,1986.0,0.0,0.0,1.0,1.59891,0.95509,2.91668,0.0,0.0,0
4072.0,4071.0,135.0,25.48,15.0,0.72465,0.37686,42.25,6.23,0.0,1091.0,5.0,0.0,0.0,0.66445,0.5095,1.97838,0.0,0.0,0
4073.0,4072.0,265.0,17.89,11.0,0.20907,0.16233,180.54,5.73,0.0,1924.0,4.0,0.0,0.0,0.98727,0.68676,1.90698,0.0,0.0,0
4074.0,4073.0,104.0,722.43,8.0,0.46172,0.15665,29.6,17.33,1.0,1277.0,3.0,0.0,0.0,9.069,2.30946,2.90867,0.0,0.0,1
4075.0,4074.0,412.0,78.53,8.0,0.14225,0.17444,408.57,10.96,1.0,243.0,1.0,0.0,0.0,1.3399,0.85011,2.48142,0.0,0.0,0
4076.0,4075.0,289.0,86.22,10.0,0.36364,0.30771,667.27,22.16,0.0,785.0,0.0,0.0,1.0,1.61661,0.96188,3.14231,0.0,0.0,0
4077.0,4076.0,239.0,64.07,13.0,0.16419,0.07421,133.59,5.81,0.0,315.0,0.0,0.0,1.0,4.7507,1.74932,1.91799,0.0,0.0,0
4078.0,4077.0,230.0,262.32,17.0,0.0702,0.39027,156.62,13.16,1.0,1266.0,1.0,0.0,0.0,3.23666,1.44378,2.65054,0.0,0.0,0
4079.0,4078.0,308.0,48.78,9.0,0.24806,0.07551,80.3,2.65,1.0,534.0,1.0,0.0,1.0,0.76238,0.56667,1.29358,0.0,0.0,0
4080.0,4079.0,38.0,14.98,10.0,0.3254,0.18449,788.83,8.11,0.0,311.0,2.0,0.0,0.0,0.3786,0.32107,2.20958,0.0,0.0,0
4081.0,4080.0,386.0,24.84,8.0,0.29039,0.24281,920.25,20.14,1.0,1740.0,4.0,0.0,1.0,0.96431,0.67514,3.05095,0.0,0.0,0
4082.0,4081.0,291.0,66.28,18.0,0.25051,0.26878,65.08,57.83,1.0,2129.0,3.0,0.0,1.0,1.21523,0.79536,4.07462,0.0,0.0,0
4083.0,4082.0,191.0,23.73,8.0,0.30844,0.10977,262.86,28.89,0.0,1719.0,3.0,0.0,1.0,0.90752,0.6458,3.3974,0.0,0.0,0
4084.0,4083.0,366.0,35.5,10.0,0.44941,0.03641,815.02,8.89,2.0,794.0,1.0,0.0,0.0,1.30231,0.83391,2.29201,0.0,0.0,1
4085.0,4084.0,386.0,57.54,14.0,0.47726,0.1055,697.54,44.49,0.0,1740.0,4.0,0.0,0.0,2.23363,1.1736,3.81749,0.0,0.0,0
4086.0,4085.0,192.0,12.08,18.0,0.41601,0.01,662.85,3.92,0.0,408.0,1.0,0.0,0.0,0.42427,0.35366,1.59359,0.0,0.0,0
4087.0,4086.0,216.0,34.68,4.0,0.42749,0.30689,200.38,96.35,0.0,1685.0,2.0,0.0,0.0,0.51197,0.41341,4.57827,1.0,0.0,0
4088.0,4087.0,37.0,71.65,10.0,0.18078,0.28399,121.88,14.54,0.0,1840.0,0.0,0.0,0.0,1.84158,1.04436,2.74334,0.0,0.0,0
4089.0,4088.0,331.0,21.83,15.0,0.34033,0.03818,223.71,10.5,0.0,212.0,2.0,0.0,1.0,0.44449,0.36776,2.44222,0.0,0.0,0
4090.0,4089.0,156.0,40.77,7.0,0.02178,0.13369,448.45,6.17,0.0,1986.0,1.0,0.0,1.0,0.75141,0.56042,1.96985,0.0,0.0,0
4091.0,4090.0,103.0,71.31,13.0,0.21013,0.30768,5.31,3.13,0.0,1513.0,2.0,0.0,1.0,1.36637,0.86136,1.4193,0.0,1.0,0
4092.0,4091.0,113.0,155.32,14.0,0.27577,0.02816,344.78,36.8,0.0,1906.0,1.0,0.0,0.0,1.60857,0.9588,3.63228,0.0,0.0,0
4093.0,4092.0,56.0,73.37,11.0,0.14973,0.22349,295.0,21.09,0.0,1084.0,2.0,0.0,1.0,2.33694,1.20505,3.09528,0.0,0.0,0
4094.0,4093.0,163.0,7.88,8.0,0.48133,0.10028,300.17,15.62,1.0,2188.0,2.0,0.0,1.0,0.25758,0.22919,2.81037,0.0,0.0,0
4095.0,4094.0,21.0,160.23,14.0,0.05337,0.27871,71.12,9.09,1.0,1095.0,1.0,0.0,1.0,1.88072,1.05804,2.31117,0.0,0.0,0
4096.0,4095.0,197.0,522.84,15.0,0.16134,0.09896,338.13,5.26,0.0,90.0,3.0,0.0,1.0,6.42191,2.00444,1.83475,0.0,0.0,0
4097.0,4096.0,221.0,192.19,19.0,0.26276,0.04502,720.27,23.3,1.0,110.0,1.0,0.0,1.0,2.60869,1.28335,3.19051,0.0,0.0,0
4098.0,4097.0,93.0,109.32,9.0,0.16221,0.24067,225.2,4.38,0.0,1443.0,0.0,0.0,0.0,1.69135,0.99004,1.68183,0.0,0.0,0
4099.0,4098.0,301.0,27.53,2.0,0.03958,0.26394,112.75,12.32,0.0,485.0,2.0,0.0,1.0,1.03434,0.71017,2.58929,1.0,0.0,0
4100.0,4099.0,220.0,83.53,14.0,0.44541,0.46861,815.26,6.52,0.0,929.0,0.0,0.0,0.0,2.75435,1.32291,2.0172,0.0,0.0,0
4101.0,4100.0,346.0,183.91,4.0,0.34821,0.02858,232.27,87.6,3.0,2186.0,4.0,1.0,1.0,1.303,0.83421,4.48413,1.0,0.0,0
4102.0,4101.0,192.0,4.33,16.0,0.16973,0.24396,268.86,9.0,0.0,408.0,1.0,0.0,0.0,0.15199,0.14149,2.30235,0.0,0.0,0
4103.0,4102.0,13.0,83.04,17.0,0.19827,0.14679,713.92,5.53,2.0,1331.0,3.0,0.0,0.0,1.15385,0.76726,1.87637,0.0,0.0,0
4104.0,4103.0,97.0,55.1,15.0,0.17515,0.01831,253.78,5.12,0.0,114.0,0.0,0.0,1.0,0.66558,0.51017,1.81145,0.0,0.0,0
4105.0,4104.0,178.0,293.47,19.0,0.165,0.2705,597.35,8.08,1.0,563.0,2.0,0.0,0.0,1.56644,0.94252,2.20612,0.0,0.0,0
4106.0,4105.0,195.0,64.99,8.0,0.84086,0.04829,225.38,21.72,4.0,1472.0,7.0,0.0,0.0,5.3218,1.844,3.12345,0.0,0.0,0
4107.0,4106.0,188.0,218.54,10.0,0.33519,0.01249,248.2,10.4,1.0,909.0,1.0,0.0,1.0,1.49593,0.91466,2.43367,0.0,0.0,0
4108.0,4107.0,40.0,108.26,17.0,0.06143,0.04716,858.4,4.71,0.0,1992.0,0.0,0.0,1.0,1.23466,0.80409,1.74258,0.0,0.0,0
4109.0,4108.0,164.0,302.93,14.0,0.21136,0.03154,31.03,17.77,1.0,2001.0,1.0,0.0,1.0,1.56834,0.94326,2.9322,0.0,0.0,0
4110.0,4109.0,286.0,155.41,17.0,0.15672,0.27759,338.31,4.52,2.0,1906.0,1.0,0.0,1.0,1.10516,0.74439,1.70749,0.0,0.0,0
4111.0,4110.0,187.0,75.95,17.0,0.10763,0.25603,570.24,12.24,0.0,960.0,1.0,0.0,1.0,1.07999,0.73236,2.58325,0.0,0.0,0
4112.0,4111.0,43.0,106.83,4.0,0.39629,0.01629,238.07,4.42,0.0,637.0,3.0,0.0,0.0,1.55754,0.93905,1.68943,1.0,0.0,0
4113.0,4112.0,124.0,47.33,12.0,0.30713,0.01,148.8,59.85,0.0,60.0,3.0,0.0,1.0,1.24619,0.80924,4.10836,0.0,0.0,0
4114.0,4113.0,143.0,22.38,14.0,0.15354,0.14736,304.38,167.75,0.0,1689.0,0.0,1.0,0.0,0.68818,0.52365,5.12841,0.0,0.0,1
4115.0,4114.0,331.0,245.17,10.0,0.17374,0.04218,41.91,29.77,0.0,212.0,1.0,0.0,1.0,4.9908,1.79022,3.4264,0.0,0.0,0
4116.0,4115.0,201.0,48.51,18.0,0.1044,0.07586,325.89,7.46,1.0,108.0,0.0,0.0,0.0,0.60675,0.47422,2.13556,0.0,0.0,0
4117.0,4116.0,109.0,101.95,14.0,0.01908,0.03105,60.15,21.98,0.0,1723.0,2.0,0.0,0.0,1.8351,1.04208,3.13451,0.0,0.0,0
4118.0,4117.0,305.0,38.46,17.0,0.06234,0.0728,444.23,17.66,0.0,1231.0,5.0,0.0,1.0,2.01785,1.10455,2.92642,0.0,0.0,0
4119.0,4118.0,73.0,23.58,13.0,0.4562,0.05335,128.41,12.2,0.0,1339.0,1.0,0.0,0.0,0.41859,0.34967,2.58043,0.0,0.0,0
4120.0,4119.0,322.0,57.82,22.0,0.3017,0.16292,269.58,20.09,0.0,1310.0,2.0,0.0,1.0,1.29445,0.83049,3.04876,0.0,0.0,0
4121.0,4120.0,65.0,236.84,3.0,0.45061,0.09166,304.41,11.77,0.0,1888.0,2.0,0.0,0.0,2.5749,1.27394,2.54742,1.0,0.0,0
4122.0,4121.0,209.0,77.98,13.0,0.16215,0.25376,529.98,26.43,0.0,2176.0,0.0,0.0,1.0,1.30898,0.83681,3.31163,0.0,0.0,0
4123.0,4122.0,351.0,32.21,7.0,0.27486,0.21381,821.91,68.04,0.0,1619.0,3.0,1.0,0.0,0.42632,0.3551,4.23473,0.0,0.0,0
4124.0,4123.0,166.0,526.57,18.0,0.16688,0.15658,275.54,14.98,0.0,414.0,2.0,0.0,1.0,3.59139,1.52418,2.77106,0.0,0.0,0
4125.0,4124.0,63.0,112.76,10.0,0.24021,0.14997,214.85,7.38,1.0,636.0,0.0,0.0,0.0,0.99635,0.69132,2.126,0.0,0.0,0
4126.0,4125.0,219.0,30.35,17.0,0.34462,0.19215,78.09,29.38,2.0,1437.0,2.0,0.0,0.0,0.62837,0.48758,3.41372,0.0,0.0,1
4127.0,4126.0,202.0,59.72,14.0,0.41391,0.04758,281.89,9.71,0.0,1329.0,1.0,0.0,1.0,0.71035,0.5367,2.37155,0.0,0.0,0
4128.0,4127.0,403.0,29.21,18.0,0.1261,0.2276,60.48,7.39,0.0,65.0,3.0,0.0,1.0,0.27686,0.24441,2.1272,0.0,0.0,0
4129.0,4128.0,28.0,220.35,3.0,0.44903,0.02808,153.09,2.66,0.0,826.0,2.0,0.0,1.0,4.46663,1.69866,1.29879,1.0,0.0,1
4130.0,4129.0,167.0,196.4,10.0,0.36427,0.16449,86.1,7.65,1.0,1471.0,2.0,0.0,1.0,4.39435,1.68535,2.15802,0.0,0.0,0
4131.0,4130.0,243.0,48.59,12.0,0.29946,0.15997,348.03,97.7,1.0,1841.0,2.0,1.0,1.0,0.67702,0.51702,4.59208,0.0,0.0,0
4132.0,4131.0,31.0,260.12,10.0,0.12284,0.05148,21.57,7.4,0.0,940.0,2.0,0.0,1.0,17.29819,2.9068,2.1285,0.0,0.0,0
4133.0,4132.0,111.0,45.49,3.0,0.1301,0.16809,348.94,5.07,0.0,1109.0,1.0,0.0,0.0,1.76012,1.01527,1.80346,1.0,0.0,0
4134.0,4133.0,408.0,84.37,21.0,0.12507,0.3975,205.9,60.06,0.0,1713.0,2.0,0.0,1.0,1.32966,0.84572,4.11181,0.0,0.0,0
4135.0,4134.0,49.0,39.56,15.0,0.23437,0.40224,76.04,16.12,2.0,980.0,2.0,0.0,1.0,2.29896,1.19361,2.84043,0.0,0.0,0
4136.0,4135.0,347.0,642.21,14.0,0.06283,0.01197,96.17,7.57,0.0,1085.0,2.0,0.0,1.0,2.65325,1.29562,2.14807,0.0,0.0,1
4137.0,4136.0,290.0,27.62,16.0,0.02397,0.04507,145.37,24.58,0.0,1510.0,2.0,0.0,0.0,0.62215,0.48375,3.24198,0.0,0.0,0
4138.0,4137.0,260.0,148.8,13.0,0.09879,0.07434,432.72,13.57,0.0,417.0,1.0,0.0,0.0,4.67227,1.73559,2.67912,0.0,0.0,0
4139.0,4138.0,69.0,103.75,21.0,0.17248,0.07271,879.31,8.63,0.0,1782.0,1.0,0.0,1.0,2.52936,1.26112,2.26528,0.0,0.0,0
4140.0,4139.0,302.0,53.36,16.0,0.27792,0.142,291.91,3.48,0.0,1172.0,3.0,0.0,0.0,0.72614,0.54589,1.49853,0.0,0.0,0
4141.0,4140.0,363.0,27.86,5.0,0.15755,0.31538,203.39,389.33,0.0,552.0,5.0,1.0,1.0,0.4604,0.37871,5.96698,1.0,0.0,0
4142.0,4141.0,413.0,977.12,6.0,0.2139,0.05111,696.31,20.99,0.0,1692.0,1.0,0.0,1.0,8.01507,2.1989,3.09041,0.0,0.0,0
4143.0,4142.0,284.0,33.39,9.0,0.20398,0.23487,800.56,12.97,1.0,427.0,4.0,0.0,1.0,1.16058,0.77037,2.6368,0.0,0.0,0
4144.0,4143.0,300.0,76.09,14.0,0.08154,0.03616,281.7,13.32,0.0,1290.0,1.0,0.0,0.0,2.61879,1.28614,2.66185,0.0,0.0,0
4145.0,4144.0,216.0,109.03,15.0,0.45557,0.08727,723.5,15.01,1.0,1685.0,2.0,0.0,0.0,1.60941,0.95912,2.77318,0.0,0.0,0
4146.0,4145.0,247.0,8.39,12.0,0.1683,0.37269,235.51,39.96,1.0,1577.0,1.0,0.0,1.0,0.46996,0.38524,3.71268,0.0,0.0,0
4147.0,4146.0,198.0,52.37,8.0,0.49182,0.13676,276.75,22.64,1.0,843.0,0.0,0.0,0.0,1.32059,0.84182,3.16285,0.0,0.0,1
4148.0,4147.0,371.0,97.24,16.0,0.28924,0.08816,2.34,8.59,2.0,487.0,3.0,0.0,1.0,1.4059,0.87792,2.26068,0.0,1.0,0
4149.0,4148.0,109.0,116.69,10.0,0.63186,0.06205,53.74,4.67,2.0,1723.0,4.0,0.0,0.0,2.10035,1.13151,1.73451,0.0,0.0,1
4150.0,4149.0,361.0,256.79,12.0,0.15371,0.02931,227.68,1.35,2.0,2032.0,3.0,0.0,1.0,1.8618,1.05145,0.85605,0.0,0.0,0
4151.0,4150.0,197.0,194.65,14.0,0.48501,0.05675,289.98,28.86,0.0,90.0,2.0,0.0,1.0,2.39077,1.22106,3.39668,0.0,0.0,0
4152.0,4151.0,212.0,278.78,3.0,0.46045,0.22163,68.44,119.84,0.0,1636.0,2.0,0.0,1.0,8.84612,2.28708,4.79445,1.0,0.0,1
4153.0,4152.0,264.0,26.33,13.0,0.36119,0.1491,133.45,49.35,0.0,1841.0,3.0,0.0,1.0,1.24238,0.80754,3.91892,0.0,0.0,1
4154.0,4153.0,46.0,10.68,10.0,0.3676,0.26142,178.73,55.85,0.0,281.0,3.0,0.0,1.0,0.34496,0.29637,4.04044,0.0,0.0,0
4155.0,4154.0,412.0,69.41,7.0,0.49659,0.24247,2.01,3.57,0.0,243.0,4.0,0.0,1.0,1.18419,0.78124,1.52048,0.0,1.0,0
4156.0,4155.0,29.0,80.17,13.0,0.18539,0.19496,2.9,10.64,0.0,498.0,0.0,0.0,0.0,1.68176,0.98647,2.45417,0.0,1.0,0
4157.0,4156.0,262.0,224.18,10.0,0.32922,0.10026,2.29,45.86,1.0,681.0,2.0,1.0,0.0,0.83697,0.60812,3.8472,0.0,1.0,0
4158.0,4157.0,7.0,43.27,14.0,0.10274,0.15815,334.07,16.4,0.0,1086.0,2.0,0.0,1.0,0.99983,0.69306,2.85671,0.0,0.0,0
4159.0,4158.0,380.0,87.31,7.0,0.45754,0.38587,241.73,21.6,0.0,1896.0,5.0,0.0,1.0,1.97069,1.08879,3.11796,0.0,0.0,0
4160.0,4159.0,141.0,49.65,11.0,0.1273,0.24964,379.08,6.57,0.0,1788.0,0.0,0.0,1.0,0.98693,0.68659,2.02465,0.0,0.0,0
4161.0,4160.0,197.0,54.21,11.0,0.33877,0.40598,223.47,16.35,0.0,90.0,1.0,0.0,1.0,0.66587,0.51035,2.85349,0.0,0.0,0
4162.0,4161.0,36.0,19.63,21.0,0.46393,0.51611,40.48,40.71,0.0,1392.0,2.0,0.0,0.0,0.75527,0.56262,3.73083,0.0,0.0,0
4163.0,4162.0,10.0,531.4,1.0,0.3456,0.1473,140.03,28.51,1.0,1497.0,3.0,0.0,1.0,12.33872,2.59067,3.38488,1.0,0.0,1
4164.0,4163.0,34.0,143.72,3.0,0.25059,0.02468,325.5,43.74,0.0,400.0,1.0,0.0,1.0,1.71082,0.99725,3.80092,1.0,0.0,1
4165.0,4164.0,176.0,51.66,8.0,0.05182,0.17166,47.91,45.92,2.0,1175.0,3.0,1.0,1.0,0.97572,0.68093,3.84842,0.0,0.0,0
4166.0,4165.0,107.0,88.24,7.0,0.31776,0.15097,471.56,44.53,1.0,498.0,3.0,0.0,1.0,3.23318,1.44295,3.81837,0.0,0.0,0
4167.0,4166.0,380.0,71.26,17.0,0.02668,0.22067,261.63,19.43,0.0,1896.0,2.0,0.0,1.0,1.60853,0.95879,3.01686,0.0,0.0,0
4168.0,4167.0,181.0,17.54,14.0,0.21701,0.35561,309.48,6.78,1.0,1501.0,0.0,0.0,0.0,0.48377,0.39458,2.05201,0.0,0.0,0
4169.0,4168.0,139.0,34.33,6.0,0.01632,0.55084,321.3,12.14,0.0,87.0,1.0,0.0,1.0,0.84793,0.61407,2.57567,0.0,0.0,0
4170.0,4169.0,82.0,12.58,10.0,0.20515,0.13262,125.41,3.48,0.0,439.0,1.0,0.0,1.0,0.80501,0.59057,1.49862,0.0,0.0,0
4171.0,4170.0,221.0,86.7,19.0,0.24285,0.02953,328.46,43.26,2.0,110.0,4.0,0.0,0.0,1.17681,0.77786,3.79009,0.0,0.0,0
4172.0,4171.0,78.0,38.78,10.0,0.2351,0.15217,357.15,2.98,1.0,1375.0,1.0,0.0,1.0,0.67277,0.51448,1.38138,0.0,0.0,0
4173.0,4172.0,380.0,28.27,14.0,0.1796,0.18527,0.92,31.82,1.0,1896.0,1.0,1.0,1.0,0.63814,0.49356,3.49113,0.0,1.0,1
4174.0,4173.0,67.0,8.72,14.0,0.14758,0.07366,537.68,48.67,0.0,1146.0,1.0,0.0,0.0,0.65074,0.50123,3.9054,0.0,0.0,0
4175.0,4174.0,307.0,139.03,16.0,0.49529,0.01,167.62,6.32,1.0,2026.0,5.0,0.0,1.0,1.6498,0.97448,1.99127,0.0,0.0,0
4176.0,4175.0,119.0,218.26,15.0,0.15891,0.11832,535.4,43.1,0.0,1514.0,1.0,0.0,1.0,4.5688,1.71718,3.78656,0.0,0.0,0
4177.0,4176.0,45.0,115.72,11.0,0.169,0.25013,144.43,50.3,0.0,647.0,2.0,0.0,1.0,2.05901,1.11809,3.93778,0.0,0.0,0
4178.0,4177.0,263.0,72.2,18.0,0.16169,0.23893,559.22,19.54,1.0,975.0,2.0,0.0,1.0,1.7847,1.02414,3.02256,0.0,0.0,0
4179.0,4178.0,40.0,63.69,3.0,0.16119,0.31571,317.27,7.87,0.0,1992.0,1.0,0.0,1.0,0.72632,0.54599,2.18248,1.0,0.0,0
4180.0,4179.0,269.0,53.86,11.0,0.11546,0.13673,163.41,18.06,0.0,659.0,2.0,0.0,0.0,0.5663,0.44871,2.94777,0.0,0.0,0
4181.0,4180.0,172.0,149.32,8.0,0.13581,0.17645,341.26,33.14,0.0,1027.0,0.0,0.0,1.0,2.07438,1.1231,3.5304,0.0,0.0,0
4182.0,4181.0,29.0,189.87,3.0,0.4947,0.08321,74.35,145.0,1.0,498.0,4.0,1.0,0.0,3.98317,1.60607,4.9836,1.0,0.0,0
4183.0,4182.0,391.0,96.07,14.0,0.27566,0.08317,260.53,14.69,0.0,234.0,1.0,0.0,1.0,1.45818,0.89942,2.75326,0.0,0.0,0
4184.0,4183.0,72.0,81.49,8.0,0.12833,0.34652,81.63,11.95,1.0,513.0,2.0,0.0,0.0,0.9853,0.68577,2.56089,0.0,0.0,0
4185.0,4184.0,151.0,31.19,15.0,0.35515,0.13242,127.39,6.25,1.0,1198.0,4.0,0.0,1.0,0.46681,0.38309,1.98095,0.0,0.0,0
4186.0,4185.0,306.0,177.25,15.0,0.27303,0.2291,546.89,50.27,0.0,716.0,3.0,0.0,1.0,1.47802,0.90746,3.93702,0.0,0.0,0
4187.0,4186.0,373.0,72.02,12.0,0.14548,0.21876,67.21,103.06,0.0,907.0,7.0,1.0,1.0,0.67798,0.51759,4.64493,0.0,0.0,0
4188.0,4187.0,75.0,88.95,16.0,0.40624,0.08205,118.32,63.1,0.0,4.0,3.0,0.0,0.0,1.34517,0.85236,4.16044,0.0,0.0,1
4189.0,4188.0,268.0,105.26,16.0,0.24831,0.19924,2.08,14.02,1.0,423.0,4.0,0.0,1.0,1.98075,1.09217,2.70962,0.0,1.0,0
4190.0,4189.0,84.0,92.05,9.0,0.51849,0.23995,572.28,7.54,2.0,2178.0,4.0,0.0,1.0,2.13711,1.1433,2.14478,0.0,0.0,0
4191.0,4190.0,299.0,32.97,16.0,0.15168,0.19154,183.56,8.6,0.0,1821.0,2.0,0.0,0.0,0.65516,0.5039,2.26182,0.0,0.0,0
4192.0,4191.0,246.0,202.42,15.0,0.28207,0.02911,43.65,86.07,0.0,1513.0,3.0,1.0,0.0,3.84726,1.57841,4.46672,0.0,0.0,1
4193.0,4192.0,104.0,63.89,15.0,0.22769,0.12968,10.81,3.6,0.0,1277.0,3.0,0.0,1.0,0.80199,0.58889,1.52511,0.0,0.0,0
4194.0,4193.0,102.0,52.28,16.0,0.01388,0.17009,212.91,34.84,0.0,471.0,1.0,0.0,1.0,1.48113,0.90871,3.57897,0.0,0.0,0
4195.0,4194.0,27.0,40.12,14.0,0.27425,0.02194,85.13,2.96,0.0,1949.0,2.0,0.0,1.0,0.69963,0.53041,1.37551,0.0,0.0,0
4196.0,4195.0,261.0,19.59,10.0,0.11578,0.14568,39.83,25.37,0.0,539.0,2.0,0.0,1.0,0.77479,0.57368,3.27216,0.0,0.0,0
4197.0,4196.0,175.0,97.53,17.0,0.6403,0.0203,0.35,10.2,0.0,203.0,3.0,0.0,0.0,1.39049,0.8715,2.41596,0.0,1.0,1
4198.0,4197.0,252.0,46.29,7.0,0.41783,0.26007,697.86,9.28,2.0,217.0,3.0,0.0,1.0,1.46857,0.90364,2.33056,0.0,0.0,0
4199.0,4198.0,237.0,108.41,14.0,0.05111,0.22485,877.85,10.29,0.0,1485.0,1.0,0.0,1.0,2.2749,1.18629,2.42411,0.0,0.0,0
4200.0,4199.0,394.0,69.63,8.0,0.01496,0.18344,0.63,2.34,0.0,2033.0,2.0,0.0,1.0,0.99069,0.68848,1.20741,0.0,1.0,0
4201.0,4200.0,407.0,170.39,14.0,0.12199,0.05824,201.62,5.9,0.0,835.0,0.0,0.0,1.0,3.83069,1.57499,1.93222,0.0,0.0,0
4202.0,4201.0,341.0,85.08,3.0,0.53851,0.04543,695.88,1.76,1.0,1560.0,5.0,0.0,1.0,1.61954,0.963,1.01498,1.0,0.0,0
4203.0,4202.0,84.0,106.19,10.0,0.18262,0.48297,469.89,47.53,2.0,2178.0,1.0,0.0,0.0,2.46556,1.24287,3.88216,0.0,0.0,0
4204.0,4203.0,102.0,12.39,9.0,0.09585,0.09881,0.37,2.82,0.0,471.0,2.0,0.0,1.0,0.35117,0.30097,1.34046,0.0,1.0,0
4205.0,4204.0,397.0,20.64,14.0,0.22457,0.14985,341.36,3.82,1.0,1899.0,1.0,0.0,1.0,0.80243,0.58913,1.57336,0.0,0.0,0
4206.0,4205.0,267.0,237.82,6.0,0.10493,0.14395,69.82,182.97,2.0,820.0,3.0,1.0,1.0,1.74443,1.00957,5.21475,0.0,0.0,0
4207.0,4206.0,48.0,43.3,17.0,0.57079,0.18713,179.73,16.57,0.0,2144.0,1.0,0.0,0.0,0.62594,0.48608,2.86645,0.0,0.0,0
4208.0,4207.0,178.0,711.84,14.0,0.02334,0.11757,431.4,2.1,1.0,563.0,3.0,0.0,1.0,3.79961,1.56854,1.13046,0.0,0.0,0
4209.0,4208.0,60.0,108.41,21.0,0.31476,0.10811,4.55,5.62,1.0,1515.0,2.0,0.0,1.0,0.7315,0.54899,1.89038,0.0,1.0,0
4210.0,4209.0,72.0,80.42,8.0,0.41055,0.07026,285.18,148.71,0.0,513.0,2.0,1.0,1.0,0.97235,0.67923,5.00868,0.0,0.0,1
4211.0,4210.0,311.0,44.08,10.0,0.36124,0.18966,986.07,1.7,3.0,2122.0,3.0,0.0,1.0,1.94962,1.08168,0.9941,0.0,0.0,0
4212.0,4211.0,106.0,18.8,15.0,0.39836,0.17712,6.37,43.88,0.0,997.0,0.0,0.0,0.0,0.7798,0.5765,3.80396,0.0,1.0,0
4213.0,4212.0,320.0,44.77,12.0,0.42269,0.2521,29.52,2.9,0.0,1666.0,3.0,0.0,1.0,0.89715,0.64035,1.36035,0.0,0.0,0
4214.0,4213.0,215.0,63.96,11.0,0.16851,0.23614,364.26,130.65,0.0,1529.0,3.0,1.0,0.0,1.56566,0.94221,4.88017,0.0,0.0,0
4215.0,4214.0,326.0,11.13,14.0,0.12379,0.23487,72.28,29.45,1.0,1283.0,0.0,0.0,0.0,0.35586,0.30444,3.41598,0.0,0.0,0
4216.0,4215.0,353.0,41.92,15.0,0.07755,0.09052,70.23,24.2,1.0,1053.0,2.0,0.0,0.0,1.03627,0.71112,3.22684,0.0,0.0,0
4217.0,4216.0,363.0,211.99,7.0,0.13731,0.25321,157.19,6.52,0.0,552.0,2.0,0.0,1.0,3.5037,1.5049,2.01812,0.0,0.0,0
4218.0,4217.0,391.0,58.31,15.0,0.20964,0.35849,269.29,114.41,1.0,234.0,4.0,1.0,1.0,0.88507,0.63397,4.74847,0.0,0.0,0
4219.0,4218.0,265.0,8.36,14.0,0.19644,0.09795,45.12,16.66,2.0,1924.0,3.0,0.0,0.0,0.4615,0.37946,2.87103,0.0,0.0,0
4220.0,4219.0,275.0,139.54,17.0,0.20984,0.20878,49.94,52.67,0.0,327.0,2.0,0.0,0.0,2.68765,1.30499,3.98284,0.0,0.0,0
4221.0,4220.0,39.0,66.33,15.0,0.73817,0.04884,469.11,181.45,0.0,63.0,2.0,1.0,0.0,0.83362,0.60629,5.20648,0.0,0.0,1
4222.0,4221.0,371.0,104.65,6.0,0.09704,0.01865,38.76,7.04,0.0,487.0,2.0,0.0,1.0,1.51294,0.92145,2.085,0.0,0.0,0
4223.0,4222.0,156.0,61.92,16.0,0.52569,0.2058,407.72,13.82,1.0,1986.0,5.0,0.0,1.0,1.14128,0.76141,2.69606,0.0,0.0,0
4224.0,4223.0,1.0,279.77,11.0,0.15072,0.24397,111.09,4.14,0.0,1129.0,0.0,0.0,0.0,4.33691,1.67465,1.6378,0.0,0.0,0
4225.0,4224.0,279.0,57.94,15.0,0.35289,0.02838,297.68,16.0,0.0,2113.0,6.0,0.0,1.0,0.94401,0.66475,2.83304,0.0,0.0,0
4226.0,4225.0,156.0,82.83,17.0,0.26037,0.07176,438.02,11.91,0.0,1986.0,3.0,0.0,1.0,1.52652,0.92684,2.55787,0.0,0.0,0
4227.0,4226.0,262.0,238.84,15.0,0.34127,0.24826,17.46,81.48,1.0,681.0,1.0,0.0,1.0,0.89172,0.63749,4.41257,0.0,0.0,0
4228.0,4227.0,32.0,22.54,15.0,0.31638,0.12956,743.57,5.99,0.0,880.0,1.0,0.0,1.0,0.99052,0.68839,1.94454,0.0,0.0,0
4229.0,4228.0,298.0,31.88,5.0,0.10684,0.27795,599.49,17.04,1.0,1486.0,1.0,0.0,0.0,1.32882,0.84536,2.89281,1.0,0.0,1
4230.0,4229.0,195.0,8.44,15.0,0.1904,0.27231,272.81,38.37,0.0,1472.0,1.0,0.0,1.0,0.69095,0.52529,3.67304,0.0,0.0,0
4231.0,4230.0,55.0,153.81,15.0,0.40285,0.04846,208.3,32.14,0.0,1157.0,2.0,0.0,1.0,2.03056,1.10875,3.50083,0.0,0.0,0
4232.0,4231.0,343.0,347.01,17.0,0.04529,0.11128,184.91,14.39,1.0,838.0,1.0,0.0,1.0,8.05935,2.2038,2.73374,0.0,0.0,0
4233.0,4232.0,325.0,12.74,18.0,0.16163,0.14918,446.33,2.54,0.0,1576.0,2.0,0.0,1.0,0.43654,0.36224,1.26465,0.0,0.0,0
4234.0,4233.0,374.0,37.34,16.0,0.3146,0.30337,206.01,64.16,1.0,1533.0,3.0,0.0,1.0,0.70987,0.53642,4.17684,0.0,0.0,0
4235.0,4234.0,398.0,258.61,9.0,0.50151,0.15624,74.72,71.88,0.0,2173.0,2.0,0.0,1.0,5.556,1.88038,4.28884,0.0,0.0,0
4236.0,4235.0,327.0,31.13,3.0,0.22701,0.31045,201.59,7.27,1.0,2045.0,2.0,0.0,1.0,0.56828,0.44998,2.11237,1.0,0.0,0
4237.0,4236.0,391.0,241.05,6.0,0.30572,0.11606,254.16,20.05,1.0,234.0,2.0,0.0,0.0,3.65892,1.53878,3.04689,0.0,0.0,0
4238.0,4237.0,85.0,23.29,14.0,0.15644,0.49345,6.73,7.72,0.0,1815.0,4.0,0.0,1.0,0.97347,0.67979,2.16599,0.0,1.0,1
4239.0,4238.0,263.0,156.94,18.0,0.33508,0.06593,340.5,2.79,1.0,975.0,3.0,0.0,0.0,3.87943,1.58503,1.33155,0.0,0.0,1
4240.0,4239.0,225.0,57.7,9.0,0.1255,0.22658,5.64,2.96,0.0,1543.0,3.0,0.0,1.0,2.76609,1.32604,1.37738,0.0,1.0,1
4241.0,4240.0,186.0,44.42,7.0,0.01671,0.23392,796.74,7.9,0.0,1076.0,4.0,0.0,0.0,1.57006,0.94393,2.18631,0.0,0.0,0
4242.0,4241.0,292.0,77.66,15.0,0.10513,0.08095,367.95,7.31,1.0,742.0,1.0,0.0,1.0,1.07266,0.72883,2.11732,0.0,0.0,0
4243.0,4242.0,176.0,42.86,21.0,0.04241,0.19338,144.17,31.71,0.0,1175.0,0.0,0.0,1.0,0.80957,0.59309,3.48779,0.0,0.0,0
4244.0,4243.0,303.0,29.33,0.0,0.14374,0.04025,596.25,1.09,0.0,306.0,4.0,0.0,0.0,0.78506,0.57945,0.73834,1.0,0.0,0
4245.0,4244.0,161.0,47.31,15.0,0.42326,0.14548,389.07,4.76,2.0,1806.0,2.0,0.0,1.0,1.05931,0.72237,1.75144,0.0,0.0,0
4246.0,4245.0,252.0,78.92,19.0,0.31389,0.14684,254.91,19.63,0.0,217.0,1.0,0.0,1.0,2.50371,1.25382,3.02682,0.0,0.0,0
4247.0,4246.0,55.0,40.35,13.0,0.62862,0.07437,833.77,104.36,2.0,1157.0,7.0,1.0,1.0,0.53264,0.42699,4.6574,0.0,0.0,0
4248.0,4247.0,241.0,428.85,13.0,0.11491,0.04833,51.4,11.08,2.0,424.0,1.0,0.0,0.0,6.44613,2.00769,2.49188,0.0,0.0,0
4249.0,4248.0,57.0,37.13,21.0,0.28988,0.02715,267.04,8.82,0.0,1136.0,0.0,0.0,0.0,1.48557,0.9105,2.28403,0.0,0.0,0
4250.0,4249.0,335.0,23.47,14.0,0.13884,0.0553,27.97,21.05,0.0,2088.0,6.0,0.0,0.0,0.29917,0.26172,3.09329,0.0,0.0,0
4251.0,4250.0,105.0,1046.86,9.0,0.38881,0.32099,416.99,514.58,1.0,1540.0,4.0,1.0,0.0,6.16455,1.96914,6.2453,0.0,0.0,1
4252.0,4251.0,12.0,69.87,16.0,0.19154,0.141,507.69,6.61,1.0,1896.0,3.0,0.0,1.0,1.20798,0.79208,2.02994,0.0,0.0,0
4253.0,4252.0,72.0,164.83,11.0,0.16813,0.41095,162.64,1.86,0.0,513.0,1.0,0.0,1.0,1.99298,1.09627,1.05101,0.0,0.0,0
4254.0,4253.0,161.0,6259.96,9.0,0.37831,0.17712,253.58,25.46,2.0,1806.0,3.0,0.0,1.0,140.16733,4.94995,3.27578,0.0,0.0,1
4255.0,4254.0,236.0,29.37,8.0,0.28535,0.12845,607.2,24.15,0.0,1333.0,2.0,0.0,0.0,0.79218,0.58343,3.22502,0.0,0.0,0
4256.0,4255.0,313.0,761.27,14.0,0.36924,0.2271,271.0,5.64,0.0,229.0,2.0,0.0,1.0,32.11017,3.49984,1.89385,0.0,0.0,1
4257.0,4256.0,338.0,199.75,2.0,0.14763,0.06384,11.06,47.65,0.0,1230.0,1.0,0.0,1.0,1.66022,0.97841,3.88466,1.0,0.0,0
4258.0,4257.0,355.0,78.68,12.0,0.29416,0.3181,575.08,5.43,1.0,210.0,2.0,0.0,1.0,1.00494,0.69561,1.86154,0.0,0.0,0
4259.0,4258.0,254.0,19.31,9.0,0.14469,0.03391,87.08,5.7,2.0,336.0,6.0,0.0,1.0,0.30689,0.26765,1.90227,0.0,0.0,0
4260.0,4259.0,307.0,836.95,12.0,0.10333,0.1752,137.64,1.27,0.0,2026.0,1.0,0.0,1.0,9.93171,2.39167,0.8185,0.0,0.0,0
4261.0,4260.0,153.0,45.08,8.0,0.3645,0.10482,76.1,32.34,0.0,2084.0,1.0,0.0,1.0,1.33739,0.84903,3.5068,0.0,0.0,0
4262.0,4261.0,344.0,309.12,20.0,0.43046,0.1572,112.55,10.61,2.0,258.0,1.0,0.0,0.0,4.44214,1.69417,2.45158,0.0,0.0,1
4263.0,4262.0,361.0,79.07,7.0,0.23457,0.24064,467.77,630.73,1.0,2032.0,1.0,1.0,1.0,0.57329,0.45317,6.44846,0.0,0.0,0
4264.0,4263.0,164.0,337.84,10.0,0.27649,0.08395,9.32,2.83,1.0,2001.0,2.0,0.0,1.0,1.74908,1.01127,1.34349,0.0,0.0,0
4265.0,4264.0,405.0,144.24,21.0,0.03212,0.09799,610.6,6.76,0.0,1562.0,0.0,0.0,1.0,2.02478,1.10684,2.04957,0.0,0.0,0
4266.0,4265.0,370.0,71.44,18.0,0.12949,0.23399,84.8,7.44,0.0,49.0,1.0,0.0,1.0,2.88197,1.35634,2.13351,0.0,0.0,0
4267.0,4266.0,184.0,4458.21,3.0,0.09249,0.17861,414.49,0.58,0.0,1630.0,1.0,0.0,1.0,18.89673,2.99056,0.45729,1.0,0.0,0
4268.0,4267.0,96.0,607.77,11.0,0.28082,0.18927,617.1,6.33,1.0,1917.0,1.0,0.0,1.0,12.5566,2.60687,1.99133,0.0,0.0,0
4269.0,4268.0,186.0,46.5,13.0,0.21024,0.48363,583.35,134.06,0.0,1076.0,3.0,1.0,1.0,1.6437,0.97218,4.90572,0.0,0.0,0
4270.0,4269.0,336.0,47.91,8.0,0.44862,0.22494,308.53,58.84,1.0,1874.0,3.0,0.0,0.0,1.24068,0.80678,4.09167,0.0,0.0,1
4271.0,4270.0,125.0,11.93,11.0,0.38235,0.19759,661.24,11.6,0.0,520.0,1.0,0.0,0.0,0.17819,0.16398,2.53395,0.0,0.0,0
4272.0,4271.0,253.0,30.08,10.0,0.03034,0.27814,593.06,14.07,1.0,1586.0,1.0,0.0,1.0,0.7201,0.54238,2.71239,0.0,0.0,0
4273.0,4272.0,224.0,86.85,3.0,0.3564,0.19228,11.54,15.13,0.0,584.0,0.0,0.0,1.0,1.39578,0.87371,2.7807,1.0,0.0,0
4274.0,4273.0,203.0,60.02,9.0,0.20009,0.44147,329.14,72.08,0.0,1953.0,1.0,0.0,0.0,0.97341,0.67976,4.29151,0.0,0.0,0
4275.0,4274.0,113.0,76.86,10.0,0.56143,0.46711,486.89,3.75,0.0,1906.0,1.0,0.0,1.0,0.79598,0.58555,1.55709,0.0,0.0,0
4276.0,4275.0,48.0,46.9,14.0,0.38047,0.15546,211.86,3.98,0.0,2144.0,1.0,0.0,0.0,0.67809,0.51766,1.60544,0.0,0.0,0
4277.0,4276.0,120.0,413.12,21.0,0.36083,0.09416,275.5,10.43,1.0,1861.0,3.0,0.0,1.0,6.88752,2.06528,2.43598,0.0,0.0,0
4278.0,4277.0,94.0,71.73,21.0,0.13827,0.21099,222.02,27.43,2.0,906.0,1.0,0.0,1.0,1.86483,1.05251,3.34728,0.0,0.0,0
4279.0,4278.0,144.0,50.87,13.0,0.32638,0.22927,5.45,217.21,2.0,153.0,1.0,1.0,0.0,0.68358,0.52092,5.38546,0.0,1.0,1
4280.0,4279.0,284.0,10.51,1.0,0.083,0.20534,236.49,5.7,0.0,427.0,2.0,0.0,1.0,0.36525,0.31133,1.9018,1.0,0.0,0
4281.0,4280.0,263.0,40.18,9.0,0.19251,0.17843,257.81,39.05,1.0,975.0,0.0,0.0,0.0,0.99323,0.68976,3.69019,0.0,0.0,0
4282.0,4281.0,130.0,66.34,14.0,0.10514,0.08902,344.17,17.35,0.0,1759.0,1.0,0.0,0.0,1.33164,0.84657,2.90954,0.0,0.0,0
4283.0,4282.0,127.0,291.02,12.0,0.19364,0.28633,455.18,4.82,0.0,222.0,1.0,0.0,1.0,5.40765,1.85749,1.7613,0.0,0.0,0
4284.0,4283.0,38.0,32.02,16.0,0.099,0.04885,328.09,9.72,0.0,311.0,1.0,0.0,1.0,0.80924,0.59291,2.37256,0.0,0.0,0
4285.0,4284.0,3.0,37.69,12.0,0.26059,0.01025,681.36,29.75,0.0,817.0,3.0,0.0,0.0,0.68113,0.51947,3.42587,0.0,0.0,0
4286.0,4285.0,349.0,130.96,13.0,0.19943,0.0727,401.4,18.04,1.0,2005.0,2.0,0.0,0.0,0.85459,0.61767,2.94677,0.0,0.0,0
4287.0,4286.0,288.0,29.94,10.0,0.27876,0.16471,185.23,2.81,0.0,1634.0,3.0,0.0,1.0,0.73347,0.55013,1.33765,0.0,0.0,0
4288.0,4287.0,200.0,501.28,11.0,0.69291,0.02566,73.04,35.81,0.0,1138.0,0.0,0.0,1.0,4.10894,1.63099,3.60576,0.0,0.0,1
4289.0,4288.0,6.0,20.19,19.0,0.54023,0.14708,85.17,5.68,0.0,421.0,3.0,0.0,1.0,1.40516,0.87762,1.89934,0.0,0.0,0
4290.0,4289.0,110.0,12.46,6.0,0.42472,0.06853,432.79,4.6,1.0,1886.0,3.0,0.0,1.0,0.25454,0.22677,1.72312,0.0,0.0,0
4291.0,4290.0,205.0,80.56,17.0,0.438,0.04144,27.75,7.78,1.0,1879.0,5.0,0.0,1.0,0.62286,0.48419,2.17262,0.0,0.0,0
4292.0,4291.0,204.0,19.54,21.0,0.29231,0.20519,289.57,6.25,1.0,2066.0,3.0,0.0,1.0,0.3494,0.29966,1.98102,0.0,0.0,0
4293.0,4292.0,408.0,61.0,13.0,0.14231,0.14698,99.15,2.72,1.0,1713.0,2.0,0.0,0.0,0.96135,0.67364,1.31371,0.0,0.0,0
4294.0,4293.0,302.0,26.87,16.0,0.3767,0.15737,347.37,28.57,1.0,1172.0,1.0,0.0,0.0,0.36574,0.3117,3.38669,0.0,0.0,0
4295.0,4294.0,95.0,72.86,12.0,0.20344,0.3575,528.5,15.71,0.0,1379.0,2.0,0.0,1.0,1.42605,0.88627,2.81605,0.0,0.0,0
4296.0,4295.0,18.0,27.66,21.0,0.40943,0.04857,137.12,5.74,0.0,195.0,2.0,0.0,1.0,0.49702,0.40348,1.90741,0.0,0.0,0
4297.0,4296.0,223.0,217.34,11.0,0.0513,0.0169,119.8,7.25,0.0,28.0,1.0,0.0,1.0,5.45643,1.86508,2.11011,0.0,0.0,0
4298.0,4297.0,411.0,7.77,18.0,0.53386,0.15352,789.77,5.31,0.0,1445.0,3.0,0.0,0.0,0.08608,0.08258,1.84173,0.0,0.0,0
4299.0,4298.0,133.0,117.4,9.0,0.299,0.12458,457.25,15.27,1.0,1183.0,3.0,0.0,1.0,2.20995,1.16626,2.78929,0.0,0.0,0
4300.0,4299.0,110.0,15.53,4.0,0.19644,0.01672,469.53,5.03,0.0,1886.0,1.0,0.0,1.0,0.31717,0.27548,1.79687,1.0,0.0,0
4301.0,4300.0,61.0,30.92,10.0,0.3352,0.04439,636.85,6.0,1.0,1496.0,1.0,0.0,1.0,0.61009,0.47629,1.94528,0.0,0.0,0
4302.0,4301.0,68.0,41.15,1.0,0.3273,0.10344,191.99,39.42,0.0,475.0,1.0,0.0,1.0,0.38495,0.32566,3.69937,1.0,0.0,1
4303.0,4302.0,85.0,62.55,6.0,0.58088,0.26053,379.41,7.45,0.0,1815.0,4.0,0.0,1.0,2.61453,1.28496,2.13444,0.0,0.0,0
4304.0,4303.0,370.0,20.19,10.0,0.11637,0.11428,5.67,37.36,1.0,49.0,2.0,0.0,1.0,0.81443,0.59577,3.64704,0.0,1.0,0
4305.0,4304.0,290.0,90.54,18.0,0.10449,0.10595,408.89,19.8,0.0,1510.0,2.0,0.0,0.0,2.03902,1.11154,3.03514,0.0,0.0,0
4306.0,4305.0,8.0,78.22,14.0,0.18652,0.02398,126.45,7.88,2.0,1553.0,5.0,0.0,0.0,1.49768,0.91536,2.18358,0.0,0.0,0
4307.0,4306.0,295.0,36.14,18.0,0.40822,0.32636,705.73,31.63,1.0,237.0,3.0,0.0,0.0,0.52381,0.42121,3.48511,0.0,0.0,0
4308.0,4307.0,122.0,19.99,14.0,0.36901,0.03956,6.49,3.01,0.0,1135.0,2.0,0.0,1.0,1.35484,0.85647,1.38806,0.0,1.0,0
4309.0,4308.0,212.0,51.27,10.0,0.26285,0.02937,32.17,8.84,1.0,1636.0,4.0,0.0,1.0,1.62674,0.96574,2.28677,0.0,0.0,0
4310.0,4309.0,373.0,104.17,17.0,0.59481,0.01621,71.88,5.66,0.0,907.0,2.0,0.0,0.0,0.98062,0.68341,1.89589,0.0,0.0,0
4311.0,4310.0,392.0,55.26,14.0,0.25814,0.07698,552.07,21.33,0.0,1316.0,1.0,0.0,0.0,0.8219,0.59988,3.10573,0.0,0.0,0
4312.0,4311.0,333.0,209.68,13.0,0.09746,0.05764,58.71,24.93,0.0,489.0,4.0,0.0,1.0,2.77313,1.3279,3.25524,0.0,0.0,0
4313.0,4312.0,49.0,29.9,12.0,0.04433,0.17763,91.52,43.6,0.0,980.0,2.0,1.0,0.0,1.73788,1.00718,3.7978,0.0,0.0,0
4314.0,4313.0,222.0,861.34,14.0,0.18817,0.14531,3.84,30.23,0.0,741.0,1.0,0.0,1.0,9.4844,2.34989,3.44134,0.0,1.0,1
4315.0,4314.0,167.0,10.24,17.0,0.53327,0.34157,82.49,37.46,1.0,1471.0,4.0,0.0,1.0,0.2291,0.20628,3.64957,0.0,0.0,0
4316.0,4315.0,49.0,7.85,18.0,0.38097,0.23514,32.93,23.22,1.0,980.0,3.0,0.0,0.0,0.45596,0.37567,3.18738,0.0,0.0,0
4317.0,4316.0,350.0,85.34,8.0,0.44326,0.12377,120.03,115.26,2.0,1123.0,2.0,0.0,1.0,0.55423,0.44098,4.75579,0.0,0.0,0
4318.0,4317.0,67.0,15.33,14.0,0.43953,0.35218,350.23,12.87,1.0,1146.0,4.0,0.0,1.0,1.14385,0.7626,2.62972,0.0,0.0,0
4319.0,4318.0,88.0,50.01,10.0,0.03895,0.19726,41.75,16.01,2.0,982.0,2.0,0.0,0.0,0.48957,0.39849,2.83375,0.0,0.0,0
4320.0,4319.0,397.0,26.59,13.0,0.14333,0.56249,371.65,122.18,1.0,1899.0,3.0,1.0,1.0,1.03375,0.70988,4.81366,0.0,0.0,0
4321.0,4320.0,25.0,98.89,9.0,0.05173,0.04716,419.45,17.81,0.0,461.0,1.0,0.0,1.0,1.44908,0.89571,2.93415,0.0,0.0,0
4322.0,4321.0,353.0,31.44,10.0,0.25084,0.1433,4.58,9.41,1.0,1053.0,0.0,0.0,0.0,0.77711,0.57499,2.34287,0.0,1.0,0
4323.0,4322.0,218.0,81.72,11.0,0.23089,0.11566,216.1,23.85,2.0,2081.0,2.0,0.0,0.0,1.8762,1.05647,3.21285,0.0,0.0,0
4324.0,4323.0,195.0,9.55,12.0,0.36223,0.33442,61.04,31.98,0.0,1472.0,2.0,0.0,1.0,0.7823,0.5779,3.496,0.0,0.0,0
4325.0,4324.0,1.0,69.62,11.0,0.08753,0.0907,119.32,22.08,1.0,1129.0,1.0,0.0,1.0,1.07926,0.73201,3.13881,0.0,0.0,0
4326.0,4325.0,65.0,140.42,5.0,0.34143,0.03573,259.36,3.21,2.0,1888.0,3.0,0.0,1.0,1.52666,0.9269,1.4375,1.0,0.0,0
4327.0,4326.0,340.0,282.14,9.0,0.39488,0.12464,739.94,5.8,1.0,1090.0,3.0,0.0,1.0,3.58765,1.52337,1.91712,0.0,0.0,0
4328.0,4327.0,349.0,21.03,11.0,0.27897,0.2046,344.56,20.28,0.0,2005.0,3.0,0.0,0.0,0.13723,0.1286,3.05797,0.0,0.0,0
4329.0,4328.0,365.0,83.61,13.0,0.33482,0.05969,435.23,14.19,0.0,60.0,5.0,0.0,1.0,0.84472,0.61233,2.72093,0.0,0.0,0
4330.0,4329.0,42.0,10.9,10.0,0.19433,0.38326,1.76,5.15,0.0,1866.0,2.0,0.0,1.0,0.66638,0.51065,1.81655,0.0,1.0,0
4331.0,4330.0,265.0,8.2,18.0,0.30124,0.15751,188.16,8.2,2.0,1924.0,3.0,0.0,1.0,0.45223,0.3731,2.21942,0.0,0.0,0
4332.0,4331.0,104.0,114.84,7.0,0.30141,0.13487,11.63,21.07,0.0,1277.0,3.0,0.0,0.0,1.44166,0.89268,3.09442,0.0,0.0,0
4333.0,4332.0,44.0,17.5,2.0,0.0908,0.17805,154.48,6.79,0.0,237.0,1.0,0.0,1.0,0.26396,0.23425,2.05295,1.0,0.0,0
4334.0,4333.0,80.0,23.7,11.0,0.38671,0.11335,316.9,352.38,3.0,301.0,3.0,1.0,1.0,0.74103,0.55448,5.86755,0.0,0.0,0
4335.0,4334.0,270.0,17.03,8.0,0.18255,0.01,192.85,6.62,1.0,912.0,2.0,0.0,1.0,0.62301,0.48428,2.03115,0.0,0.0,0
4336.0,4335.0,141.0,90.88,12.0,0.04739,0.26634,176.3,9.51,0.0,1788.0,0.0,0.0,1.0,1.80662,1.03198,2.35267,0.0,0.0,0
4337.0,4336.0,4.0,25.09,5.0,0.0784,0.2846,5.93,8.07,1.0,1142.0,2.0,0.0,1.0,0.42776,0.35611,2.20453,1.0,1.0,0
4338.0,4337.0,197.0,29.59,7.0,0.2537,0.1164,129.73,41.83,0.0,90.0,4.0,0.0,1.0,0.36349,0.31005,3.75736,0.0,0.0,0
4339.0,4338.0,12.0,30.96,9.0,0.50034,0.03648,339.52,12.63,0.0,1896.0,2.0,0.0,0.0,0.53523,0.42868,2.61223,0.0,0.0,0
4340.0,4339.0,387.0,60.66,8.0,0.21425,0.08934,4.88,4.01,0.0,638.0,5.0,0.0,1.0,1.92855,1.07451,1.61158,0.0,1.0,0
4341.0,4340.0,400.0,41.48,19.0,0.2397,0.06678,404.56,22.92,0.0,783.0,1.0,0.0,0.0,1.02794,0.70702,3.1746,0.0,0.0,0
4342.0,4341.0,32.0,14.63,21.0,0.076,0.19868,387.64,26.85,0.0,880.0,0.0,0.0,0.0,0.6429,0.49646,3.32699,0.0,0.0,0
4343.0,4342.0,208.0,188.46,12.0,0.09991,0.3251,418.22,24.29,0.0,1129.0,0.0,0.0,1.0,3.01105,1.38905,3.23038,0.0,0.0,0
4344.0,4343.0,94.0,67.8,3.0,0.1895,0.04976,6.4,10.75,2.0,906.0,1.0,0.0,1.0,1.76274,1.01622,2.46404,1.0,1.0,0
4345.0,4344.0,101.0,86.49,1.0,0.2988,0.27787,272.93,22.23,0.0,167.0,4.0,1.0,0.0,2.18783,1.15934,3.1454,1.0,0.0,0
4346.0,4345.0,372.0,116.29,9.0,0.31005,0.13754,444.98,12.45,0.0,1276.0,0.0,0.0,1.0,2.61372,1.28474,2.59881,0.0,0.0,0
4347.0,4346.0,363.0,95.02,11.0,0.47939,0.10556,461.15,17.95,1.0,552.0,1.0,0.0,0.0,1.5704,0.94406,2.94176,0.0,0.0,1
4348.0,4347.0,319.0,61.49,16.0,0.09993,0.01,99.68,15.45,0.0,1189.0,2.0,0.0,1.0,0.97596,0.68105,2.80061,0.0,0.0,0
4349.0,4348.0,240.0,122.53,8.0,0.26537,0.12954,486.22,5.43,0.0,1434.0,2.0,0.0,1.0,2.13541,1.14276,1.86024,0.0,0.0,0
4350.0,4349.0,368.0,71.39,13.0,0.24025,0.15467,174.39,23.88,0.0,578.0,1.0,0.0,1.0,1.46676,0.9029,3.21424,0.0,0.0,0
4351.0,4350.0,268.0,26.44,17.0,0.17636,0.17256,6.66,14.91,1.0,423.0,1.0,0.0,1.0,0.49755,0.40383,2.76692,0.0,1.0,0
4352.0,4351.0,144.0,64.04,4.0,0.51644,0.07883,176.9,5.06,1.0,153.0,3.0,0.0,0.0,0.86056,0.62088,1.80114,1.0,0.0,0
4353.0,4352.0,124.0,39.71,1.0,0.23839,0.43489,104.09,1.24,0.0,60.0,2.0,0.0,1.0,1.04552,0.71565,0.80498,1.0,0.0,1
4354.0,4353.0,36.0,43.49,19.0,0.14527,0.06393,36.74,7.07,1.0,1392.0,3.0,0.0,0.0,1.67328,0.98331,2.08758,0.0,0.0,0
4355.0,4354.0,369.0,11.43,13.0,0.2622,0.13085,367.72,52.28,1.0,1832.0,4.0,1.0,1.0,0.50731,0.41033,3.97556,0.0,0.0,0
4356.0,4355.0,23.0,42.56,20.0,0.14818,0.0892,263.88,4.52,0.0,2053.0,0.0,0.0,0.0,0.43801,0.36326,1.70878,0.0,0.0,0
4357.0,4356.0,136.0,125.77,13.0,0.23453,0.3348,224.66,7.53,0.0,1185.0,2.0,0.0,0.0,1.25127,0.8115,2.14365,0.0,0.0,0
4358.0,4357.0,345.0,40.5,5.0,0.4032,0.28615,172.26,4.63,1.0,1962.0,1.0,0.0,0.0,1.19427,0.78585,1.7281,1.0,0.0,0
4359.0,4358.0,283.0,12.85,15.0,0.18964,0.3569,38.57,21.24,0.0,69.0,2.0,0.0,0.0,0.28567,0.25128,3.10169,0.0,0.0,0
4360.0,4359.0,383.0,31.37,17.0,0.3905,0.23469,271.01,9.63,1.0,1724.0,3.0,0.0,0.0,0.88558,0.63424,2.36336,0.0,0.0,0
4361.0,4360.0,149.0,58.1,17.0,0.57455,0.08939,5.93,86.61,0.0,651.0,2.0,0.0,1.0,0.90048,0.64211,4.47285,0.0,1.0,1
4362.0,4361.0,373.0,165.62,18.0,0.16506,0.18961,82.37,21.7,1.0,907.0,2.0,0.0,0.0,1.55918,0.93969,3.12217,0.0,0.0,0
4363.0,4362.0,313.0,10.35,11.0,0.34644,0.09206,535.29,29.04,1.0,229.0,2.0,0.0,0.0,0.43639,0.36213,3.40245,0.0,0.0,0
4364.0,4363.0,346.0,243.12,5.0,0.2921,0.10543,238.2,9.73,0.0,2186.0,4.0,0.0,1.0,1.72244,1.00153,2.37267,1.0,0.0,0
4365.0,4364.0,232.0,73.71,6.0,0.14713,0.15813,233.36,1.82,0.0,532.0,0.0,0.0,1.0,1.34704,0.85315,1.03628,0.0,0.0,0
4366.0,4365.0,375.0,152.42,22.0,0.40076,0.03548,468.84,2.64,0.0,338.0,0.0,0.0,0.0,1.11161,0.74745,1.29239,0.0,0.0,0
4367.0,4366.0,254.0,40.76,10.0,0.22067,0.01849,4.3,23.25,0.0,336.0,2.0,0.0,1.0,0.64765,0.49935,3.18833,0.0,1.0,0
4368.0,4367.0,371.0,92.1,11.0,0.43137,0.08452,178.98,287.97,1.0,487.0,3.0,1.0,0.0,1.33156,0.84654,5.66631,0.0,0.0,1
4369.0,4368.0,259.0,11.42,0.0,0.0554,0.18694,126.07,16.17,0.0,789.0,1.0,0.0,0.0,0.4416,0.36575,2.84306,1.0,0.0,0
4370.0,4369.0,129.0,21.75,19.0,0.56948,0.29702,116.06,193.69,1.0,927.0,4.0,1.0,0.0,0.49844,0.40443,5.27141,0.0,0.0,0
4371.0,4370.0,74.0,38.3,16.0,0.23278,0.14596,188.24,5.95,0.0,1555.0,1.0,0.0,1.0,0.64595,0.49832,1.93844,0.0,0.0,0
4372.0,4371.0,135.0,124.13,21.0,0.09541,0.14905,23.02,4.28,1.0,1091.0,1.0,0.0,1.0,3.23679,1.44381,1.66485,0.0,0.0,0
4373.0,4372.0,217.0,84.46,21.0,0.27973,0.15499,128.43,16.32,0.0,213.0,2.0,0.0,1.0,0.65474,0.50365,2.85214,0.0,0.0,0
4374.0,4373.0,282.0,76.59,19.0,0.08358,0.09826,432.31,152.16,0.0,2082.0,1.0,1.0,0.0,0.45942,0.37804,5.03146,0.0,0.0,0
4375.0,4374.0,238.0,6.3,4.0,0.47156,0.33563,356.29,102.04,0.0,1643.0,1.0,0.0,0.0,0.24977,0.22296,4.63508,1.0,0.0,0
4376.0,4375.0,281.0,13.07,11.0,0.07466,0.09731,15.78,26.23,2.0,2147.0,0.0,0.0,0.0,0.67962,0.51857,3.30438,0.0,0.0,0
4377.0,4376.0,143.0,15.85,14.0,0.01621,0.12588,98.02,25.82,0.0,1689.0,1.0,0.0,0.0,0.4874,0.39703,3.28901,0.0,0.0,0
4378.0,4377.0,356.0,17.32,2.0,0.27151,0.35112,583.75,10.99,1.0,413.0,5.0,0.0,1.0,0.46932,0.3848,2.48415,1.0,0.0,1
4379.0,4378.0,141.0,34.84,7.0,0.35883,0.03901,183.61,11.67,0.0,1788.0,3.0,0.0,0.0,0.69249,0.5262,2.53888,0.0,0.0,0
4380.0,4379.0,296.0,14.45,3.0,0.27086,0.27293,110.94,25.98,0.0,658.0,2.0,0.0,1.0,0.32571,0.28195,3.29527,1.0,0.0,0
4381.0,4380.0,217.0,222.88,15.0,0.1114,0.04316,367.18,21.65,0.0,213.0,1.0,0.0,1.0,1.72782,1.0035,3.11995,0.0,0.0,0
4382.0,4381.0,181.0,57.99,20.0,0.3975,0.32861,228.06,25.67,0.0,1501.0,0.0,0.0,1.0,1.5995,0.95532,3.2837,0.0,0.0,0
4383.0,4382.0,284.0,82.7,9.0,0.09271,0.04899,704.66,5.41,0.0,427.0,4.0,0.0,0.0,2.87467,1.35446,1.85836,0.0,0.0,0
4384.0,4383.0,260.0,18.0,8.0,0.17547,0.12667,634.06,1.18,0.0,417.0,5.0,0.0,1.0,0.56517,0.448,0.77718,0.0,0.0,0
4385.0,4384.0,278.0,64.28,13.0,0.18489,0.11639,369.0,32.51,0.0,457.0,2.0,0.0,1.0,0.63904,0.49411,3.51175,0.0,0.0,0
4386.0,4385.0,67.0,16.24,3.0,0.12089,0.52143,340.06,2.19,0.0,1146.0,0.0,0.0,0.0,1.21167,0.79375,1.1602,1.0,0.0,0
4387.0,4386.0,226.0,21.25,9.0,0.45161,0.31658,643.54,297.22,1.0,1331.0,8.0,1.0,0.0,0.67287,0.51454,5.69784,0.0,0.0,1
4388.0,4387.0,339.0,56.46,3.0,0.17073,0.02416,292.96,21.49,0.0,1709.0,4.0,0.0,0.0,1.60997,0.95934,3.11288,1.0,0.0,0
4389.0,4388.0,100.0,39.89,20.0,0.72554,0.33704,196.64,13.34,3.0,1929.0,7.0,0.0,1.0,1.23208,0.80293,2.66289,0.0,0.0,0
4390.0,4389.0,387.0,41.16,9.0,0.21485,0.06654,968.74,5.05,0.0,638.0,5.0,0.0,0.0,1.30855,0.83662,1.80012,0.0,0.0,0
4391.0,4390.0,54.0,266.88,15.0,0.06053,0.29438,141.64,42.14,1.0,427.0,1.0,0.0,1.0,1.98828,1.0947,3.76451,0.0,0.0,0
4392.0,4391.0,401.0,45.25,7.0,0.50844,0.24561,742.49,95.14,1.0,301.0,4.0,1.0,0.0,0.50523,0.40894,4.56584,0.0,0.0,0
4393.0,4392.0,138.0,97.68,16.0,0.1551,0.01,496.09,13.91,0.0,1772.0,3.0,0.0,1.0,2.11077,1.13487,2.7022,0.0,0.0,0
4394.0,4393.0,64.0,101.26,10.0,0.33585,0.32814,10.5,13.51,0.0,445.0,2.0,0.0,0.0,1.14763,0.76437,2.6749,0.0,0.0,0
4395.0,4394.0,169.0,34.45,8.0,0.18499,0.12504,333.59,19.78,1.0,989.0,1.0,0.0,1.0,0.51395,0.41472,3.03386,0.0,0.0,0
4396.0,4395.0,71.0,79.69,10.0,0.28106,0.0449,33.29,59.62,0.0,810.0,2.0,0.0,1.0,1.68087,0.98614,4.10464,0.0,0.0,0
4397.0,4396.0,10.0,64.97,19.0,0.34063,0.17555,398.7,11.45,2.0,1497.0,2.0,0.0,0.0,1.50851,0.91969,2.52154,0.0,0.0,0
4398.0,4397.0,19.0,168.88,16.0,0.33259,0.1913,374.3,2.6,0.0,1732.0,1.0,0.0,0.0,1.55019,0.93617,1.28125,0.0,0.0,0
4399.0,4398.0,317.0,22.42,7.0,0.3945,0.03499,221.74,10.93,0.0,1385.0,2.0,0.0,0.0,1.26193,0.81622,2.47931,0.0,0.0,0
4400.0,4399.0,47.0,16.11,6.0,0.30966,0.09215,31.92,8.9,0.0,1011.0,1.0,0.0,1.0,1.83872,1.04335,2.29256,0.0,0.0,0
4401.0,4400.0,269.0,87.79,19.0,0.21199,0.37995,523.13,11.58,0.0,659.0,1.0,0.0,1.0,0.92303,0.6539,2.5322,0.0,0.0,0
4402.0,4401.0,243.0,222.83,11.0,0.02028,0.13977,454.57,18.03,0.0,1841.0,0.0,0.0,1.0,3.1047,1.41213,2.94591,0.0,0.0,0
4403.0,4402.0,78.0,78.69,15.0,0.33511,0.33418,1.75,11.85,0.0,1375.0,3.0,0.0,1.0,1.36508,0.86081,2.55357,0.0,1.0,0
4404.0,4403.0,6.0,19.2,9.0,0.41492,0.0454,21.79,3.77,0.0,421.0,2.0,0.0,1.0,1.33645,0.84863,1.562,0.0,0.0,0
4405.0,4404.0,27.0,41.82,14.0,0.25433,0.01,105.45,33.8,0.0,1949.0,3.0,1.0,1.0,0.72928,0.5477,3.5497,0.0,0.0,0
4406.0,4405.0,400.0,66.2,13.0,0.30086,0.48901,264.43,42.15,0.0,783.0,2.0,0.0,0.0,1.64032,0.9709,3.76469,0.0,0.0,0
4407.0,4406.0,124.0,18.58,20.0,0.3385,0.10733,41.29,5.3,0.0,60.0,1.0,0.0,1.0,0.48928,0.39829,1.84028,0.0,0.0,0
4408.0,4407.0,242.0,22.95,19.0,0.0675,0.25253,679.9,6.43,1.0,311.0,1.0,0.0,1.0,0.64122,0.49544,2.00612,0.0,0.0,0
4409.0,4408.0,379.0,10.54,11.0,0.08101,0.01005,151.16,37.86,0.0,230.0,1.0,0.0,1.0,0.4866,0.39649,3.66003,0.0,0.0,0
4410.0,4409.0,303.0,115.4,7.0,0.52401,0.45104,520.58,12.31,3.0,306.0,2.0,0.0,0.0,3.08929,1.40837,2.5886,0.0,0.0,1
4411.0,4410.0,355.0,224.5,11.0,0.12706,0.28127,195.25,60.32,0.0,210.0,2.0,0.0,1.0,2.86749,1.35261,4.11615,0.0,0.0,1
4412.0,4411.0,33.0,31.45,2.0,0.09022,0.12309,260.19,6.11,0.0,1939.0,2.0,0.0,1.0,0.18433,0.16918,1.96098,1.0,0.0,0
4413.0,4412.0,365.0,292.78,12.0,0.23401,0.16312,197.02,9.66,2.0,60.0,1.0,0.0,1.0,2.95794,1.37572,2.36621,0.0,0.0,0
4414.0,4413.0,360.0,720.25,12.0,0.05965,0.29997,715.04,9.41,1.0,2194.0,0.0,0.0,1.0,38.36791,3.67295,2.34229,0.0,0.0,0
4415.0,4414.0,205.0,13.3,19.0,0.325,0.27488,33.71,3.63,1.0,1879.0,2.0,0.0,0.0,0.10279,0.09784,1.53283,0.0,0.0,0
4416.0,4415.0,132.0,249.28,10.0,0.22583,0.03274,209.85,196.82,2.0,1676.0,4.0,1.0,1.0,4.23122,1.65464,5.28735,0.0,0.0,0
4417.0,4416.0,364.0,10.65,16.0,0.34367,0.15439,390.95,13.46,2.0,1357.0,1.0,0.0,1.0,0.72858,0.5473,2.6712,0.0,0.0,0
4418.0,4417.0,306.0,205.05,5.0,0.04286,0.02328,0.92,131.39,0.0,716.0,1.0,1.0,1.0,1.70982,0.99688,4.88579,1.0,1.0,0
4419.0,4418.0,109.0,127.74,9.0,0.29583,0.11617,109.5,6.51,0.0,1723.0,3.0,0.0,1.0,2.29927,1.1937,2.01604,0.0,0.0,0
4420.0,4419.0,107.0,52.94,15.0,0.16977,0.23714,247.9,75.63,0.0,498.0,1.0,0.0,0.0,1.93961,1.07828,4.33901,0.0,0.0,0
4421.0,4420.0,292.0,62.94,11.0,0.02308,0.16224,146.08,26.53,0.0,742.0,2.0,0.0,1.0,0.8693,0.62557,3.31513,0.0,0.0,0
4422.0,4421.0,34.0,150.6,11.0,0.31337,0.59403,287.3,58.11,0.0,400.0,2.0,1.0,1.0,1.79275,1.02703,4.07938,0.0,0.0,0
4423.0,4422.0,283.0,37.14,13.0,0.39078,0.27127,31.01,32.59,0.0,69.0,3.0,1.0,1.0,0.82573,0.60198,3.51414,0.0,0.0,0
4424.0,4423.0,253.0,46.21,2.0,0.16835,0.0513,302.65,12.77,0.0,1586.0,4.0,0.0,0.0,1.10613,0.74485,2.62231,1.0,0.0,0
4425.0,4424.0,297.0,688.32,6.0,0.42384,0.39337,41.2,9.24,0.0,1797.0,3.0,0.0,1.0,3.74021,1.55608,2.32672,0.0,0.0,0
4426.0,4425.0,230.0,46.5,14.0,0.14689,0.23196,175.46,4.62,0.0,1266.0,1.0,0.0,0.0,0.57373,0.45345,1.72684,0.0,0.0,0
4427.0,4426.0,43.0,90.09,6.0,0.32227,0.11149,181.16,44.33,0.0,637.0,3.0,0.0,1.0,1.31347,0.83875,3.81407,0.0,0.0,0
4428.0,4427.0,31.0,7.98,13.0,0.40766,0.16327,8.6,5.81,0.0,940.0,4.0,0.0,0.0,0.53073,0.42575,1.91833,0.0,0.0,0
4429.0,4428.0,168.0,48.64,12.0,0.10564,0.05865,62.85,7.51,0.0,740.0,1.0,0.0,0.0,1.4365,0.89056,2.14093,0.0,0.0,0
4430.0,4429.0,3.0,26.4,16.0,0.29528,0.05898,540.88,6.04,1.0,817.0,3.0,0.0,1.0,0.47713,0.3901,1.95114,0.0,0.0,0
4431.0,4430.0,330.0,27.3,7.0,0.59814,0.0573,496.39,68.31,0.0,1086.0,4.0,1.0,0.0,0.25144,0.22429,4.23852,0.0,0.0,1
4432.0,4431.0,168.0,27.59,12.0,0.05881,0.03164,44.38,9.47,0.0,740.0,1.0,0.0,1.0,0.81475,0.59595,2.34814,0.0,0.0,0
4433.0,4432.0,54.0,122.2,16.0,0.50364,0.15324,49.78,5.64,1.0,427.0,1.0,0.0,1.0,0.9104,0.64731,1.89269,0.0,0.0,0
4434.0,4433.0,296.0,82.27,7.0,0.14578,0.17526,161.35,20.07,0.0,658.0,0.0,0.0,0.0,1.85423,1.0488,3.04786,0.0,0.0,0
4435.0,4434.0,254.0,141.83,10.0,0.32309,0.01534,107.32,2.93,0.0,336.0,0.0,0.0,0.0,2.2536,1.17976,1.36744,0.0,0.0,0
4436.0,4435.0,9.0,552.14,10.0,0.45223,0.01,386.86,17.36,1.0,1484.0,2.0,0.0,1.0,3.83278,1.57542,2.91019,0.0,0.0,0
4437.0,4436.0,397.0,21.54,8.0,0.16643,0.19753,0.38,10.1,0.0,1899.0,5.0,0.0,1.0,0.83723,0.60826,2.4069,0.0,1.0,0
4438.0,4437.0,143.0,33.91,14.0,0.49701,0.08318,322.68,6.59,0.0,1689.0,1.0,0.0,1.0,1.04255,0.7142,2.02623,0.0,0.0,0
4439.0,4438.0,98.0,27.44,3.0,0.24109,0.24609,318.44,55.56,2.0,208.0,1.0,0.0,0.0,1.06108,0.72323,4.03528,1.0,0.0,0
4440.0,4439.0,396.0,49.53,12.0,0.17693,0.21657,102.14,26.19,0.0,1942.0,1.0,0.0,1.0,1.57797,0.947,3.303,0.0,0.0,0
4441.0,4440.0,57.0,77.54,13.0,0.09654,0.53665,287.98,25.87,1.0,1136.0,1.0,0.0,0.0,3.10218,1.41152,3.29092,0.0,0.0,0
4442.0,4441.0,30.0,47.17,3.0,0.22601,0.21317,1.88,172.4,0.0,945.0,1.0,1.0,1.0,1.32965,0.84572,5.15561,1.0,1.0,1
4443.0,4442.0,272.0,67.08,19.0,0.37521,0.04751,61.8,21.15,1.0,922.0,1.0,0.0,1.0,1.40032,0.8756,3.09785,0.0,0.0,0
4444.0,4443.0,99.0,39.04,15.0,0.27024,0.157,959.69,2.27,0.0,1555.0,1.0,0.0,0.0,1.14442,0.76287,1.18388,0.0,0.0,0
4445.0,4444.0,152.0,57.35,15.0,0.17435,0.02574,525.14,95.09,0.0,1937.0,1.0,0.0,0.0,1.25092,0.81134,4.56533,0.0,0.0,0
4446.0,4445.0,118.0,411.68,15.0,0.13156,0.07935,234.7,104.78,0.0,73.0,1.0,0.0,0.0,4.87852,1.7713,4.6614,0.0,0.0,0
4447.0,4446.0,49.0,55.12,15.0,0.25976,0.08531,142.21,25.79,3.0,980.0,4.0,0.0,1.0,3.20331,1.43587,3.28801,0.0,0.0,0
4448.0,4447.0,205.0,98.02,21.0,0.39608,0.1185,36.27,6.12,0.0,1879.0,1.0,0.0,1.0,0.75782,0.56408,1.96307,0.0,0.0,0
4449.0,4448.0,161.0,73.85,14.0,0.16546,0.04718,430.05,4.52,0.0,1806.0,1.0,0.0,1.0,1.65367,0.97594,1.70912,0.0,0.0,0
4450.0,4449.0,193.0,14.4,9.0,0.16901,0.06105,166.83,5.51,0.0,137.0,0.0,0.0,1.0,1.79971,1.02951,1.87285,0.0,0.0,0
4451.0,4450.0,91.0,74.91,10.0,0.32691,0.11385,483.55,9.36,0.0,258.0,2.0,0.0,0.0,1.93882,1.07801,2.33757,0.0,0.0,0
4452.0,4451.0,42.0,43.44,11.0,0.23175,0.13409,237.89,26.1,1.0,1866.0,6.0,0.0,0.0,2.65541,1.29621,3.29937,0.0,0.0,0
4453.0,4452.0,30.0,11.09,7.0,0.06136,0.1742,5.08,3.28,1.0,945.0,3.0,0.0,1.0,0.31277,0.27214,1.45488,0.0,1.0,0
4454.0,4453.0,199.0,59.53,11.0,0.12098,0.4288,87.64,24.06,0.0,957.0,3.0,0.0,1.0,0.93527,0.66025,3.22117,0.0,0.0,0
4455.0,4454.0,178.0,172.43,12.0,0.10652,0.2253,480.3,9.4,0.0,563.0,2.0,0.0,1.0,0.9204,0.65253,2.34162,0.0,0.0,0
4456.0,4455.0,355.0,215.47,19.0,0.16809,0.26299,327.13,2.38,1.0,210.0,4.0,0.0,1.0,2.75217,1.32233,1.21657,0.0,0.0,0
4457.0,4456.0,60.0,180.0,13.0,0.14251,0.05752,32.74,25.92,0.0,1515.0,1.0,0.0,0.0,1.21461,0.79507,3.29271,0.0,0.0,0
4458.0,4457.0,369.0,16.51,10.0,0.37755,0.01,196.71,9.94,2.0,1832.0,4.0,0.0,1.0,0.7325,0.54956,2.39214,0.0,0.0,0
4459.0,4458.0,409.0,75.02,11.0,0.09311,0.03466,402.82,22.45,1.0,1009.0,4.0,0.0,1.0,1.85224,1.0481,3.15489,0.0,0.0,0
4460.0,4459.0,335.0,76.23,15.0,0.05559,0.10747,10.56,9.25,0.0,2088.0,2.0,0.0,1.0,0.97183,0.67896,2.32685,0.0,0.0,0
4461.0,4460.0,97.0,34.33,8.0,0.64302,0.15847,260.86,26.3,2.0,114.0,1.0,0.0,0.0,0.41468,0.34691,3.30703,0.0,0.0,0
4462.0,4461.0,282.0,210.13,10.0,0.19952,0.28608,439.02,14.62,0.0,2082.0,3.0,0.0,1.0,1.26043,0.81555,2.7487,0.0,0.0,0
4463.0,4462.0,98.0,17.35,8.0,0.33392,0.41943,178.59,64.69,0.0,208.0,2.0,0.0,0.0,0.67084,0.51333,4.18497,0.0,0.0,0
4464.0,4463.0,379.0,35.63,7.0,0.31212,0.08379,3.33,20.09,0.0,230.0,2.0,0.0,1.0,1.64469,0.97256,3.04892,0.0,1.0,0
4465.0,4464.0,259.0,258.58,13.0,0.6021,0.29904,55.02,11.08,1.0,789.0,8.0,0.0,0.0,9.99984,2.39788,2.49146,0.0,0.0,1
4466.0,4465.0,148.0,34.46,13.0,0.13159,0.3962,459.79,8.43,1.0,1988.0,2.0,0.0,0.0,1.11663,0.74983,2.24412,0.0,0.0,0
4467.0,4466.0,189.0,15.24,14.0,0.31308,0.0573,34.09,81.78,2.0,575.0,3.0,0.0,0.0,0.40219,0.33803,4.41614,0.0,0.0,0
4468.0,4467.0,227.0,170.36,20.0,0.20986,0.01709,180.07,11.6,0.0,640.0,2.0,0.0,1.0,1.23465,0.80409,2.53336,0.0,0.0,0
4469.0,4468.0,62.0,114.23,14.0,0.1347,0.15514,320.85,9.48,0.0,424.0,1.0,0.0,1.0,3.41985,1.48611,2.34966,0.0,0.0,0
4470.0,4469.0,64.0,49.71,18.0,0.13997,0.07178,34.09,5.0,0.0,445.0,4.0,0.0,1.0,0.56337,0.44684,1.79137,0.0,0.0,0
4471.0,4470.0,18.0,115.56,20.0,0.21816,0.06298,94.32,5.29,0.0,195.0,4.0,0.0,1.0,2.07677,1.12388,1.83893,0.0,0.0,0
4472.0,4471.0,408.0,107.38,13.0,0.1837,0.15936,125.7,25.43,0.0,1713.0,1.0,0.0,1.0,1.6924,0.99043,3.27451,0.0,0.0,0
4473.0,4472.0,8.0,7.59,20.0,0.27381,0.1109,184.97,4.24,0.0,1553.0,4.0,0.0,1.0,0.14526,0.13563,1.65587,0.0,0.0,0
4474.0,4473.0,390.0,58.16,18.0,0.26421,0.29666,5.6,9.28,2.0,184.0,1.0,0.0,1.0,0.83319,0.60606,2.32996,0.0,1.0,0
4475.0,4474.0,294.0,51.03,12.0,0.14225,0.11358,36.97,2.15,0.0,1821.0,0.0,0.0,0.0,0.69338,0.52673,1.14648,0.0,0.0,0
4476.0,4475.0,83.0,33.9,16.0,0.10308,0.14811,66.45,1.84,2.0,1023.0,3.0,0.0,1.0,0.60345,0.47216,1.04417,0.0,0.0,0
4477.0,4476.0,355.0,183.63,8.0,0.14043,0.46545,579.33,91.53,1.0,210.0,5.0,0.0,1.0,2.34542,1.20759,4.52754,0.0,0.0,1
4478.0,4477.0,167.0,90.91,9.0,0.14967,0.05784,72.61,9.51,1.0,1471.0,4.0,0.0,0.0,2.03405,1.1099,2.35232,0.0,0.0,0
4479.0,4478.0,333.0,153.43,14.0,0.32743,0.12974,4.75,6.86,1.0,489.0,2.0,0.0,1.0,2.02917,1.10829,2.06164,0.0,1.0,1
4480.0,4479.0,108.0,119.41,9.0,0.35984,0.30256,21.07,16.82,0.0,1757.0,7.0,0.0,0.0,1.3397,0.85002,2.88046,0.0,0.0,0
4481.0,4480.0,234.0,29.94,7.0,0.23903,0.17415,483.05,104.81,1.0,1886.0,3.0,1.0,1.0,0.33722,0.29059,4.6616,0.0,0.0,0
4482.0,4481.0,137.0,93.39,15.0,0.55613,0.03224,421.32,16.26,0.0,1118.0,2.0,0.0,1.0,0.84265,0.6112,2.84821,0.0,0.0,0
4483.0,4482.0,12.0,102.62,11.0,0.64157,0.06184,446.59,16.92,2.0,1896.0,2.0,0.0,0.0,1.7741,1.02033,2.8861,0.0,0.0,0
4484.0,4483.0,402.0,121.94,15.0,0.11135,0.36106,923.35,18.18,1.0,891.0,1.0,0.0,0.0,1.64693,0.9734,2.95367,0.0,0.0,0
4485.0,4484.0,309.0,52.01,18.0,0.44243,0.05838,622.26,3.0,3.0,1963.0,5.0,0.0,0.0,2.11426,1.13599,1.38736,0.0,0.0,0
4486.0,4485.0,75.0,81.43,19.0,0.51955,0.08477,158.28,47.33,1.0,4.0,5.0,0.0,1.0,1.23134,0.8026,3.87811,0.0,0.0,0
4487.0,4486.0,68.0,263.82,16.0,0.1842,0.62356,0.38,2.1,0.0,475.0,2.0,0.0,1.0,2.46776,1.24351,1.13244,0.0,1.0,0
4488.0,4487.0,401.0,124.55,10.0,0.12746,0.0822,424.85,14.12,1.0,301.0,1.0,0.0,1.0,1.39055,0.87152,2.71616,0.0,0.0,0
4489.0,4488.0,247.0,8.13,13.0,0.15407,0.15868,429.57,32.62,0.0,1577.0,1.0,0.0,1.0,0.45553,0.37537,3.51515,0.0,0.0,0
4490.0,4489.0,63.0,91.77,13.0,0.53781,0.10567,259.05,21.46,0.0,636.0,1.0,0.0,1.0,0.81092,0.59383,3.11174,0.0,0.0,0
4491.0,4490.0,10.0,64.88,9.0,0.22519,0.06555,293.6,11.53,0.0,1497.0,2.0,0.0,1.0,1.5065,0.91889,2.52847,0.0,0.0,0
4492.0,4491.0,169.0,55.21,12.0,0.32048,0.05136,470.98,15.64,0.0,989.0,3.0,0.0,1.0,0.82374,0.60089,2.81189,0.0,0.0,0
4493.0,4492.0,364.0,19.46,13.0,0.27529,0.24888,105.81,54.17,1.0,1357.0,2.0,0.0,0.0,1.33113,0.84635,4.01045,0.0,0.0,0
4494.0,4493.0,187.0,22.54,15.0,0.24828,0.23939,205.58,74.86,1.0,960.0,1.0,0.0,1.0,0.32056,0.27806,4.32888,0.0,0.0,0
4495.0,4494.0,272.0,60.81,19.0,0.24345,0.06771,53.88,17.21,1.0,922.0,0.0,0.0,0.0,1.26951,0.81956,2.90221,0.0,0.0,0
4496.0,4495.0,149.0,41.97,6.0,0.08373,0.02864,11.19,25.47,0.0,651.0,1.0,0.0,1.0,0.65055,0.50111,3.27617,0.0,0.0,0
4497.0,4496.0,91.0,20.77,6.0,0.33831,0.20436,268.16,4.46,2.0,258.0,2.0,0.0,0.0,0.53751,0.43016,1.69832,0.0,0.0,0
4498.0,4497.0,398.0,17.83,3.0,0.17967,0.02041,53.96,3.48,1.0,2173.0,2.0,0.0,1.0,0.38296,0.32423,1.5006,1.0,0.0,0
4499.0,4498.0,46.0,7.78,6.0,0.41175,0.08723,70.96,160.62,1.0,281.0,4.0,1.0,1.0,0.25152,0.22436,5.08527,0.0,0.0,0
4500.0,4499.0,313.0,16.62,8.0,0.07451,0.25257,354.0,31.84,1.0,229.0,2.0,0.0,1.0,0.70119,0.53133,3.49152,0.0,0.0,0
4501.0,4500.0,241.0,96.77,14.0,0.12242,0.12908,103.19,10.91,0.0,424.0,0.0,0.0,1.0,1.45464,0.89798,2.4771,0.0,0.0,0
4502.0,4501.0,243.0,54.65,8.0,0.15022,0.09895,231.58,14.67,3.0,1841.0,3.0,0.0,0.0,0.76146,0.56614,2.75184,0.0,0.0,0
4503.0,4502.0,335.0,41.41,20.0,0.41624,0.0488,32.74,5.92,1.0,2088.0,5.0,0.0,1.0,0.52799,0.42395,1.93477,0.0,0.0,0
4504.0,4503.0,45.0,53.24,12.0,0.02904,0.06419,581.91,15.4,1.0,647.0,4.0,0.0,1.0,0.94736,0.66648,2.79724,0.0,0.0,0
4505.0,4504.0,75.0,50.51,18.0,0.03151,0.16656,184.75,83.13,0.0,4.0,3.0,1.0,1.0,0.76378,0.56746,4.43238,0.0,0.0,0
4506.0,4505.0,78.0,57.05,7.0,0.37528,0.41262,866.52,12.37,0.0,1375.0,3.0,0.0,1.0,0.98971,0.68799,2.59313,0.0,0.0,0
4507.0,4506.0,61.0,46.56,18.0,0.02817,0.25,5.58,5.7,1.0,1496.0,2.0,0.0,1.0,0.91871,0.65165,1.90201,0.0,1.0,0
4508.0,4507.0,68.0,87.82,13.0,0.25621,0.10637,186.3,37.27,1.0,475.0,2.0,0.0,0.0,0.82148,0.59965,3.64476,0.0,0.0,0
4509.0,4508.0,409.0,13.43,6.0,0.1388,0.04882,325.58,24.78,0.0,1009.0,1.0,0.0,0.0,0.33167,0.28644,3.24944,0.0,0.0,0
4510.0,4509.0,214.0,180.87,15.0,0.18106,0.31866,39.99,2.99,0.0,376.0,3.0,0.0,1.0,2.21263,1.16709,1.38455,0.0,0.0,0
4511.0,4510.0,401.0,321.61,7.0,0.19842,0.11121,278.49,16.41,0.0,301.0,0.0,0.0,0.0,3.59046,1.52398,2.85728,0.0,0.0,0
4512.0,4511.0,185.0,176.71,16.0,0.12669,0.06809,576.81,20.74,0.0,1619.0,0.0,0.0,0.0,2.99492,1.38502,3.07918,0.0,0.0,0
4513.0,4512.0,28.0,35.45,12.0,0.19622,0.13886,458.94,2.94,0.0,826.0,1.0,0.0,0.0,0.71859,0.54151,1.3717,0.0,0.0,1
4514.0,4513.0,184.0,118.19,20.0,0.07134,0.30058,684.41,285.32,0.0,1630.0,1.0,1.0,1.0,0.50097,0.40611,5.6571,0.0,0.0,0
4515.0,4514.0,405.0,333.12,9.0,0.33911,0.294,740.8,12.6,2.0,1562.0,4.0,0.0,0.0,4.67621,1.73628,2.61006,0.0,0.0,0
4516.0,4515.0,296.0,27.57,13.0,0.20212,0.08226,31.1,21.21,0.0,658.0,1.0,0.0,0.0,0.62133,0.48325,3.10075,0.0,0.0,0
4517.0,4516.0,276.0,315.92,6.0,0.40304,0.18674,308.94,5.18,0.0,2164.0,3.0,0.0,0.0,2.5101,1.25565,1.82122,0.0,0.0,0
4518.0,4517.0,81.0,100.37,13.0,0.18205,0.1842,209.49,12.85,1.0,1575.0,2.0,0.0,0.0,1.3525,0.85548,2.62838,0.0,0.0,0
4519.0,4518.0,55.0,210.09,10.0,0.38166,0.17341,219.29,7.08,2.0,1157.0,3.0,0.0,1.0,2.77356,1.32802,2.08933,0.0,0.0,0
4520.0,4519.0,91.0,25.38,17.0,0.60617,0.01471,2.61,71.44,1.0,258.0,5.0,0.0,0.0,0.65692,0.50496,4.28272,0.0,1.0,1
4521.0,4520.0,325.0,59.53,15.0,0.20797,0.1883,370.11,20.11,0.0,1576.0,3.0,0.0,0.0,2.03913,1.11157,3.04987,0.0,0.0,1
4522.0,4521.0,217.0,94.32,13.0,0.44898,0.23689,523.28,14.68,1.0,213.0,2.0,0.0,1.0,0.73123,0.54883,2.75222,0.0,0.0,0
4523.0,4522.0,374.0,155.9,6.0,0.36707,0.20447,361.58,5.36,0.0,1533.0,2.0,0.0,1.0,2.96389,1.37723,1.84996,0.0,0.0,0
4524.0,4523.0,321.0,32.07,9.0,0.29222,0.21936,57.67,13.33,1.0,1705.0,2.0,0.0,1.0,0.45426,0.3745,2.66251,0.0,0.0,0
4525.0,4524.0,43.0,86.75,14.0,0.2067,0.12855,189.35,43.33,0.0,637.0,3.0,1.0,1.0,1.26466,0.81743,3.79162,0.0,0.0,0
4526.0,4525.0,39.0,143.05,11.0,0.11498,0.13319,407.51,4.31,0.0,63.0,0.0,0.0,1.0,1.79776,1.02882,1.66964,0.0,0.0,0
4527.0,4526.0,321.0,109.27,19.0,0.01216,0.01,128.66,5.26,0.0,1705.0,0.0,0.0,0.0,1.54759,0.93515,1.83478,0.0,0.0,0
4528.0,4527.0,191.0,17.59,5.0,0.01903,0.06529,633.1,99.8,0.0,1719.0,3.0,1.0,1.0,0.67292,0.51457,4.61318,1.0,0.0,0
4529.0,4528.0,240.0,45.94,15.0,0.02389,0.42926,259.26,6.09,1.0,1434.0,0.0,0.0,1.0,0.8007,0.58817,1.95937,0.0,0.0,0
4530.0,4529.0,29.0,48.89,15.0,0.3659,0.09987,43.67,2.61,0.0,498.0,2.0,0.0,0.0,1.02557,0.70585,1.28297,0.0,0.0,0
4531.0,4530.0,328.0,490.53,8.0,0.28909,0.02708,17.99,9.75,1.0,884.0,1.0,0.0,1.0,7.43283,2.13213,2.37525,0.0,0.0,0
4532.0,4531.0,88.0,120.35,10.0,0.24631,0.14675,45.21,2.82,0.0,982.0,2.0,0.0,1.0,1.17803,0.77842,1.34013,0.0,0.0,0
4533.0,4532.0,302.0,110.69,20.0,0.23561,0.19232,456.47,5.74,0.0,1172.0,0.0,0.0,0.0,1.50646,0.91887,1.90768,0.0,0.0,0
4534.0,4533.0,269.0,600.35,3.0,0.53916,0.06104,177.45,0.71,0.0,659.0,1.0,0.0,1.0,6.31207,1.98953,0.53837,1.0,0.0,1
4535.0,4534.0,36.0,130.2,1.0,0.27381,0.11893,91.22,783.3,1.0,1392.0,3.0,1.0,0.0,5.00943,1.79333,6.6648,1.0,0.0,1
4536.0,4535.0,234.0,138.49,12.0,0.14824,0.14768,766.85,33.14,0.0,1886.0,2.0,0.0,1.0,1.56009,0.94004,3.53049,0.0,0.0,0
4537.0,4536.0,412.0,79.52,12.0,0.31833,0.26242,290.42,0.46,0.0,243.0,3.0,0.0,0.0,1.35665,0.85724,0.38074,0.0,0.0,0
4538.0,4537.0,322.0,17.86,14.0,0.05713,0.08179,759.21,1.81,0.0,1310.0,0.0,0.0,1.0,0.39994,0.33643,1.03176,0.0,0.0,0
4539.0,4538.0,336.0,149.43,9.0,0.09707,0.04033,413.31,16.83,0.0,1874.0,2.0,0.0,1.0,3.87007,1.58311,2.88094,0.0,0.0,0
4540.0,4539.0,296.0,113.78,11.0,0.17842,0.095,148.33,11.09,2.0,658.0,2.0,0.0,1.0,2.56439,1.27099,2.49202,0.0,0.0,0
4541.0,4540.0,73.0,50.8,17.0,0.22649,0.03443,256.94,1.63,0.0,1339.0,1.0,0.0,1.0,0.90185,0.64283,0.96668,0.0,0.0,0
4542.0,4541.0,275.0,74.24,12.0,0.18054,0.11095,242.13,2.45,0.0,327.0,3.0,0.0,1.0,1.4298,0.88781,1.23809,0.0,0.0,0
4543.0,4542.0,150.0,305.44,15.0,0.09151,0.46208,102.62,11.65,0.0,467.0,1.0,0.0,1.0,5.20785,1.82581,2.5373,0.0,0.0,0
4544.0,4543.0,381.0,157.5,12.0,0.1114,0.11506,479.62,19.4,1.0,15.0,2.0,0.0,0.0,1.89634,1.06345,3.0153,0.0,0.0,0
4545.0,4544.0,322.0,39.37,6.0,0.13376,0.1026,686.87,9.2,0.0,1310.0,2.0,0.0,1.0,0.88131,0.63197,2.32248,0.0,0.0,0
4546.0,4545.0,128.0,27.87,10.0,0.11309,0.2525,156.85,1.59,1.0,1019.0,3.0,0.0,1.0,0.45825,0.37724,0.95068,0.0,0.0,0
4547.0,4546.0,201.0,206.3,14.0,0.09006,0.11373,378.48,1.9,1.0,108.0,4.0,0.0,1.0,2.58055,1.27552,1.06442,0.0,0.0,0
4548.0,4547.0,38.0,11.07,18.0,0.27006,0.19371,393.31,1.76,0.0,311.0,1.0,0.0,1.0,0.27982,0.24672,1.01403,0.0,0.0,0
4549.0,4548.0,315.0,24.0,16.0,0.20705,0.10456,341.3,14.62,1.0,1127.0,0.0,0.0,1.0,0.93514,0.66018,2.74865,0.0,0.0,0
4550.0,4549.0,350.0,367.27,10.0,0.19315,0.15288,187.87,6.92,0.0,1123.0,2.0,0.0,0.0,2.3851,1.21938,2.06958,0.0,0.0,0
4551.0,4550.0,217.0,71.44,10.0,0.25302,0.20133,701.09,42.27,0.0,213.0,3.0,0.0,0.0,0.55384,0.44073,3.76739,0.0,0.0,0
4552.0,4551.0,16.0,8.63,10.0,0.16811,0.24797,344.96,19.04,0.0,1013.0,2.0,0.0,0.0,0.16698,0.15442,2.99786,0.0,0.0,0
4553.0,4552.0,180.0,61.18,3.0,0.08004,0.04631,109.42,8.13,0.0,1211.0,2.0,0.0,1.0,0.83666,0.60795,2.21208,1.0,0.0,0
4554.0,4553.0,132.0,37.69,5.0,0.14278,0.01,267.41,8.54,0.0,1676.0,1.0,0.0,0.0,0.63982,0.49458,2.25563,1.0,0.0,0
4555.0,4554.0,356.0,44.37,6.0,0.19076,0.10155,811.34,42.97,0.0,413.0,3.0,0.0,0.0,1.20193,0.78933,3.78356,0.0,0.0,0
4556.0,4555.0,120.0,69.84,12.0,0.09933,0.19011,206.18,3.12,0.0,1861.0,0.0,0.0,1.0,1.16434,0.77211,1.41613,0.0,0.0,0
4557.0,4556.0,368.0,100.35,17.0,0.37951,0.16351,236.52,8.53,0.0,578.0,0.0,0.0,0.0,2.0617,1.11897,2.25397,0.0,0.0,0
4558.0,4557.0,323.0,29.95,17.0,0.25562,0.01467,37.98,9.03,0.0,1520.0,2.0,0.0,0.0,0.72533,0.54542,2.30575,0.0,0.0,0
4559.0,4558.0,184.0,180.27,17.0,0.26511,0.09668,705.43,9.04,0.0,1630.0,2.0,0.0,0.0,0.7641,0.56764,2.30618,0.0,0.0,1
4560.0,4559.0,110.0,60.09,18.0,0.0541,0.31029,100.67,23.89,1.0,1886.0,0.0,0.0,1.0,1.22719,0.80074,3.21435,0.0,0.0,0
4561.0,4560.0,72.0,94.68,12.0,0.25691,0.08135,104.24,2.17,0.0,513.0,3.0,0.0,0.0,1.14475,0.76302,1.15388,0.0,0.0,0
4562.0,4561.0,380.0,57.45,8.0,0.3491,0.30475,335.56,5.88,1.0,1896.0,1.0,0.0,0.0,1.29666,0.83145,1.92928,0.0,0.0,0
4563.0,4562.0,140.0,232.01,16.0,0.24787,0.19341,3.18,7.26,0.0,720.0,3.0,0.0,0.0,1.81058,1.03339,2.11094,0.0,1.0,0
4564.0,4563.0,39.0,66.58,14.0,0.45628,0.11126,697.05,220.7,1.0,63.0,2.0,1.0,0.0,0.83674,0.60799,5.40133,0.0,0.0,0
4565.0,4564.0,271.0,255.16,7.0,0.03258,0.16067,169.54,14.07,0.0,1626.0,2.0,0.0,1.0,2.04245,1.11266,2.71267,0.0,0.0,0
4566.0,4565.0,409.0,34.83,17.0,0.14154,0.09357,171.53,9.45,0.0,1009.0,1.0,0.0,1.0,0.85993,0.62054,2.34663,0.0,0.0,0
4567.0,4566.0,409.0,30.2,15.0,0.14997,0.04188,371.23,3.78,1.0,1009.0,1.0,0.0,1.0,0.7457,0.55715,1.56472,0.0,0.0,0
4568.0,4567.0,323.0,30.17,13.0,0.12506,0.17854,36.38,21.74,0.0,1520.0,2.0,0.0,1.0,0.73079,0.54858,3.12396,0.0,0.0,0
4569.0,4568.0,211.0,292.06,17.0,0.53732,0.27119,232.42,13.84,1.0,883.0,3.0,0.0,0.0,2.07693,1.12393,2.69742,0.0,0.0,0
4570.0,4569.0,354.0,40.19,19.0,0.08903,0.06678,696.54,9.65,0.0,1115.0,2.0,0.0,1.0,1.50113,0.91674,2.36598,0.0,0.0,0
4571.0,4570.0,161.0,39.15,16.0,0.24545,0.25607,218.4,3.58,0.0,1806.0,1.0,0.0,0.0,0.87666,0.62949,1.52259,0.0,0.0,0
4572.0,4571.0,293.0,10.34,14.0,0.17272,0.3113,4.29,41.34,0.0,1213.0,3.0,0.0,0.0,0.36352,0.31007,3.74576,0.0,1.0,0
4573.0,4572.0,98.0,16.57,16.0,0.09659,0.08996,341.78,2.66,0.0,208.0,3.0,0.0,0.0,0.6407,0.49513,1.29759,0.0,0.0,0
4574.0,4573.0,27.0,41.6,14.0,0.04306,0.42797,156.53,27.25,0.0,1949.0,1.0,0.0,1.0,0.72552,0.54553,3.3411,0.0,0.0,0
4575.0,4574.0,149.0,51.41,3.0,0.21043,0.17874,12.19,81.83,0.0,651.0,0.0,0.0,1.0,0.7969,0.58606,4.41681,1.0,0.0,1
4576.0,4575.0,20.0,161.72,15.0,0.17265,0.40332,83.75,17.42,1.0,50.0,0.0,0.0,1.0,0.95698,0.6714,2.91368,0.0,0.0,1
4577.0,4576.0,119.0,36.96,18.0,0.42867,0.20393,263.73,9.93,5.0,1514.0,3.0,0.0,1.0,0.77372,0.57308,2.3913,0.0,0.0,0
4578.0,4577.0,261.0,27.96,13.0,0.20107,0.22182,41.5,13.13,0.0,539.0,2.0,0.0,0.0,1.10605,0.74481,2.64856,0.0,0.0,1
4579.0,4578.0,189.0,131.09,11.0,0.2214,0.14062,18.51,14.82,2.0,575.0,3.0,0.0,1.0,3.46011,1.49517,2.76125,0.0,0.0,1
4580.0,4579.0,370.0,24.91,3.0,0.04752,0.1993,396.58,8.71,0.0,49.0,4.0,0.0,1.0,1.00497,0.69563,2.27266,1.0,0.0,0
4581.0,4580.0,156.0,71.6,9.0,0.31281,0.16731,298.67,868.31,0.0,1986.0,3.0,1.0,0.0,1.3196,0.84139,6.7677,0.0,0.0,1
4582.0,4581.0,347.0,84.72,14.0,0.46498,0.3513,154.53,326.61,3.0,1085.0,1.0,1.0,1.0,0.35001,0.30011,5.79183,0.0,0.0,1
4583.0,4582.0,398.0,42.08,14.0,0.25953,0.52118,262.86,5.89,0.0,2173.0,1.0,0.0,1.0,0.90403,0.64397,1.92959,0.0,0.0,0
4584.0,4583.0,222.0,59.22,19.0,0.33122,0.29373,704.66,1.3,0.0,741.0,2.0,0.0,0.0,0.65209,0.50204,0.83212,0.0,0.0,0
4585.0,4584.0,131.0,269.82,10.0,0.23976,0.4068,1.04,3.6,0.0,335.0,3.0,0.0,1.0,4.0555,1.62048,1.52584,0.0,1.0,0
4586.0,4585.0,49.0,10.12,12.0,0.10988,0.09999,148.55,4.96,0.0,980.0,3.0,0.0,1.0,0.58837,0.46271,1.78428,0.0,0.0,0
4587.0,4586.0,382.0,22.48,15.0,0.22096,0.22992,69.11,229.87,1.0,264.0,3.0,0.0,0.0,0.9336,0.65939,5.44185,0.0,0.0,1
4588.0,4587.0,232.0,80.47,16.0,0.05078,0.15896,219.79,11.38,1.0,532.0,3.0,0.0,1.0,1.47063,0.90447,2.51615,0.0,0.0,0
4589.0,4588.0,154.0,189.45,13.0,0.23449,0.04777,3.05,7.6,0.0,1702.0,4.0,0.0,0.0,1.9659,1.08718,2.1517,0.0,1.0,0
4590.0,4589.0,375.0,61.59,14.0,0.40185,0.31327,519.6,28.03,1.0,338.0,6.0,0.0,0.0,0.4492,0.37102,3.36831,0.0,0.0,1
4591.0,4590.0,415.0,15.92,19.0,0.21738,0.20199,5.1,15.51,0.0,1982.0,2.0,0.0,1.0,0.41899,0.34994,2.80383,0.0,1.0,0
4592.0,4591.0,60.0,135.69,8.0,0.16901,0.12252,58.85,15.08,0.0,1515.0,1.0,0.0,1.0,0.91557,0.65001,2.77762,0.0,0.0,0
4593.0,4592.0,161.0,64.97,4.0,0.36066,0.04539,106.67,14.49,1.0,1806.0,3.0,0.0,0.0,1.45469,0.898,2.74017,1.0,0.0,0
4594.0,4593.0,354.0,45.36,12.0,0.23515,0.3724,668.21,13.14,1.0,1115.0,0.0,0.0,1.0,1.69418,0.99109,2.64914,0.0,0.0,0
4595.0,4594.0,315.0,7.98,16.0,0.38295,0.20577,4.19,57.73,0.0,1127.0,2.0,0.0,0.0,0.3108,0.27064,4.07301,0.0,1.0,1
4596.0,4595.0,191.0,60.32,18.0,0.28594,0.08022,2.05,4.2,0.0,1719.0,3.0,0.0,0.0,2.30702,1.19605,1.64909,0.0,1.0,0
4597.0,4596.0,187.0,137.93,12.0,0.19963,0.2552,233.33,1.4,0.0,960.0,1.0,0.0,1.0,1.96128,1.08562,0.87612,0.0,0.0,0
4598.0,4597.0,325.0,23.51,17.0,0.2503,0.13761,191.12,69.25,2.0,1576.0,2.0,0.0,1.0,0.80542,0.59079,4.25199,0.0,0.0,0
4599.0,4598.0,268.0,73.5,1.0,0.08607,0.01,598.69,1.48,0.0,423.0,2.0,0.0,0.0,1.38323,0.86846,0.90965,1.0,0.0,0
4600.0,4599.0,349.0,211.77,15.0,0.19076,0.29999,139.78,6.95,1.0,2005.0,2.0,0.0,1.0,1.3819,0.8679,2.07269,0.0,0.0,0
4601.0,4600.0,400.0,30.9,19.0,0.02794,0.12673,93.87,7.82,0.0,783.0,4.0,0.0,1.0,0.76572,0.56856,2.17698,0.0,0.0,0
4602.0,4601.0,289.0,39.66,19.0,0.33492,0.39697,483.79,10.66,1.0,785.0,0.0,0.0,1.0,0.7437,0.55601,2.45611,0.0,0.0,0
4603.0,4602.0,23.0,112.12,16.0,0.27072,0.22501,436.34,25.2,0.0,2053.0,3.0,0.0,1.0,1.15404,0.76734,3.26571,0.0,0.0,0
4604.0,4603.0,411.0,54.56,15.0,0.51307,0.10342,404.99,1.28,0.0,1445.0,1.0,0.0,0.0,0.60436,0.47272,0.82314,0.0,0.0,0
4605.0,4604.0,101.0,125.36,18.0,0.20527,0.20316,127.55,3.05,0.0,167.0,1.0,0.0,1.0,3.17096,1.42815,1.39922,0.0,0.0,0
4606.0,4605.0,413.0,127.34,16.0,0.06872,0.10412,647.2,16.21,1.0,1692.0,2.0,0.0,1.0,1.0445,0.71515,2.84574,0.0,0.0,0
4607.0,4606.0,361.0,101.66,17.0,0.11627,0.02341,344.26,2.78,1.0,2032.0,2.0,0.0,1.0,0.73707,0.5522,1.33067,0.0,0.0,0
4608.0,4607.0,390.0,671.81,13.0,0.24125,0.06808,126.21,11.08,1.0,184.0,2.0,0.0,0.0,9.62492,2.3632,2.49134,0.0,0.0,0
4609.0,4608.0,7.0,28.49,14.0,0.07251,0.11292,699.41,16.14,0.0,1086.0,2.0,0.0,1.0,0.65825,0.50576,2.84151,0.0,0.0,0
4610.0,4609.0,257.0,88.47,12.0,0.08471,0.08912,490.61,12.43,0.0,2159.0,1.0,0.0,1.0,0.55804,0.44343,2.59729,0.0,0.0,0
4611.0,4610.0,231.0,488.23,11.0,0.13458,0.11298,5.19,12.56,0.0,1188.0,1.0,0.0,1.0,2.5077,1.25496,2.60741,0.0,1.0,0
4612.0,4611.0,197.0,60.33,11.0,0.39527,0.09312,2.07,9.01,1.0,90.0,4.0,0.0,1.0,0.74095,0.55443,2.30402,0.0,1.0,1
4613.0,4612.0,119.0,39.8,6.0,0.01058,0.12687,382.08,5.55,0.0,1514.0,1.0,0.0,1.0,0.8331,0.60601,1.87961,0.0,0.0,0
4614.0,4613.0,2.0,198.77,14.0,0.4087,0.15229,17.07,8.14,1.0,359.0,4.0,0.0,1.0,1.59871,0.95502,2.21247,0.0,0.0,0
4615.0,4614.0,234.0,102.08,12.0,0.26552,0.25703,868.35,10.44,0.0,1886.0,2.0,0.0,1.0,1.14987,0.76541,2.43679,0.0,0.0,0
4616.0,4615.0,402.0,43.51,13.0,0.40953,0.13624,0.49,4.83,0.0,891.0,4.0,0.0,1.0,0.58768,0.46227,1.7632,0.0,1.0,0
4617.0,4616.0,142.0,112.74,7.0,0.23765,0.06106,549.19,3.5,0.0,1675.0,1.0,0.0,1.0,0.76401,0.56759,1.50314,0.0,0.0,0
4618.0,4617.0,160.0,178.76,18.0,0.14012,0.08955,13.45,2.18,1.0,626.0,3.0,0.0,0.0,1.27348,0.82131,1.15738,0.0,0.0,0
4619.0,4618.0,242.0,22.04,18.0,0.28918,0.40455,697.58,7.8,0.0,311.0,0.0,0.0,0.0,0.61582,0.47984,2.17481,0.0,0.0,0
4620.0,4619.0,393.0,45.93,12.0,0.23435,0.04335,232.94,2.38,0.0,908.0,2.0,0.0,1.0,2.69247,1.3063,1.21898,0.0,0.0,0
4621.0,4620.0,267.0,104.0,15.0,0.24132,0.10649,6.15,16.58,0.0,820.0,1.0,0.0,0.0,0.76285,0.56693,2.86689,0.0,1.0,1
4622.0,4621.0,176.0,60.23,7.0,0.06039,0.56861,116.71,82.53,0.0,1175.0,2.0,0.0,0.0,1.13758,0.75967,4.42516,0.0,0.0,1
4623.0,4622.0,207.0,93.89,5.0,0.27515,0.07727,297.27,3.81,1.0,304.0,3.0,0.0,1.0,1.92512,1.07333,1.57001,1.0,0.0,0
4624.0,4623.0,258.0,75.22,21.0,0.30356,0.08021,157.28,22.62,2.0,1488.0,6.0,0.0,0.0,1.56357,0.9414,3.16213,0.0,0.0,0
4625.0,4624.0,359.0,37.16,14.0,0.05733,0.11944,845.9,6.56,0.0,1172.0,3.0,0.0,1.0,0.45274,0.37345,2.02308,0.0,0.0,0
4626.0,4625.0,134.0,41.9,13.0,0.4964,0.03314,427.47,3.95,1.0,813.0,2.0,0.0,1.0,1.14117,0.76135,1.60003,0.0,0.0,0
4627.0,4626.0,309.0,18.86,16.0,0.25028,0.35435,613.53,34.67,1.0,1963.0,3.0,0.0,0.0,0.76674,0.56914,3.57431,0.0,0.0,0
4628.0,4627.0,117.0,46.64,12.0,0.20441,0.07635,642.38,47.6,0.0,987.0,1.0,0.0,1.0,1.37839,0.86642,3.88356,0.0,0.0,0
4629.0,4628.0,246.0,98.13,18.0,0.41748,0.28559,24.97,139.29,1.0,1513.0,1.0,0.0,0.0,1.86502,1.05258,4.94371,0.0,0.0,0
4630.0,4629.0,390.0,62.77,11.0,0.32941,0.03933,71.26,10.66,0.0,184.0,0.0,0.0,1.0,0.89925,0.64146,2.45612,0.0,0.0,0
4631.0,4630.0,250.0,67.12,20.0,0.07699,0.06801,347.68,5.89,0.0,1017.0,1.0,0.0,1.0,1.21282,0.79427,1.92952,0.0,0.0,0
4632.0,4631.0,242.0,80.47,16.0,0.55154,0.16136,636.98,20.22,0.0,311.0,0.0,0.0,1.0,2.24854,1.17821,3.05505,0.0,0.0,0
4633.0,4632.0,115.0,93.85,16.0,0.16692,0.13855,627.41,7.52,0.0,1148.0,1.0,0.0,0.0,2.12263,1.13867,2.14292,0.0,0.0,0
4634.0,4633.0,324.0,20.91,21.0,0.11546,0.49854,94.63,7.9,0.0,1098.0,3.0,0.0,1.0,0.55481,0.44136,2.1866,0.0,0.0,0
4635.0,4634.0,50.0,144.07,10.0,0.20881,0.12261,47.73,6.66,1.0,1298.0,5.0,0.0,1.0,1.99259,1.09614,2.03634,0.0,0.0,0
4636.0,4635.0,410.0,156.27,18.0,0.47512,0.03341,0.59,64.3,1.0,2004.0,1.0,0.0,0.0,1.34684,0.85307,4.17892,0.0,1.0,0
4637.0,4636.0,51.0,82.54,14.0,0.45108,0.09027,129.06,77.87,0.0,876.0,1.0,0.0,1.0,1.38809,0.87049,4.36777,0.0,0.0,0
4638.0,4637.0,295.0,44.86,12.0,0.43272,0.10503,387.71,12.84,0.0,237.0,1.0,0.0,1.0,0.65021,0.5009,2.62748,0.0,0.0,0
4639.0,4638.0,248.0,40.79,7.0,0.37942,0.01,31.42,152.81,1.0,1951.0,1.0,1.0,0.0,0.67211,0.51408,5.03572,0.0,0.0,0
4640.0,4639.0,224.0,76.59,21.0,0.48512,0.06051,31.6,72.54,0.0,584.0,1.0,1.0,1.0,1.23087,0.80239,4.29781,0.0,0.0,0
4641.0,4640.0,77.0,144.16,12.0,0.18606,0.01,249.05,2.93,0.0,698.0,3.0,0.0,0.0,1.75587,1.01373,1.36933,0.0,0.0,0
4642.0,4641.0,156.0,43.62,17.0,0.32214,0.08807,5.11,2.79,1.0,1986.0,2.0,0.0,1.0,0.80386,0.58993,1.33128,0.0,1.0,0
4643.0,4642.0,178.0,59.71,13.0,0.64449,0.09762,2.12,15.59,0.0,563.0,2.0,0.0,1.0,0.31872,0.27666,2.80894,0.0,1.0,0
4644.0,4643.0,107.0,11.37,16.0,0.29545,0.04843,220.66,7.2,1.0,498.0,2.0,0.0,1.0,0.41648,0.34817,2.1039,0.0,0.0,0
4645.0,4644.0,344.0,82.77,12.0,0.40748,0.51621,425.38,30.14,0.0,258.0,3.0,0.0,0.0,1.18945,0.78365,3.43848,0.0,0.0,0
4646.0,4645.0,201.0,44.45,9.0,0.11402,0.17267,111.05,21.53,0.0,108.0,0.0,0.0,0.0,0.55603,0.44213,3.1148,0.0,0.0,0
4647.0,4646.0,358.0,230.92,19.0,0.02998,0.08403,4.23,344.58,0.0,1951.0,3.0,1.0,0.0,1.00632,0.6963,5.84524,0.0,1.0,1
4648.0,4647.0,380.0,73.65,3.0,0.14941,0.2004,289.21,2.45,0.0,1896.0,2.0,0.0,1.0,1.66248,0.97926,1.23919,1.0,0.0,0
4649.0,4648.0,65.0,86.51,16.0,0.29975,0.05516,881.33,10.72,1.0,1888.0,2.0,0.0,0.0,0.94048,0.66294,2.46149,0.0,0.0,1
4650.0,4649.0,343.0,132.05,13.0,0.05007,0.31928,223.3,182.96,1.0,838.0,4.0,1.0,0.0,3.06691,1.40288,5.2147,0.0,0.0,0
4651.0,4650.0,321.0,79.14,9.0,0.25226,0.07098,201.11,5.8,0.0,1705.0,3.0,0.0,0.0,1.12078,0.75178,1.91678,0.0,0.0,0
4652.0,4651.0,404.0,13.43,15.0,0.41114,0.06259,189.5,8.53,0.0,840.0,2.0,0.0,1.0,0.50439,0.40839,2.25465,0.0,0.0,0
4653.0,4652.0,97.0,173.0,7.0,0.39854,0.14482,6.51,5.88,1.0,114.0,0.0,0.0,1.0,2.08985,1.12812,1.92858,0.0,1.0,0
4654.0,4653.0,345.0,18.72,17.0,0.13686,0.19225,257.71,81.29,0.0,1962.0,2.0,0.0,1.0,0.55202,0.43956,4.41026,0.0,0.0,0
4655.0,4654.0,101.0,11.02,15.0,0.37982,0.22919,177.61,93.38,1.0,167.0,2.0,1.0,1.0,0.27864,0.2458,4.54734,0.0,0.0,0
4656.0,4655.0,403.0,62.93,14.0,0.15672,0.31256,216.82,62.3,0.0,65.0,1.0,0.0,0.0,0.59651,0.46782,4.14783,0.0,0.0,0
4657.0,4656.0,140.0,103.1,14.0,0.41645,0.05268,223.05,22.0,1.0,720.0,4.0,0.0,1.0,0.80456,0.59032,3.13567,0.0,0.0,0
4658.0,4657.0,67.0,14.45,14.0,0.57498,0.1646,6.67,2.3,1.0,1146.0,3.0,0.0,1.0,1.07805,0.73143,1.19366,0.0,1.0,0
4659.0,4658.0,390.0,80.42,13.0,0.39246,0.0678,181.71,4.2,0.0,184.0,2.0,0.0,1.0,1.15222,0.7665,1.64802,0.0,0.0,0
4660.0,4659.0,283.0,92.36,13.0,0.06072,0.1397,56.06,27.65,2.0,69.0,1.0,0.0,1.0,2.05358,1.11632,3.35527,0.0,0.0,1
4661.0,4660.0,188.0,184.91,16.0,0.3577,0.07955,160.15,2.12,2.0,909.0,2.0,0.0,1.0,1.26572,0.81789,1.13627,0.0,0.0,0
4662.0,4661.0,376.0,127.88,8.0,0.01547,0.09411,166.52,2.3,1.0,462.0,3.0,0.0,1.0,1.81714,1.03572,1.1926,0.0,0.0,0
4663.0,4662.0,262.0,276.13,13.0,0.19768,0.05636,32.1,15.08,0.0,681.0,1.0,0.0,1.0,1.03092,0.70849,2.77745,0.0,0.0,0
4664.0,4663.0,365.0,175.06,12.0,0.22427,0.05015,503.74,3.1,0.0,60.0,2.0,0.0,1.0,1.76864,1.01836,1.41178,0.0,0.0,0
4665.0,4664.0,405.0,317.57,13.0,0.1106,0.22675,146.12,2.16,0.0,1562.0,0.0,0.0,1.0,4.45792,1.69707,1.15045,0.0,0.0,0
4666.0,4665.0,243.0,91.05,13.0,0.09641,0.1731,317.49,4.67,0.0,1841.0,4.0,0.0,1.0,1.26862,0.81917,1.73557,0.0,0.0,0
4667.0,4666.0,260.0,30.82,8.0,0.5056,0.05337,622.99,267.01,1.0,417.0,3.0,1.0,0.0,0.96761,0.67682,5.59102,0.0,0.0,1
4668.0,4667.0,199.0,408.62,9.0,0.30188,0.09377,120.87,65.69,1.0,957.0,1.0,0.0,1.0,6.41938,2.0041,4.20002,0.0,0.0,0
4669.0,4668.0,309.0,28.95,11.0,0.20519,0.04433,701.68,4.68,2.0,1963.0,1.0,0.0,1.0,1.17684,0.77787,1.73721,0.0,0.0,0
4670.0,4669.0,156.0,79.86,1.0,0.32215,0.04571,640.97,6.12,1.0,1986.0,3.0,0.0,1.0,1.4718,0.90495,1.96275,1.0,0.0,0
4671.0,4670.0,373.0,83.49,8.0,0.32123,0.4043,37.05,29.12,0.0,907.0,0.0,0.0,1.0,0.786,0.57998,3.40505,0.0,0.0,0
4672.0,4671.0,330.0,196.21,13.0,0.04323,0.30814,334.0,12.27,0.0,1086.0,2.0,0.0,1.0,1.80681,1.03205,2.58544,0.0,0.0,0
4673.0,4672.0,224.0,36.05,7.0,0.21369,0.07393,9.59,7.78,0.0,584.0,1.0,0.0,1.0,0.57938,0.45703,2.17291,0.0,0.0,0
4674.0,4673.0,390.0,751.44,10.0,0.30634,0.10824,221.27,15.49,0.0,184.0,1.0,0.0,1.0,10.76581,2.4652,2.80251,0.0,0.0,0
4675.0,4674.0,403.0,103.57,13.0,0.21044,0.30527,191.98,25.64,0.0,65.0,1.0,0.0,1.0,0.98173,0.68397,3.28228,0.0,0.0,0
4676.0,4675.0,66.0,42.16,6.0,0.12982,0.07151,84.18,6.1,1.0,99.0,0.0,0.0,1.0,0.50049,0.40579,1.96027,0.0,0.0,0
4677.0,4676.0,42.0,22.53,11.0,0.02633,0.05841,270.45,13.39,1.0,1866.0,1.0,0.0,0.0,1.37694,0.86581,2.6664,0.0,0.0,0
4678.0,4677.0,189.0,45.38,5.0,0.53472,0.28856,32.66,77.3,1.0,575.0,5.0,1.0,0.0,1.1979,0.7875,4.36056,1.0,0.0,1
4679.0,4678.0,379.0,33.68,9.0,0.18336,0.37747,6.37,6.59,1.0,230.0,4.0,0.0,0.0,1.55464,0.93791,2.0262,0.0,1.0,1
4680.0,4679.0,362.0,108.59,16.0,0.41098,0.03437,4.08,8.32,0.0,1375.0,3.0,0.0,1.0,1.81365,1.03448,2.23165,0.0,1.0,0
4681.0,4680.0,226.0,76.96,19.0,0.09288,0.3018,499.32,39.74,0.0,1331.0,2.0,0.0,1.0,2.43742,1.23472,3.70713,0.0,0.0,0
4682.0,4681.0,117.0,13.28,21.0,0.42375,0.31568,385.81,55.37,3.0,987.0,1.0,0.0,1.0,0.39259,0.33117,4.03199,0.0,0.0,0
4683.0,4682.0,396.0,7.96,14.0,0.14201,0.13514,115.04,4.11,0.0,1942.0,2.0,0.0,0.0,0.25361,0.22602,1.63175,0.0,0.0,0
4684.0,4683.0,130.0,65.42,17.0,0.15062,0.19122,543.19,16.75,1.0,1759.0,0.0,0.0,1.0,1.31335,0.8387,2.87642,0.0,0.0,0
4685.0,4684.0,320.0,84.21,21.0,0.32595,0.03337,50.65,25.5,0.0,1666.0,1.0,0.0,0.0,1.68763,0.98866,3.27704,0.0,0.0,0
4686.0,4685.0,313.0,25.62,11.0,0.64372,0.30607,145.62,16.66,2.0,229.0,2.0,0.0,1.0,1.08049,0.73261,2.87146,0.0,0.0,0
4687.0,4686.0,162.0,86.23,21.0,0.36454,0.15368,807.01,4.46,0.0,1631.0,1.0,0.0,1.0,3.14311,1.42145,1.69812,0.0,0.0,0
4688.0,4687.0,62.0,57.09,18.0,0.33835,0.20087,464.12,9.72,0.0,424.0,1.0,0.0,1.0,1.70911,0.99662,2.37237,0.0,0.0,0
4689.0,4688.0,23.0,119.0,9.0,0.18732,0.20812,167.15,33.55,0.0,2053.0,1.0,0.0,1.0,1.22483,0.79968,3.54248,0.0,0.0,0
4690.0,4689.0,105.0,240.69,20.0,0.31847,0.26508,418.72,8.72,0.0,1540.0,1.0,0.0,0.0,1.41731,0.88265,2.27395,0.0,0.0,0
4691.0,4690.0,229.0,224.87,4.0,0.4793,0.15504,292.89,14.56,1.0,1763.0,6.0,0.0,0.0,2.96657,1.3779,2.74498,1.0,0.0,0
4692.0,4691.0,293.0,20.47,18.0,0.20926,0.18199,422.84,29.14,0.0,1213.0,2.0,0.0,1.0,0.71975,0.54218,3.40571,0.0,0.0,0
4693.0,4692.0,65.0,61.87,12.0,0.30302,0.46198,894.96,4.95,0.0,1888.0,1.0,0.0,1.0,0.67262,0.51439,1.78275,0.0,0.0,0
4694.0,4693.0,119.0,83.28,11.0,0.15538,0.06274,577.54,40.4,0.0,1514.0,2.0,1.0,0.0,1.74317,1.00911,3.72327,0.0,0.0,0
4695.0,4694.0,11.0,14.91,14.0,0.07079,0.15654,88.59,6.98,0.0,295.0,0.0,0.0,1.0,0.4218,0.35192,2.07688,0.0,0.0,0
4696.0,4695.0,234.0,35.27,13.0,0.13636,0.10072,705.53,182.4,0.0,1886.0,1.0,0.0,1.0,0.39733,0.33456,5.21166,0.0,0.0,0
4697.0,4696.0,382.0,5.32,16.0,0.15934,0.43062,67.96,44.62,1.0,264.0,3.0,0.0,1.0,0.22079,0.1995,3.82031,0.0,0.0,0
4698.0,4697.0,83.0,29.11,13.0,0.16714,0.1755,78.22,39.25,0.0,1023.0,0.0,0.0,0.0,0.51817,0.41751,3.69501,0.0,0.0,0
4699.0,4698.0,271.0,341.68,7.0,0.13754,0.13165,141.19,1.5,2.0,1626.0,5.0,0.0,1.0,2.73506,1.31776,0.91807,0.0,0.0,0
4700.0,4699.0,156.0,18.18,13.0,0.36908,0.06659,285.21,13.15,0.0,1986.0,1.0,0.0,1.0,0.33505,0.28897,2.64994,0.0,0.0,0
4701.0,4700.0,342.0,19.36,11.0,0.2973,0.05102,387.9,18.29,1.0,453.0,2.0,0.0,1.0,0.68958,0.52448,2.95954,0.0,0.0,1
4702.0,4701.0,268.0,62.15,10.0,0.14265,0.13817,491.9,73.45,0.0,423.0,3.0,0.0,0.0,1.16951,0.7745,4.31019,0.0,0.0,0
4703.0,4702.0,156.0,51.22,16.0,0.21346,0.16963,241.77,22.25,0.0,1986.0,1.0,0.0,1.0,0.944,0.66475,3.14611,0.0,0.0,0
4704.0,4703.0,208.0,117.95,12.0,0.5062,0.09385,408.48,41.8,0.0,1129.0,5.0,0.0,0.0,1.88447,1.05934,3.75661,0.0,0.0,0
4705.0,4704.0,7.0,15.25,11.0,0.5164,0.07862,731.18,13.26,0.0,1086.0,2.0,0.0,1.0,0.35231,0.30181,2.65734,0.0,0.0,0
4706.0,4705.0,347.0,522.15,16.0,0.18556,0.11647,195.93,18.13,0.0,1085.0,1.0,0.0,1.0,2.15721,1.14969,2.95127,0.0,0.0,0
4707.0,4706.0,349.0,136.75,15.0,0.11109,0.1158,185.46,90.38,0.0,2005.0,2.0,1.0,1.0,0.89235,0.63782,4.51498,0.0,0.0,0
4708.0,4707.0,190.0,11.4,16.0,0.46289,0.02337,546.54,1.93,0.0,401.0,0.0,0.0,1.0,0.31876,0.27669,1.07361,0.0,0.0,0
4709.0,4708.0,54.0,68.34,8.0,0.32796,0.20858,112.0,98.97,0.0,427.0,0.0,0.0,1.0,0.50915,0.41155,4.60487,0.0,0.0,0
4710.0,4709.0,124.0,124.93,16.0,0.27136,0.06939,134.45,5.19,1.0,60.0,1.0,0.0,1.0,3.28952,1.45618,1.82244,0.0,0.0,1
4711.0,4710.0,42.0,36.02,8.0,0.08848,0.01,311.41,69.43,0.0,1866.0,0.0,0.0,1.0,2.20171,1.16368,4.25463,0.0,0.0,0
4712.0,4711.0,355.0,129.42,19.0,0.19948,0.18372,595.09,21.63,0.0,210.0,2.0,0.0,1.0,1.65306,0.97571,3.11936,0.0,0.0,0
4713.0,4712.0,398.0,42.15,12.0,0.22201,0.07769,90.15,73.52,0.0,2173.0,4.0,0.0,1.0,0.90544,0.64471,4.31102,0.0,0.0,0
4714.0,4713.0,3.0,28.96,20.0,0.22262,0.14728,207.15,10.29,0.0,817.0,5.0,0.0,1.0,0.52326,0.42085,2.42368,0.0,0.0,0
4715.0,4714.0,399.0,48.73,15.0,0.2489,0.17874,630.72,14.71,1.0,326.0,2.0,0.0,1.0,1.33233,0.84687,2.75441,0.0,0.0,0
4716.0,4715.0,111.0,23.15,11.0,0.43584,0.16825,437.03,193.46,2.0,1109.0,2.0,1.0,1.0,0.89578,0.63963,5.27023,0.0,0.0,0
4717.0,4716.0,235.0,121.8,7.0,0.20496,0.02957,473.57,6.06,0.0,1659.0,2.0,0.0,0.0,3.19091,1.43292,1.9547,0.0,0.0,0
4718.0,4717.0,174.0,165.92,19.0,0.23018,0.11271,238.85,1656.21,1.0,1212.0,2.0,1.0,1.0,2.49817,1.25224,7.41289,0.0,0.0,0
4719.0,4718.0,415.0,31.83,11.0,0.11095,0.09877,7.58,23.38,1.0,1982.0,2.0,0.0,1.0,0.83772,0.60852,3.19356,0.0,0.0,0
4720.0,4719.0,357.0,19.15,6.0,0.59463,0.18199,547.21,3.45,0.0,566.0,4.0,0.0,0.0,0.38338,0.32453,1.49207,0.0,0.0,0
4721.0,4720.0,315.0,54.01,11.0,0.23317,0.15107,312.38,10.4,0.0,1127.0,3.0,0.0,0.0,2.10395,1.13267,2.4334,0.0,0.0,0
4722.0,4721.0,358.0,152.5,12.0,0.06271,0.53646,82.69,30.4,1.0,1951.0,5.0,0.0,1.0,0.66455,0.50955,3.44681,0.0,0.0,0
4723.0,4722.0,329.0,19.49,21.0,0.19571,0.07358,6.14,103.52,0.0,1930.0,2.0,1.0,0.0,0.95589,0.67085,4.64935,0.0,1.0,0
4724.0,4723.0,346.0,103.7,17.0,0.27496,0.02142,4.14,14.85,3.0,2186.0,5.0,0.0,0.0,0.73467,0.55082,2.76293,0.0,1.0,1
4725.0,4724.0,63.0,71.21,1.0,0.33037,0.0897,145.8,300.13,1.0,636.0,2.0,1.0,1.0,0.62924,0.48811,5.70755,1.0,0.0,1
4726.0,4725.0,159.0,84.36,13.0,0.04335,0.14593,266.45,28.84,0.0,1564.0,0.0,0.0,1.0,2.17243,1.1545,3.3958,0.0,0.0,0
4727.0,4726.0,29.0,54.63,8.0,0.29589,0.02895,27.53,29.47,1.0,498.0,1.0,0.0,0.0,1.14598,0.7636,3.41664,0.0,0.0,0
4728.0,4727.0,41.0,23.55,11.0,0.13637,0.21589,419.94,6.63,1.0,1555.0,2.0,0.0,1.0,0.48148,0.39304,2.03249,0.0,0.0,0
4729.0,4728.0,386.0,21.22,15.0,0.11076,0.17035,531.61,10.38,0.0,1740.0,1.0,0.0,1.0,0.82373,0.60089,2.4315,0.0,0.0,0
4730.0,4729.0,294.0,324.82,15.0,0.5176,0.11583,36.93,15.37,0.0,1821.0,0.0,0.0,0.0,4.41362,1.68892,2.79532,0.0,0.0,0
4731.0,4730.0,22.0,83.16,14.0,0.11931,0.11773,307.48,919.31,0.0,1861.0,4.0,1.0,1.0,3.25341,1.44772,6.82471,0.0,0.0,0
4732.0,4731.0,144.0,86.55,13.0,0.47667,0.24778,293.07,12.91,1.0,153.0,1.0,0.0,0.0,1.16305,0.77152,2.63273,0.0,0.0,0
4733.0,4732.0,51.0,177.36,10.0,0.07965,0.01494,84.09,127.09,0.0,876.0,1.0,0.0,1.0,2.98264,1.38194,4.85276,0.0,0.0,0
4734.0,4733.0,357.0,162.84,14.0,0.18148,0.14525,189.73,54.66,1.0,566.0,1.0,0.0,0.0,3.26068,1.44943,4.01922,0.0,0.0,0
4735.0,4734.0,388.0,24.93,17.0,0.34949,0.05175,7.36,10.87,0.0,1720.0,1.0,0.0,1.0,0.34154,0.29382,2.47403,0.0,0.0,0
4736.0,4735.0,414.0,54.42,15.0,0.39854,0.19566,334.15,1.62,0.0,40.0,2.0,0.0,1.0,2.75114,1.32206,0.96185,0.0,0.0,0
4737.0,4736.0,219.0,52.4,19.0,0.42677,0.10899,338.11,21.67,0.0,1437.0,0.0,0.0,0.0,1.0851,0.73482,3.12106,0.0,0.0,0
4738.0,4737.0,153.0,28.05,17.0,0.53699,0.29567,71.72,73.78,1.0,2084.0,7.0,0.0,0.0,0.83199,0.6054,4.31452,0.0,0.0,0
4739.0,4738.0,404.0,14.38,17.0,0.51173,0.19496,64.55,8.3,1.0,840.0,3.0,0.0,1.0,0.54014,0.43187,2.22969,0.0,0.0,0
4740.0,4739.0,318.0,1711.97,8.0,0.44373,0.19337,2.96,28.79,1.0,866.0,2.0,0.0,1.0,20.63688,3.0744,3.39411,0.0,1.0,1
4741.0,4740.0,413.0,91.59,18.0,0.23174,0.29757,6.52,10.85,0.0,1692.0,0.0,0.0,1.0,0.75125,0.56033,2.47213,0.0,1.0,0
4742.0,4741.0,238.0,86.64,13.0,0.29198,0.48504,332.18,6.06,1.0,1643.0,1.0,0.0,1.0,3.43233,1.48892,1.95512,0.0,0.0,0
4743.0,4742.0,124.0,47.3,9.0,0.01994,0.04718,74.79,7.01,0.0,60.0,2.0,0.0,1.0,1.24541,0.80889,2.08087,0.0,0.0,0
4744.0,4743.0,375.0,1974.09,6.0,0.50547,0.07765,165.71,3.86,0.0,338.0,3.0,0.0,1.0,14.39755,2.73421,1.58137,0.0,0.0,0
4745.0,4744.0,349.0,38.07,16.0,0.0422,0.31058,186.89,11.27,0.0,2005.0,3.0,0.0,1.0,0.24842,0.22188,2.50731,0.0,0.0,0
4746.0,4745.0,151.0,73.73,18.0,0.48584,0.21727,282.47,12.11,0.0,1198.0,2.0,0.0,0.0,1.10346,0.74358,2.57331,0.0,0.0,0
4747.0,4746.0,68.0,64.49,3.0,0.23372,0.01,264.54,10.09,2.0,475.0,1.0,0.0,1.0,0.60329,0.47206,2.40606,1.0,0.0,0
4748.0,4747.0,218.0,105.32,12.0,0.10417,0.09305,247.13,5.47,1.0,2081.0,1.0,0.0,1.0,2.41817,1.22911,1.86736,0.0,0.0,0
4749.0,4748.0,332.0,368.14,7.0,0.1679,0.17683,703.27,11.97,0.0,1585.0,3.0,0.0,0.0,8.30301,2.23034,2.56252,0.0,0.0,0
4750.0,4749.0,247.0,7.9,12.0,0.46959,0.15413,354.71,2.41,2.0,1577.0,3.0,0.0,1.0,0.44287,0.36663,1.22791,0.0,0.0,0
4751.0,4750.0,113.0,80.88,15.0,0.2761,0.27446,280.08,367.29,1.0,1906.0,3.0,1.0,0.0,0.8376,0.60846,5.90887,0.0,0.0,1
4752.0,4751.0,256.0,136.58,11.0,0.08433,0.07277,112.82,39.16,0.0,1545.0,3.0,0.0,1.0,1.22406,0.79934,3.69299,0.0,0.0,0
4753.0,4752.0,214.0,106.42,14.0,0.34914,0.30517,86.38,836.52,1.0,376.0,5.0,1.0,0.0,1.30184,0.83371,6.73044,0.0,0.0,1
4754.0,4753.0,29.0,41.18,18.0,0.12643,0.08219,37.93,10.31,1.0,498.0,1.0,0.0,0.0,0.86391,0.62268,2.42591,0.0,0.0,1
4755.0,4754.0,245.0,421.16,4.0,0.48289,0.14554,150.61,7.93,1.0,1444.0,5.0,0.0,1.0,3.41078,1.48405,2.18944,1.0,0.0,0
4756.0,4755.0,295.0,328.93,9.0,0.20915,0.11777,212.25,1.52,0.0,237.0,2.0,0.0,1.0,4.7677,1.75227,0.92564,0.0,0.0,0
4757.0,4756.0,6.0,27.68,14.0,0.26671,0.08822,32.22,2.15,1.0,421.0,2.0,0.0,1.0,1.92624,1.07372,1.1485,0.0,0.0,0
4758.0,4757.0,22.0,49.73,11.0,0.33921,0.03367,339.22,19.06,1.0,1861.0,3.0,0.0,1.0,1.94566,1.08033,2.99869,0.0,0.0,0
4759.0,4758.0,303.0,84.8,3.0,0.19468,0.04059,152.95,2.62,1.0,306.0,2.0,0.0,1.0,2.27008,1.18481,1.2874,1.0,0.0,0
4760.0,4759.0,268.0,28.77,9.0,0.25472,0.06909,125.98,152.12,1.0,423.0,1.0,1.0,0.0,0.54146,0.43273,5.03123,0.0,0.0,0
4761.0,4760.0,114.0,24.19,10.0,0.26982,0.25435,131.22,2.73,1.0,1334.0,4.0,0.0,0.0,0.50543,0.40908,1.31737,0.0,0.0,0
4762.0,4761.0,87.0,100.27,16.0,0.52037,0.27286,4.01,39.72,2.0,1015.0,4.0,0.0,0.0,0.8759,0.62909,3.70669,0.0,1.0,1
4763.0,4762.0,118.0,58.31,15.0,0.40679,0.33126,84.24,9.09,0.0,73.0,0.0,0.0,0.0,0.69095,0.52529,2.31123,0.0,0.0,0
4764.0,4763.0,207.0,53.38,5.0,0.18948,0.16707,286.41,7.29,2.0,304.0,3.0,0.0,1.0,1.09442,0.73928,2.11542,1.0,0.0,0
4765.0,4764.0,63.0,172.2,9.0,0.02988,0.29809,154.47,53.67,0.0,636.0,2.0,0.0,1.0,1.52158,0.92489,4.0013,0.0,0.0,0
4766.0,4765.0,246.0,115.4,7.0,0.08509,0.18008,61.13,74.99,0.0,1513.0,1.0,0.0,1.0,2.19319,1.16102,4.33062,0.0,0.0,1
4767.0,4766.0,19.0,128.7,10.0,0.52198,0.01,198.47,27.65,2.0,1732.0,1.0,0.0,0.0,1.18132,0.77993,3.35499,0.0,0.0,0
4768.0,4767.0,356.0,232.86,19.0,0.19625,0.45447,480.71,6.9,0.0,413.0,1.0,0.0,0.0,6.30807,1.98898,2.06677,0.0,0.0,0
4769.0,4768.0,333.0,93.5,18.0,0.45497,0.07898,42.18,10.78,0.0,489.0,2.0,0.0,0.0,1.2366,0.80495,2.46663,0.0,0.0,0
4770.0,4769.0,134.0,43.62,16.0,0.52807,0.23968,1.61,321.84,1.0,813.0,3.0,1.0,1.0,1.18813,0.78305,5.77715,0.0,1.0,1
4771.0,4770.0,169.0,127.07,12.0,0.20342,0.11176,128.83,629.43,0.0,989.0,2.0,1.0,0.0,1.8958,1.06326,6.44641,0.0,0.0,0
4772.0,4771.0,68.0,169.98,4.0,0.14542,0.09112,165.14,49.37,3.0,475.0,1.0,0.0,1.0,1.58995,0.95164,3.91943,1.0,0.0,0
4773.0,4772.0,135.0,17.3,15.0,0.32815,0.40045,34.71,183.1,0.0,1091.0,3.0,1.0,1.0,0.45102,0.37226,5.2155,0.0,0.0,0
4774.0,4773.0,45.0,30.54,8.0,0.35041,0.21502,444.73,250.9,0.0,647.0,2.0,1.0,1.0,0.54335,0.43396,5.52905,0.0,0.0,0
4775.0,4774.0,117.0,23.39,8.0,0.4012,0.11594,546.31,1.41,0.0,987.0,2.0,0.0,1.0,0.69121,0.52544,0.87786,0.0,0.0,0
4776.0,4775.0,380.0,47.85,18.0,0.10105,0.33416,93.56,6.21,0.0,1896.0,2.0,0.0,1.0,1.08008,0.73241,1.97516,0.0,0.0,0
4777.0,4776.0,357.0,44.41,7.0,0.32887,0.0717,544.09,9.3,0.0,566.0,1.0,0.0,0.0,0.88927,0.63619,2.33261,0.0,0.0,0
4778.0,4777.0,22.0,62.47,14.0,0.22609,0.32163,621.42,19.17,0.0,1861.0,0.0,0.0,1.0,2.44401,1.23664,3.00436,0.0,0.0,0
4779.0,4778.0,155.0,53.38,14.0,0.11062,0.03371,954.41,19.96,2.0,1161.0,2.0,0.0,1.0,0.92503,0.65494,3.04284,0.0,0.0,0
4780.0,4779.0,58.0,651.03,10.0,0.32262,0.04677,139.19,5.99,1.0,1075.0,2.0,0.0,0.0,5.14544,1.81571,1.94448,0.0,0.0,0
4781.0,4780.0,222.0,46.17,17.0,0.48899,0.19245,156.68,12.12,0.0,741.0,3.0,0.0,0.0,0.50842,0.41107,2.57401,0.0,0.0,0
4782.0,4781.0,406.0,59.49,12.0,0.32295,0.13943,464.31,5.65,1.0,2103.0,2.0,0.0,0.0,1.33778,0.8492,1.89466,0.0,0.0,0
4783.0,4782.0,41.0,107.33,17.0,0.21281,0.11711,395.89,13.3,0.0,1555.0,4.0,0.0,0.0,2.19408,1.1613,2.66006,0.0,0.0,0
4784.0,4783.0,398.0,7.58,18.0,0.19516,0.33121,228.37,49.13,1.0,2173.0,4.0,0.0,1.0,0.16281,0.15084,3.91457,0.0,0.0,0
4785.0,4784.0,156.0,60.41,14.0,0.07223,0.07603,468.57,48.77,0.0,1986.0,0.0,0.0,0.0,1.1133,0.74825,3.90734,0.0,0.0,0
4786.0,4785.0,242.0,30.04,5.0,0.04991,0.09266,326.97,8.45,0.0,311.0,4.0,0.0,0.0,0.83953,0.60951,2.24622,1.0,0.0,0
4787.0,4786.0,334.0,23.63,3.0,0.08915,0.01279,201.32,2.95,0.0,1391.0,2.0,0.0,1.0,0.76478,0.56802,1.37404,1.0,0.0,0
4788.0,4787.0,235.0,209.75,3.0,0.32133,0.13576,467.19,6.61,0.0,1659.0,1.0,0.0,0.0,5.495,1.87103,2.02912,1.0,0.0,0
4789.0,4788.0,410.0,194.7,11.0,0.49579,0.12473,666.52,96.52,1.0,2004.0,4.0,1.0,0.0,1.67805,0.98509,4.58006,0.0,0.0,1
4790.0,4789.0,5.0,79.14,17.0,0.27125,0.07367,102.53,42.18,0.0,1734.0,1.0,0.0,1.0,1.0207,0.70344,3.76546,0.0,0.0,0
4791.0,4790.0,360.0,19.23,13.0,0.16294,0.24682,715.1,60.81,0.0,2194.0,0.0,0.0,1.0,1.02423,0.70519,4.12402,0.0,0.0,0
4792.0,4791.0,233.0,23.22,17.0,0.24748,0.28594,932.27,19.1,0.0,1453.0,3.0,0.0,0.0,0.83497,0.60703,3.00057,0.0,0.0,0
4793.0,4792.0,355.0,38.89,14.0,0.06403,0.01,108.86,26.72,0.0,210.0,1.0,0.0,0.0,0.49668,0.40325,3.32207,0.0,0.0,0
4794.0,4793.0,212.0,29.98,11.0,0.33947,0.10789,20.71,6.65,1.0,1636.0,1.0,0.0,1.0,0.95116,0.66842,2.03489,0.0,0.0,0
4795.0,4794.0,106.0,18.36,2.0,0.09628,0.31395,502.16,5.34,2.0,997.0,3.0,0.0,1.0,0.76169,0.56628,1.84743,1.0,0.0,0
4796.0,4795.0,316.0,52.58,5.0,0.05471,0.1338,130.67,15.17,0.0,693.0,1.0,0.0,1.0,0.83049,0.60458,2.78325,1.0,0.0,0
4797.0,4796.0,132.0,40.85,16.0,0.42708,0.14527,609.85,120.0,0.0,1676.0,3.0,1.0,0.0,0.69345,0.52677,4.79578,0.0,0.0,0
4798.0,4797.0,131.0,88.39,10.0,0.08588,0.39719,170.98,21.88,0.0,335.0,0.0,0.0,1.0,1.32853,0.84524,3.13025,0.0,0.0,0
4799.0,4798.0,380.0,62.32,14.0,0.01911,0.4883,135.25,45.93,0.0,1896.0,0.0,0.0,0.0,1.40675,0.87828,3.84857,0.0,0.0,0
4800.0,4799.0,149.0,49.41,19.0,0.36326,0.35648,9.86,4.88,0.0,651.0,0.0,0.0,1.0,0.76579,0.5686,1.77076,0.0,0.0,0
4801.0,4800.0,17.0,12.39,0.0,0.54898,0.01,61.21,14.38,1.0,1638.0,2.0,0.0,0.0,0.42587,0.35478,2.73317,1.0,0.0,1
4802.0,4801.0,308.0,132.88,15.0,0.03078,0.1492,63.48,13.54,0.0,534.0,0.0,0.0,1.0,2.07676,1.12388,2.67682,0.0,0.0,0
4803.0,4802.0,404.0,13.77,13.0,0.18118,0.07045,176.86,6.9,1.0,840.0,4.0,0.0,1.0,0.5173,0.41693,2.06711,0.0,0.0,0
4804.0,4803.0,230.0,51.15,15.0,0.31879,0.03,296.07,2.72,0.0,1266.0,1.0,0.0,0.0,0.63107,0.48924,1.31403,0.0,0.0,0
4805.0,4804.0,255.0,84.94,7.0,0.05858,0.01,235.82,25.03,0.0,1608.0,0.0,0.0,1.0,0.78732,0.58072,3.25933,0.0,0.0,0
4806.0,4805.0,121.0,37.17,9.0,0.39637,0.32883,209.58,1.21,0.0,1295.0,2.0,0.0,0.0,1.98648,1.0941,0.79438,0.0,0.0,0
4807.0,4806.0,206.0,26.44,10.0,0.19961,0.22256,29.91,289.48,0.0,1648.0,6.0,1.0,0.0,1.2306,0.80227,5.67152,0.0,0.0,1
4808.0,4807.0,310.0,30.47,22.0,0.24262,0.07158,153.29,18.92,0.0,516.0,2.0,0.0,1.0,0.70253,0.53212,2.99156,0.0,0.0,0
4809.0,4808.0,268.0,58.33,10.0,0.28214,0.03442,528.69,21.62,2.0,423.0,3.0,0.0,1.0,1.09776,0.74087,3.11879,0.0,0.0,0
4810.0,4809.0,349.0,209.43,20.0,0.43803,0.10511,2.49,29.53,0.0,2005.0,0.0,0.0,1.0,1.36664,0.86147,3.41864,0.0,1.0,0
4811.0,4810.0,37.0,8.65,15.0,0.18224,0.06856,91.59,4.94,0.0,1840.0,3.0,0.0,1.0,0.22238,0.2008,1.78237,0.0,0.0,0
4812.0,4811.0,188.0,364.05,3.0,0.15902,0.0223,2.31,3.15,0.0,909.0,2.0,0.0,1.0,2.49198,1.25047,1.42344,1.0,1.0,1
4813.0,4812.0,411.0,27.26,18.0,0.34894,0.25576,508.49,11.27,0.0,1445.0,1.0,0.0,0.0,0.30195,0.26386,2.50682,0.0,0.0,0
4814.0,4813.0,408.0,212.96,7.0,0.43567,0.18508,117.77,7.68,1.0,1713.0,2.0,0.0,1.0,3.35638,1.47164,2.16147,0.0,0.0,0
4815.0,4814.0,42.0,13.45,4.0,0.11227,0.04189,756.94,21.91,0.0,1866.0,3.0,0.0,1.0,0.8223,0.6001,3.1314,1.0,0.0,0
4816.0,4815.0,198.0,73.6,17.0,0.32349,0.1881,360.44,83.72,0.0,843.0,2.0,0.0,0.0,1.85596,1.04941,4.43938,0.0,0.0,0
4817.0,4816.0,8.0,56.49,8.0,0.38302,0.2579,115.91,77.88,0.0,1553.0,1.0,0.0,1.0,1.08164,0.73315,4.36789,0.0,0.0,0
4818.0,4817.0,102.0,110.28,16.0,0.5473,0.12261,98.25,12.24,1.0,471.0,3.0,0.0,0.0,3.12467,1.41699,2.5829,0.0,0.0,0
4819.0,4818.0,122.0,130.03,15.0,0.15541,0.37105,575.79,18.97,0.0,1135.0,2.0,0.0,1.0,8.81349,2.28376,2.99426,0.0,0.0,0
4820.0,4819.0,268.0,633.79,14.0,0.57655,0.03937,0.95,27.17,0.0,423.0,1.0,0.0,0.0,11.92703,2.55932,3.33814,0.0,1.0,1
4821.0,4820.0,301.0,46.61,7.0,0.40908,0.04611,134.51,6.04,0.0,485.0,2.0,0.0,1.0,1.7515,1.01215,1.95225,0.0,0.0,0
4822.0,4821.0,215.0,64.41,10.0,0.32985,0.21734,507.47,5.89,0.0,1529.0,1.0,0.0,0.0,1.57663,0.94648,1.92939,0.0,0.0,0
4823.0,4822.0,105.0,50.47,9.0,0.4654,0.57558,414.93,12.79,1.0,1540.0,2.0,0.0,0.0,0.29722,0.26022,2.62401,0.0,0.0,0
4824.0,4823.0,273.0,100.38,13.0,0.30095,0.08483,79.93,8.78,0.0,601.0,3.0,0.0,1.0,0.61947,0.4821,2.27997,0.0,0.0,0
4825.0,4824.0,167.0,29.42,9.0,0.06031,0.10502,3.65,6.9,0.0,1471.0,1.0,0.0,0.0,0.65819,0.50573,2.0666,0.0,1.0,0
4826.0,4825.0,332.0,160.35,7.0,0.18224,0.24298,710.66,688.48,0.0,1585.0,3.0,1.0,1.0,3.61657,1.52965,6.53594,0.0,0.0,0
4827.0,4826.0,310.0,12.22,16.0,0.35874,0.05699,232.22,4.17,1.0,516.0,4.0,0.0,1.0,0.28181,0.24827,1.64376,0.0,0.0,0
4828.0,4827.0,391.0,36.26,7.0,0.40065,0.10996,6.57,412.53,1.0,234.0,5.0,1.0,1.0,0.55046,0.43855,6.02474,0.0,1.0,0
4829.0,4828.0,339.0,24.92,19.0,0.19072,0.03616,883.28,7.81,0.0,1709.0,0.0,0.0,0.0,0.71062,0.53685,2.17583,0.0,0.0,0
4830.0,4829.0,86.0,58.69,13.0,0.18169,0.47509,603.05,25.55,0.0,1829.0,3.0,0.0,1.0,0.49775,0.40396,3.27906,0.0,0.0,0
4831.0,4830.0,349.0,1000.5,12.0,0.0463,0.127,402.74,60.06,0.0,2005.0,4.0,0.0,0.0,6.52888,2.01875,4.1119,0.0,0.0,0
4832.0,4831.0,345.0,23.35,12.0,0.32845,0.02834,148.56,15.34,0.0,1962.0,1.0,0.0,1.0,0.68858,0.52389,2.79383,0.0,0.0,0
4833.0,4832.0,373.0,47.56,14.0,0.02722,0.09921,89.48,4.84,0.0,907.0,3.0,0.0,1.0,0.44773,0.37,1.76478,0.0,0.0,0
4834.0,4833.0,84.0,29.13,19.0,0.64903,0.03279,517.22,7.16,0.0,2178.0,4.0,0.0,1.0,0.67643,0.51667,2.09913,0.0,0.0,0
4835.0,4834.0,370.0,21.07,19.0,0.27426,0.14359,411.29,2.64,0.0,49.0,4.0,0.0,1.0,0.85013,0.61526,1.29267,0.0,0.0,0
4836.0,4835.0,298.0,90.46,14.0,0.38563,0.17444,238.8,31.88,1.0,1486.0,2.0,0.0,1.0,3.7707,1.56249,3.49289,0.0,0.0,1
4837.0,4836.0,409.0,137.5,18.0,0.09447,0.10832,187.2,1.69,1.0,1009.0,3.0,0.0,0.0,3.39469,1.4804,0.98803,0.0,0.0,0
4838.0,4837.0,211.0,799.13,7.0,0.42819,0.34444,148.43,10.22,2.0,883.0,0.0,0.0,1.0,5.68286,1.89955,2.41727,0.0,0.0,0
4839.0,4838.0,78.0,65.32,19.0,0.36906,0.15345,809.84,3.1,1.0,1375.0,3.0,0.0,0.0,1.13316,0.75761,1.41211,0.0,0.0,0
4840.0,4839.0,170.0,20.18,10.0,0.47309,0.35553,673.62,187.45,1.0,1043.0,7.0,1.0,1.0,0.7677,0.56968,5.23882,0.0,0.0,0
4841.0,4840.0,403.0,307.3,15.0,0.17981,0.30697,221.99,2.06,0.0,65.0,0.0,0.0,0.0,2.91287,1.36427,1.11906,0.0,0.0,0
4842.0,4841.0,238.0,32.62,6.0,0.44041,0.36824,437.95,15.33,2.0,1643.0,2.0,0.0,1.0,1.29208,0.82946,2.79299,0.0,0.0,0
4843.0,4842.0,285.0,72.88,19.0,0.18321,0.01,446.74,5.88,0.0,1446.0,2.0,0.0,1.0,0.95242,0.66907,1.92917,0.0,0.0,0
4844.0,4843.0,149.0,43.63,4.0,0.24249,0.32536,6.0,19.58,2.0,651.0,2.0,0.0,0.0,0.67628,0.51658,3.0244,1.0,1.0,1
4845.0,4844.0,235.0,74.03,14.0,0.67851,0.10462,99.71,13.93,0.0,1659.0,3.0,0.0,1.0,1.93943,1.07822,2.70343,0.0,0.0,0
4846.0,4845.0,235.0,53.79,20.0,0.0507,0.18427,378.96,12.97,1.0,1659.0,2.0,0.0,0.0,1.40908,0.87925,2.63685,0.0,0.0,1
4847.0,4846.0,66.0,94.94,19.0,0.09521,0.0869,385.26,5.89,0.0,99.0,2.0,0.0,1.0,1.12698,0.7547,1.92967,0.0,0.0,0
4848.0,4847.0,410.0,84.05,3.0,0.17984,0.32359,486.86,4.81,0.0,2004.0,4.0,0.0,1.0,0.7244,0.54488,1.75963,1.0,0.0,0
4849.0,4848.0,193.0,44.93,10.0,0.06435,0.08994,90.71,11.94,0.0,137.0,3.0,0.0,0.0,5.61621,1.88952,2.56036,0.0,0.0,0
4850.0,4849.0,368.0,241.04,9.0,0.37139,0.01,185.77,17.78,0.0,578.0,4.0,0.0,1.0,4.95236,1.78379,2.93276,0.0,0.0,0
4851.0,4850.0,81.0,48.45,10.0,0.55107,0.11742,244.02,27.51,3.0,1575.0,2.0,0.0,1.0,0.65293,0.50255,3.35034,0.0,0.0,0
4852.0,4851.0,315.0,19.17,17.0,0.11699,0.21739,321.95,66.62,0.0,1127.0,2.0,0.0,1.0,0.74687,0.55783,4.21388,0.0,0.0,0
4853.0,4852.0,368.0,146.0,11.0,0.46241,0.08256,276.82,4.52,2.0,578.0,4.0,0.0,0.0,2.99973,1.38623,1.70867,0.0,0.0,0
4854.0,4853.0,187.0,14.59,4.0,0.26658,0.13314,457.29,5.9,0.0,960.0,3.0,0.0,1.0,0.20752,0.18857,1.93198,1.0,0.0,0
4855.0,4854.0,241.0,36.62,2.0,0.15981,0.25833,203.76,13.41,0.0,424.0,0.0,0.0,0.0,0.55046,0.43855,2.66789,1.0,0.0,0
4856.0,4855.0,406.0,236.78,11.0,0.05664,0.10812,497.21,4.61,0.0,2103.0,2.0,0.0,0.0,5.32462,1.84445,1.72495,0.0,0.0,0
4857.0,4856.0,61.0,28.62,13.0,0.58606,0.12596,564.13,5.33,1.0,1496.0,3.0,0.0,1.0,0.56473,0.44771,1.84476,0.0,0.0,0
4858.0,4857.0,166.0,64.45,21.0,0.07298,0.02324,289.99,77.01,1.0,414.0,2.0,0.0,1.0,0.43957,0.36435,4.35683,0.0,0.0,0
4859.0,4858.0,319.0,148.74,7.0,0.29044,0.14253,290.38,19.42,1.0,1189.0,1.0,0.0,1.0,2.36093,1.21222,3.01646,0.0,0.0,0
4860.0,4859.0,56.0,11.97,6.0,0.21501,0.10488,163.42,14.74,0.0,1084.0,2.0,0.0,0.0,0.38133,0.32305,2.75631,0.0,0.0,0
4861.0,4860.0,249.0,55.16,14.0,0.05142,0.36168,38.62,6.29,0.0,1409.0,2.0,0.0,1.0,1.34283,0.85136,1.98641,0.0,0.0,0
4862.0,4861.0,251.0,35.92,7.0,0.37046,0.01,103.35,14.82,0.0,1493.0,0.0,0.0,0.0,0.60967,0.47603,2.76125,0.0,0.0,0
4863.0,4862.0,68.0,70.7,2.0,0.21951,0.11463,66.28,55.66,0.0,475.0,6.0,1.0,1.0,0.66132,0.50761,4.03711,1.0,0.0,0
4864.0,4863.0,164.0,56.96,5.0,0.16537,0.26431,40.55,7.47,0.0,2001.0,3.0,0.0,1.0,0.2949,0.25844,2.1364,1.0,0.0,0
4865.0,4864.0,294.0,68.73,8.0,0.13295,0.2341,11.19,19.68,1.0,1821.0,2.0,0.0,1.0,0.93384,0.65951,3.02933,0.0,0.0,0
4866.0,4865.0,186.0,49.68,15.0,0.17065,0.50072,737.03,27.37,0.0,1076.0,0.0,0.0,0.0,1.756,1.01378,3.34522,0.0,0.0,0
4867.0,4866.0,304.0,63.15,9.0,0.12055,0.072,553.19,23.11,0.0,1312.0,1.0,0.0,1.0,1.22781,0.80102,3.18247,0.0,0.0,0
4868.0,4867.0,148.0,437.83,12.0,0.55732,0.41306,729.23,6.92,0.0,1988.0,0.0,0.0,0.0,14.18812,2.72051,2.06876,0.0,0.0,1
4869.0,4868.0,263.0,124.55,13.0,0.06383,0.18389,418.04,9.17,1.0,975.0,1.0,0.0,0.0,3.07871,1.40578,2.31942,0.0,0.0,0
4870.0,4869.0,373.0,201.94,6.0,0.1325,0.1048,1.79,12.1,1.0,907.0,1.0,0.0,0.0,1.90109,1.06509,2.57297,0.0,1.0,0
4871.0,4870.0,194.0,4.29,17.0,0.20849,0.09411,741.85,45.4,2.0,1488.0,2.0,1.0,1.0,0.27969,0.24662,3.83723,0.0,0.0,0
4872.0,4871.0,63.0,239.08,13.0,0.1521,0.20389,269.63,4.76,0.0,636.0,1.0,0.0,0.0,2.11251,1.13543,1.75007,0.0,0.0,0
4873.0,4872.0,198.0,21.35,14.0,0.34632,0.09957,855.36,12.29,1.0,843.0,4.0,0.0,0.0,0.53844,0.43077,2.58724,0.0,0.0,0
4874.0,4873.0,13.0,96.49,3.0,0.46836,0.26037,460.22,476.87,1.0,1331.0,5.0,1.0,1.0,1.3407,0.85045,6.16935,1.0,0.0,0
4875.0,4874.0,410.0,148.6,3.0,0.13719,0.01864,2.32,351.18,2.0,2004.0,4.0,1.0,1.0,1.28076,0.82451,5.86414,1.0,1.0,1
4876.0,4875.0,202.0,90.12,9.0,0.09445,0.27742,221.83,2.45,1.0,1329.0,0.0,0.0,0.0,1.072,0.72851,1.23827,0.0,0.0,0
4877.0,4876.0,117.0,71.81,1.0,0.34973,0.16879,420.81,2.26,1.0,987.0,3.0,0.0,0.0,2.12254,1.13865,1.18166,1.0,0.0,0
4878.0,4877.0,138.0,27.61,16.0,0.36027,0.30225,229.88,11.62,1.0,1772.0,3.0,0.0,1.0,0.59663,0.46789,2.53559,0.0,0.0,0
4879.0,4878.0,318.0,388.85,16.0,0.17617,0.04937,113.22,92.5,0.0,866.0,4.0,1.0,0.0,4.68744,1.73826,4.53801,0.0,0.0,0
4880.0,4879.0,249.0,24.01,11.0,0.26262,0.0459,2.98,46.22,1.0,1409.0,2.0,0.0,0.0,0.58457,0.46031,3.85479,0.0,1.0,0
4881.0,4880.0,198.0,84.17,11.0,0.20154,0.25032,733.22,4.29,1.0,843.0,0.0,0.0,0.0,2.12254,1.13865,1.66627,0.0,0.0,0
4882.0,4881.0,83.0,320.18,18.0,0.2751,0.08789,105.71,18.26,0.0,1023.0,2.0,0.0,1.0,5.7,1.90211,2.95802,0.0,0.0,0
4883.0,4882.0,91.0,185.7,18.0,0.48306,0.06987,377.18,14.49,0.0,258.0,2.0,0.0,1.0,4.80621,1.75893,2.7401,0.0,0.0,0
4884.0,4883.0,43.0,63.33,11.0,0.15022,0.19368,187.03,42.41,0.0,637.0,1.0,0.0,0.0,0.92329,0.65404,3.77076,0.0,0.0,0
4885.0,4884.0,284.0,64.55,11.0,0.04745,0.1104,412.18,15.47,0.0,427.0,2.0,0.0,1.0,2.24363,1.17669,2.80129,0.0,0.0,0
4886.0,4885.0,284.0,25.09,12.0,0.02533,0.07738,365.46,35.98,1.0,427.0,0.0,1.0,0.0,0.87201,0.62702,3.61047,0.0,0.0,0
4887.0,4886.0,370.0,23.41,13.0,0.0631,0.15549,265.17,14.94,0.0,49.0,1.0,0.0,1.0,0.9442,0.66485,2.76897,0.0,0.0,0
4888.0,4887.0,308.0,111.8,9.0,0.35967,0.29438,60.02,15.54,2.0,534.0,1.0,0.0,0.0,1.74729,1.01062,2.80552,0.0,0.0,0
4889.0,4888.0,349.0,198.73,12.0,0.06718,0.12972,403.9,5.12,3.0,2005.0,0.0,0.0,1.0,1.29684,0.83153,1.81101,0.0,0.0,0
4890.0,4889.0,199.0,49.8,10.0,0.0341,0.09033,41.01,4.69,1.0,957.0,3.0,1.0,1.0,0.78238,0.57795,1.73947,0.0,0.0,0
4891.0,4890.0,221.0,243.36,9.0,0.34986,0.21767,340.8,78.18,0.0,110.0,1.0,0.0,1.0,3.30327,1.45938,4.37176,0.0,0.0,0
4892.0,4891.0,204.0,16.15,12.0,0.25273,0.30298,665.06,3.43,0.0,2066.0,1.0,0.0,0.0,0.28885,0.25375,1.48797,0.0,0.0,0
4893.0,4892.0,357.0,12.28,5.0,0.57118,0.16782,528.22,27.15,0.0,566.0,3.0,0.0,1.0,0.24597,0.21992,3.33739,1.0,0.0,0
4894.0,4893.0,97.0,81.88,17.0,0.21298,0.10905,426.26,11.42,0.0,114.0,2.0,0.0,0.0,0.98918,0.68772,2.5196,0.0,0.0,0
4895.0,4894.0,406.0,325.39,12.0,0.08487,0.03897,101.78,35.97,0.0,2103.0,0.0,0.0,1.0,7.31722,2.11833,3.61017,0.0,0.0,0
4896.0,4895.0,283.0,41.26,6.0,0.03401,0.14962,21.59,6.3,0.0,69.0,0.0,0.0,0.0,0.91741,0.65097,1.98746,0.0,0.0,0
4897.0,4896.0,73.0,51.56,13.0,0.30955,0.06838,213.65,14.75,0.0,1339.0,3.0,0.0,0.0,0.91536,0.6499,2.75668,0.0,0.0,0
4898.0,4897.0,183.0,53.28,17.0,0.2447,0.33347,78.48,5.41,0.0,474.0,2.0,0.0,1.0,0.63918,0.4942,1.85759,0.0,0.0,0
4899.0,4898.0,326.0,95.58,11.0,0.03814,0.22138,160.04,92.94,0.0,1283.0,2.0,0.0,1.0,3.05519,1.4,4.54264,0.0,0.0,0
4900.0,4899.0,151.0,29.79,9.0,0.16489,0.20186,227.41,14.43,0.0,1198.0,3.0,0.0,0.0,0.44585,0.3687,2.73604,0.0,0.0,1
4901.0,4900.0,333.0,77.76,8.0,0.08375,0.13613,60.24,9.96,1.0,489.0,3.0,0.0,1.0,1.02839,0.70724,2.39421,0.0,0.0,0
4902.0,4901.0,262.0,338.62,10.0,0.38973,0.19432,39.37,21.25,2.0,681.0,2.0,0.0,0.0,1.26424,0.81724,3.10245,0.0,0.0,0
4903.0,4902.0,33.0,1173.74,14.0,0.53718,0.12626,333.28,11.41,1.0,1939.0,1.0,0.0,1.0,6.87902,2.0642,2.51874,0.0,0.0,0
4904.0,4903.0,289.0,14.69,20.0,0.13565,0.27364,686.61,160.22,1.0,785.0,1.0,0.0,1.0,0.27535,0.24322,5.08275,0.0,0.0,0
4905.0,4904.0,100.0,26.09,17.0,0.38821,0.0109,182.75,7.26,0.0,1929.0,3.0,0.0,0.0,0.80588,0.59105,2.11146,0.0,0.0,0
4906.0,4905.0,87.0,143.1,19.0,0.09755,0.07163,197.16,9.89,0.0,1015.0,0.0,0.0,0.0,1.25007,0.81096,2.38756,0.0,0.0,0
4907.0,4906.0,390.0,41.02,12.0,0.27963,0.06047,92.17,19.8,1.0,184.0,1.0,0.0,0.0,0.5877,0.46229,3.03477,0.0,0.0,0
4908.0,4907.0,324.0,8.91,14.0,0.42979,0.0758,125.84,25.83,0.0,1098.0,1.0,0.0,0.0,0.23648,0.21227,3.28942,0.0,0.0,0
4909.0,4908.0,346.0,160.4,8.0,0.34488,0.29313,276.12,121.94,0.0,2186.0,5.0,1.0,1.0,1.13638,0.75911,4.81172,0.0,0.0,0
4910.0,4909.0,285.0,43.57,8.0,0.20518,0.13903,887.08,121.24,0.0,1446.0,3.0,1.0,0.0,0.56936,0.45067,4.80599,0.0,0.0,0
4911.0,4910.0,28.0,63.09,14.0,0.07917,0.04335,143.74,177.23,0.0,826.0,2.0,1.0,0.0,1.27892,0.8237,5.18309,0.0,0.0,0
4912.0,4911.0,323.0,276.72,19.0,0.37229,0.0795,118.58,8.42,1.0,1520.0,6.0,0.0,0.0,6.70225,2.04151,2.24284,0.0,0.0,1
4913.0,4912.0,326.0,46.4,16.0,0.49209,0.49458,0.29,38.05,1.0,1283.0,5.0,0.0,1.0,1.4832,0.90955,3.66474,0.0,1.0,1
4914.0,4913.0,196.0,164.06,6.0,0.34313,0.18582,167.72,5.42,0.0,1865.0,4.0,0.0,1.0,4.42339,1.69072,1.85961,0.0,0.0,0
4915.0,4914.0,293.0,30.1,15.0,0.34043,0.10013,316.2,1.34,1.0,1213.0,2.0,0.0,0.0,1.05814,0.7218,0.85085,0.0,0.0,0
4916.0,4915.0,192.0,12.41,15.0,0.16034,0.22988,485.33,604.76,0.0,408.0,2.0,1.0,0.0,0.43596,0.36183,6.40649,0.0,0.0,1
4917.0,4916.0,87.0,95.09,18.0,0.3196,0.10946,230.66,18.01,0.0,1015.0,1.0,0.0,0.0,0.83068,0.60469,2.9449,0.0,0.0,0
4918.0,4917.0,416.0,57.0,13.0,0.41863,0.19373,67.94,30.37,0.0,737.0,3.0,0.0,0.0,0.38077,0.32264,3.44594,0.0,0.0,0
4919.0,4918.0,100.0,251.1,10.0,0.08604,0.3416,231.73,6.54,0.0,1929.0,1.0,0.0,0.0,7.75473,2.16959,2.02003,0.0,0.0,0
4920.0,4919.0,99.0,26.62,12.0,0.11982,0.232,322.16,20.31,1.0,1555.0,2.0,0.0,1.0,0.78036,0.57682,3.05901,0.0,0.0,0
4921.0,4920.0,222.0,116.32,16.0,0.08755,0.08254,6.45,7.47,0.0,741.0,0.0,0.0,1.0,1.28079,0.82452,2.13708,0.0,1.0,0
4922.0,4921.0,294.0,22.54,11.0,0.17832,0.27867,12.87,33.54,1.0,1821.0,3.0,0.0,1.0,0.30623,0.26714,3.54222,0.0,0.0,0
4923.0,4922.0,277.0,37.63,11.0,0.11778,0.35638,6.44,6.57,2.0,198.0,1.0,0.0,1.0,0.95949,0.67269,2.02359,0.0,1.0,1
4924.0,4923.0,15.0,147.96,17.0,0.19839,0.25686,208.88,19.55,1.0,2047.0,0.0,0.0,0.0,1.4582,0.89943,3.02304,0.0,0.0,0
4925.0,4924.0,339.0,25.29,13.0,0.05337,0.0495,231.4,7.77,2.0,1709.0,3.0,0.0,1.0,0.72123,0.54304,2.17085,0.0,0.0,0
4926.0,4925.0,146.0,268.61,15.0,0.06895,0.07865,582.09,16.25,0.0,771.0,0.0,0.0,0.0,4.504,1.70548,2.84762,0.0,0.0,0
4927.0,4926.0,159.0,38.89,4.0,0.14051,0.08703,381.79,5.21,1.0,1564.0,1.0,0.0,0.0,1.00142,0.69386,1.8262,1.0,0.0,0
4928.0,4927.0,205.0,218.9,1.0,0.21411,0.15728,3.71,75.47,2.0,1879.0,2.0,1.0,1.0,1.6924,0.99043,4.33686,1.0,1.0,0
4929.0,4928.0,158.0,14.55,5.0,0.08419,0.1535,399.12,8.65,0.0,1685.0,1.0,0.0,0.0,0.42422,0.35362,2.26677,1.0,0.0,0
4930.0,4929.0,34.0,55.48,8.0,0.2306,0.13159,328.5,22.47,0.0,400.0,1.0,0.0,0.0,0.6604,0.50706,3.15556,0.0,0.0,0
4931.0,4930.0,165.0,126.63,8.0,0.19485,0.05383,343.54,13.65,0.0,1180.0,1.0,0.0,1.0,1.94019,1.07848,2.68417,0.0,0.0,0
4932.0,4931.0,258.0,46.23,14.0,0.24388,0.01,5.96,823.18,0.0,1488.0,1.0,1.0,1.0,0.96095,0.67343,6.71439,0.0,1.0,0
4933.0,4932.0,184.0,390.91,14.0,0.20183,0.1298,673.88,14.85,0.0,1630.0,1.0,0.0,0.0,1.65692,0.97717,2.76323,0.0,0.0,0
4934.0,4933.0,385.0,118.54,14.0,0.70637,0.07969,0.98,41.93,2.0,915.0,0.0,1.0,0.0,2.47084,1.2444,3.75963,0.0,1.0,1
4935.0,4934.0,51.0,177.03,4.0,0.24056,0.30092,68.86,6.41,0.0,876.0,3.0,0.0,1.0,2.97714,1.38056,2.00295,1.0,0.0,0
4936.0,4935.0,140.0,44.21,15.0,0.19103,0.15377,646.19,10.68,0.0,720.0,0.0,0.0,1.0,0.34504,0.29642,2.45788,0.0,0.0,0
4937.0,4936.0,249.0,36.02,11.0,0.24572,0.25393,4.01,7.49,1.0,1409.0,3.0,0.0,0.0,0.87689,0.62962,2.13864,0.0,1.0,0
4938.0,4937.0,290.0,21.55,3.0,0.10209,0.14508,146.8,16.99,0.0,1510.0,1.0,0.0,1.0,0.48526,0.39559,2.88955,1.0,0.0,0
4939.0,4938.0,170.0,25.67,7.0,0.45351,0.01868,673.25,206.9,0.0,1043.0,3.0,1.0,1.0,0.97688,0.68152,5.33706,0.0,0.0,0
4940.0,4939.0,272.0,15.32,16.0,0.23242,0.1794,5.21,25.5,0.0,922.0,2.0,0.0,1.0,0.31983,0.2775,3.27725,0.0,1.0,0
4941.0,4940.0,309.0,12.9,12.0,0.29503,0.04453,900.84,22.6,0.0,1963.0,3.0,0.0,0.0,0.52458,0.42172,3.16135,0.0,0.0,0
4942.0,4941.0,271.0,292.04,5.0,0.36437,0.09539,67.02,39.54,3.0,1626.0,3.0,0.0,0.0,2.33769,1.20528,3.70222,1.0,0.0,0
4943.0,4942.0,357.0,49.92,4.0,0.33205,0.07915,209.97,8.41,0.0,566.0,5.0,0.0,0.0,0.99966,0.69298,2.24178,1.0,0.0,0
4944.0,4943.0,227.0,72.57,20.0,0.02423,0.0277,668.62,6.37,0.0,640.0,1.0,0.0,1.0,0.52596,0.42263,1.99772,0.0,0.0,0
4945.0,4944.0,88.0,70.91,6.0,0.23212,0.29706,40.7,17.29,0.0,982.0,2.0,0.0,1.0,0.69414,0.52718,2.90642,0.0,0.0,0
4946.0,4945.0,387.0,20.32,13.0,0.0134,0.06302,448.23,12.63,0.0,638.0,0.0,0.0,1.0,0.64609,0.4984,2.61242,0.0,0.0,0
4947.0,4946.0,246.0,41.82,12.0,0.25059,0.17054,3.47,7.08,1.0,1513.0,2.0,0.0,0.0,0.79474,0.58486,2.08916,0.0,1.0,0
4948.0,4947.0,362.0,197.69,7.0,0.64654,0.05293,289.51,2.58,2.0,1375.0,3.0,0.0,1.0,3.30177,1.45903,1.2755,0.0,0.0,0
4949.0,4948.0,355.0,57.71,14.0,0.25741,0.22799,179.83,5.57,0.0,210.0,5.0,0.0,1.0,0.73712,0.55223,1.88268,0.0,0.0,0
4950.0,4949.0,135.0,46.12,10.0,0.12344,0.0199,31.4,7.99,0.0,1091.0,1.0,0.0,0.0,1.20267,0.78967,2.19593,0.0,0.0,0
4951.0,4950.0,80.0,72.0,14.0,0.37201,0.07418,410.13,0.47,1.0,301.0,3.0,0.0,1.0,2.25104,1.17898,0.3861,0.0,0.0,0
4952.0,4951.0,46.0,12.92,19.0,0.05033,0.34119,116.32,30.32,1.0,281.0,2.0,0.0,0.0,0.41745,0.34886,3.44425,0.0,0.0,0
4953.0,4952.0,27.0,36.32,13.0,0.28942,0.02478,153.46,9.64,1.0,1949.0,1.0,0.0,1.0,0.63346,0.4907,2.36464,0.0,0.0,0
4954.0,4953.0,28.0,73.72,16.0,0.03342,0.02162,277.25,21.31,0.0,826.0,1.0,0.0,0.0,1.49443,0.91406,3.10488,0.0,0.0,0
4955.0,4954.0,76.0,45.23,16.0,0.47079,0.36277,112.52,39.75,0.0,1322.0,3.0,1.0,0.0,0.9906,0.68844,3.70754,0.0,0.0,0
4956.0,4955.0,1.0,146.83,14.0,0.06183,0.11134,152.78,14.52,0.0,1129.0,1.0,0.0,1.0,2.27619,1.18668,2.74182,0.0,0.0,0
4957.0,4956.0,360.0,12.23,11.0,0.15835,0.14297,5.31,111.15,0.0,2194.0,3.0,1.0,1.0,0.65132,0.50158,4.7198,0.0,1.0,0
4958.0,4957.0,7.0,106.54,14.0,0.16959,0.35614,373.33,113.86,0.0,1086.0,1.0,0.0,1.0,2.46181,1.24179,4.74369,0.0,0.0,0
4959.0,4958.0,132.0,30.36,12.0,0.29118,0.20441,611.05,2.58,1.0,1676.0,0.0,0.0,1.0,0.5153,0.41561,1.27399,0.0,0.0,0
4960.0,4959.0,43.0,38.9,19.0,0.46005,0.12035,61.83,12.35,0.0,637.0,3.0,0.0,0.0,0.56713,0.44925,2.59133,0.0,0.0,0
4961.0,4960.0,111.0,37.48,18.0,0.06146,0.30021,452.99,78.07,0.0,1109.0,2.0,0.0,1.0,1.44996,0.89607,4.3703,0.0,0.0,0
4962.0,4961.0,97.0,75.61,9.0,0.37713,0.12057,319.14,4.29,1.0,114.0,2.0,0.0,0.0,0.91335,0.64886,1.66665,0.0,0.0,1
4963.0,4962.0,189.0,52.91,9.0,0.04785,0.41062,35.83,5.84,0.0,575.0,2.0,0.0,1.0,1.39667,0.87408,1.92222,0.0,0.0,0
4964.0,4963.0,118.0,18.89,13.0,0.24384,0.01486,178.82,2.91,0.0,73.0,2.0,0.0,0.0,0.22386,0.20201,1.36361,0.0,0.0,0
4965.0,4964.0,38.0,54.18,14.0,0.21438,0.10475,943.15,27.89,1.0,311.0,2.0,0.0,0.0,1.36917,0.86254,3.36349,0.0,0.0,1
4966.0,4965.0,364.0,19.6,6.0,0.23987,0.06825,192.73,1.94,2.0,1357.0,2.0,0.0,1.0,1.34057,0.8504,1.07833,0.0,0.0,0
4967.0,4966.0,279.0,15.29,2.0,0.15846,0.03919,259.67,25.85,0.0,2113.0,1.0,0.0,1.0,0.24917,0.22248,3.29039,1.0,0.0,0
4968.0,4967.0,287.0,305.14,14.0,0.172,0.25433,130.29,547.47,0.0,261.0,2.0,1.0,1.0,2.54507,1.26556,6.30713,0.0,0.0,0
4969.0,4968.0,67.0,11.24,5.0,0.03951,0.32136,410.43,44.85,1.0,1146.0,1.0,0.0,1.0,0.83831,0.60885,3.82543,1.0,0.0,0
4970.0,4969.0,187.0,148.86,20.0,0.42875,0.21163,184.79,10.65,0.0,960.0,1.0,0.0,0.0,2.11673,1.13678,2.45549,0.0,0.0,0
4971.0,4970.0,313.0,8.22,11.0,0.16649,0.0219,301.32,19.75,0.0,229.0,1.0,0.0,1.0,0.34657,0.29756,3.03253,0.0,0.0,0
4972.0,4971.0,255.0,56.01,9.0,0.21804,0.21263,829.23,23.55,1.0,1608.0,4.0,0.0,0.0,0.51916,0.41816,3.20081,0.0,0.0,1
4973.0,4972.0,207.0,47.8,6.0,0.58696,0.26481,102.91,115.0,2.0,304.0,4.0,1.0,1.0,0.98012,0.68316,4.75361,0.0,0.0,1
4974.0,4973.0,216.0,27.12,12.0,0.39494,0.21401,408.06,2.54,1.0,1685.0,4.0,0.0,1.0,0.40032,0.3367,1.26526,0.0,0.0,0
4975.0,4974.0,413.0,39.25,20.0,0.03861,0.04222,698.26,18.42,0.0,1692.0,2.0,0.0,0.0,0.32197,0.27912,2.96617,0.0,0.0,0
4976.0,4975.0,14.0,303.97,18.0,0.409,0.13319,510.29,3.57,0.0,274.0,0.0,0.0,0.0,3.13167,1.41868,1.51909,0.0,0.0,1
4977.0,4976.0,243.0,48.96,14.0,0.18514,0.46346,546.05,83.52,0.0,1841.0,2.0,0.0,1.0,0.68213,0.52006,4.43705,0.0,0.0,0
4978.0,4977.0,135.0,412.98,14.0,0.41466,0.20474,73.71,7.3,3.0,1091.0,6.0,0.0,1.0,10.76886,2.46546,2.11668,0.0,0.0,0
4979.0,4978.0,83.0,39.09,13.0,0.20654,0.03898,94.98,11.61,1.0,1023.0,0.0,0.0,0.0,0.69581,0.52816,2.53474,0.0,0.0,0
4980.0,4979.0,214.0,61.49,14.0,0.15032,0.12961,92.29,173.76,0.0,376.0,3.0,0.0,1.0,0.75228,0.56092,5.16343,0.0,0.0,0
4981.0,4980.0,328.0,28.98,13.0,0.37614,0.16264,18.31,4.8,0.0,884.0,0.0,0.0,0.0,0.43918,0.36407,1.75782,0.0,0.0,0
4982.0,4981.0,277.0,93.41,14.0,0.44846,0.32652,273.82,21.68,1.0,198.0,5.0,0.0,1.0,2.38168,1.21837,3.12157,0.0,0.0,1
4983.0,4982.0,156.0,29.28,16.0,0.27065,0.09759,338.15,5.0,0.0,1986.0,2.0,0.0,1.0,0.5396,0.43152,1.79177,0.0,0.0,0
4984.0,4983.0,290.0,48.98,15.0,0.02042,0.43121,350.78,34.94,0.0,1510.0,0.0,0.0,1.0,1.10309,0.74341,3.58181,0.0,0.0,0
4985.0,4984.0,91.0,50.32,16.0,0.06303,0.22565,3.95,1.92,1.0,258.0,1.0,0.0,0.0,1.30228,0.8339,1.07042,0.0,1.0,0
4986.0,4985.0,410.0,145.81,13.0,0.2193,0.18275,546.7,4.28,0.0,2004.0,1.0,0.0,0.0,1.25669,0.8139,1.6641,0.0,0.0,0
4987.0,4986.0,227.0,45.41,9.0,0.28836,0.27832,295.27,13.82,2.0,640.0,3.0,0.0,1.0,0.32913,0.28453,2.6963,0.0,0.0,0
4988.0,4987.0,89.0,56.63,14.0,0.05012,0.19716,376.48,13.74,0.0,1378.0,3.0,0.0,0.0,0.75435,0.5621,2.69049,0.0,0.0,0
4989.0,4988.0,273.0,1633.84,14.0,0.38801,0.22695,236.92,11.97,2.0,601.0,3.0,0.0,1.0,10.08318,2.40543,2.56289,0.0,0.0,0
4990.0,4989.0,55.0,50.82,17.0,0.53949,0.17202,605.01,14.56,1.0,1157.0,2.0,0.0,0.0,0.67089,0.51336,2.74449,0.0,0.0,0
4991.0,4990.0,176.0,377.51,17.0,0.29524,0.24836,73.25,22.16,1.0,1175.0,1.0,0.0,0.0,7.13016,2.09558,3.14245,0.0,0.0,1
4992.0,4991.0,365.0,55.28,11.0,0.16831,0.18401,838.71,6.55,1.0,60.0,1.0,0.0,0.0,0.55852,0.44374,2.02145,0.0,0.0,0
4993.0,4992.0,68.0,208.93,22.0,0.48733,0.20872,107.11,51.73,0.0,475.0,1.0,0.0,1.0,1.95429,1.08326,3.96528,0.0,0.0,0
4994.0,4993.0,250.0,96.31,13.0,0.17079,0.059,221.46,24.2,0.0,1017.0,0.0,0.0,1.0,1.74037,1.00809,3.22699,0.0,0.0,0
4995.0,4994.0,305.0,59.24,18.0,0.2471,0.02683,316.64,270.96,0.0,1231.0,3.0,1.0,1.0,3.10793,1.41292,5.60564,0.0,0.0,1
4996.0,4995.0,19.0,78.35,20.0,0.14381,0.33847,444.79,513.25,0.0,1732.0,4.0,1.0,0.0,0.71919,0.54185,6.2427,0.0,0.0,0
4997.0,4996.0,133.0,111.01,10.0,0.24789,0.06484,707.84,146.09,1.0,1183.0,3.0,0.0,0.0,2.08966,1.12806,4.99106,0.0,0.0,0
4998.0,4997.0,142.0,99.03,10.0,0.48906,0.48655,767.04,3.9,1.0,1675.0,3.0,0.0,0.0,0.67111,0.51349,1.58841,0.0,0.0,0
4999.0,4998.0,85.0,15.56,15.0,0.39485,0.14483,695.3,19.14,0.0,1815.0,0.0,0.0,0.0,0.6503,0.50096,3.00292,0.0,0.0,0
5000.0,4999.0,399.0,76.78,18.0,0.56046,0.03114,250.26,51.67,3.0,326.0,2.0,0.0,0.0,2.09917,1.13113,3.96395,0.0,0.0,0
